{
    "files": [
        {
            "actual_fn": "infected.zip", 
            "filename": "\"infected.zip\"", 
            "content-type": "application/x-zip-compressed", 
            "size": 37674
        }
    ], 
    "records": [], 
    "_meta": {
        "tracking_code": "AUSCERT#20162496a", 
        "dates": {
            "report": {
                "yearly": "2016", 
                "hourly": "2016-06-29-09", 
                "monthly": "2016-06", 
                "daily": "2016-06-29", 
                "epoch": 1467163101.0, 
                "iso": "2016-06-29T09:18:21"
            }, 
            "creating": {
                "yearly": "2016", 
                "hourly": "2016-10-30-15", 
                "monthly": "2016-10", 
                "daily": "2016-10-30", 
                "epoch": 1477813722.0, 
                "iso": "2016-10-30T15:48:42.718637"
            }
        }, 
        "ids": {
            "origin_type_id": "auscert_ioc_sample", 
            "process_id": "82b029c3-16da-4bd5-8ee7-52fddedb6def", 
            "saving_dir_id": "auscert_ioc_sample/2016-10-30/82b029c3-16da-4bd5-8ee7-52fddedb6def", 
            "rule_id": "xxxxxxxxrule_id"
        }
    }, 
    "enrich": {
        "origin_type_id": "auscert_ioc_sample", 
        "origin_organization": {
            "brief_name": "AusCERT", 
            "category": "CERTS", 
            "name": "AusCERT"
        }, 
        "secret_level": "open", 
        "intelligence_type": {
            "category": "ioc", 
            "future_fields": {
                "url": [], 
                "ip": [], 
                "hash": [
                    "malware_md5", 
                    "malware_sha1", 
                    "malware_sha256"
                ]
            }, 
            "subcategory": "malware"
        }
    }, 
    "data_storage": {
        "saving_dir_id": "auscert_ioc_sample/2016-10-30/82b029c3-16da-4bd5-8ee7-52fddedb6def", 
        "disk_saving_strategy": "BaseDir|OriginTypeId|YYMMDD|ProcessId|Data", 
        "storage_used": 3, 
        "month_reserved": 3
    }, 
    "report_futures": {
        "url": [], 
        "ip": [], 
        "hash": [
            {
                "values": [], 
                "name": "malware_md5"
            }, 
            {
                "values": [], 
                "name": "malware_sha1"
            }, 
            {
                "values": [], 
                "name": "malware_sha256"
            }
        ]
    }
}