{
    "files": [
        {
            "actual_fn": "infected.zip", 
            "filename": "\"infected.zip\"", 
            "content-type": "application/x-zip-compressed", 
            "size": 10179
        }
    ], 
    "records": [
        {
            "malware_vt_report": "https://www.virustotal.com/file/f4641b11e5e7ba98ee18f59a52f3247b8078ef172d7c7191d70fac157acace07/analysis/1474924183", 
            "malware_sha256": "f4641b11e5e7ba98ee18f59a52f3247b8078ef172d7c7191d70fac157acace07", 
            "malware_md5": "b4d4b2efc902f8ccff9765f57a2d141a", 
            "malware_size": "10480 bytes", 
            "filename": "59e64993d66a.zip", 
            "scanned": "2016-09-26 21:09:43", 
            "malware_sha1": "0b6fa8220e25ef4b36a810e4f35aad2567f18eb8"
        }
    ], 
    "_meta": {
        "tracking_code": "AUSCERT#20169014f", 
        "dates": {
            "report": {
                "yearly": "2016", 
                "hourly": "2016-09-27-07", 
                "monthly": "2016-09", 
                "daily": "2016-09-27", 
                "epoch": 1474933461.0, 
                "iso": "2016-09-27T07:44:21"
            }, 
            "creating": {
                "yearly": "2016", 
                "hourly": "2016-10-30-15", 
                "monthly": "2016-10", 
                "daily": "2016-10-30", 
                "epoch": 1477813725.0, 
                "iso": "2016-10-30T15:48:45.776513"
            }
        }, 
        "ids": {
            "origin_type_id": "auscert_ioc_sample", 
            "process_id": "30a562f6-895e-4465-b3af-521afbf8fae3", 
            "saving_dir_id": "auscert_ioc_sample/2016-10-30/30a562f6-895e-4465-b3af-521afbf8fae3", 
            "rule_id": "xxxxxxxxrule_id"
        }
    }, 
    "enrich": {
        "origin_type_id": "auscert_ioc_sample", 
        "origin_organization": {
            "brief_name": "AusCERT", 
            "category": "CERTS", 
            "name": "AusCERT"
        }, 
        "secret_level": "open", 
        "intelligence_type": {
            "category": "ioc", 
            "future_fields": {
                "url": [], 
                "ip": [], 
                "hash": [
                    "malware_md5", 
                    "malware_sha1", 
                    "malware_sha256"
                ]
            }, 
            "subcategory": "malware"
        }
    }, 
    "data_storage": {
        "saving_dir_id": "auscert_ioc_sample/2016-10-30/82b029c3-16da-4bd5-8ee7-52fddedb6def", 
        "disk_saving_strategy": "BaseDir|OriginTypeId|YYMMDD|ProcessId|Data", 
        "storage_used": 3, 
        "month_reserved": 3
    }, 
    "report_futures": {
        "url": [], 
        "ip": [], 
        "hash": [
            {
                "values": [
                    "b4d4b2efc902f8ccff9765f57a2d141a"
                ], 
                "name": "malware_md5"
            }, 
            {
                "values": [
                    "0b6fa8220e25ef4b36a810e4f35aad2567f18eb8"
                ], 
                "name": "malware_sha1"
            }, 
            {
                "values": [
                    "f4641b11e5e7ba98ee18f59a52f3247b8078ef172d7c7191d70fac157acace07"
                ], 
                "name": "malware_sha256"
            }
        ]
    }
}