{
    "files": [
        {
            "actual_fn": "infected.zip", 
            "filename": "\"infected.zip\"", 
            "content-type": "application/x-zip-compressed", 
            "size": 8373
        }
    ], 
    "records": [
        {
            "malware_vt_report": "https://www.virustotal.com/file/2ef019e41311777fd003a862b5674f916fb9e2e4640bc98ad9df82e430a9490b/analysis/1474980141", 
            "malware_sha256": "2ef019e41311777fd003a862b5674f916fb9e2e4640bc98ad9df82e430a9490b", 
            "malware_md5": "9446f88f4be1e7f211cf360a003f9c62", 
            "malware_size": "8326 bytes", 
            "filename": "270920161203597514947.pdf.zip", 
            "scanned": "2016-09-27 12:42:21", 
            "malware_sha1": "cbb6ed0e3919771dce1ba56b00e7fed03e703758"
        }
    ], 
    "_meta": {
        "tracking_code": "AUSCERT#20160827c", 
        "dates": {
            "report": {
                "yearly": "2016", 
                "hourly": "2016-09-28-08", 
                "tz": null, 
                "monthly": "2016-09", 
                "daily": "2016-09-28", 
                "epoch": 1475022412.0, 
                "iso": "2016-09-28T08:26:52", 
                "obj": "2016-09-28T08:26:52"
            }, 
            "creating": {
                "yearly": "2016", 
                "hourly": "2016-10-31-15", 
                "tz": null, 
                "monthly": "2016-10", 
                "daily": "2016-10-31", 
                "epoch": 1477899806.0, 
                "iso": "2016-10-31T15:43:26.218550", 
                "obj": "2016-10-31T15:43:26.218550"
            }
        }, 
        "ids": {
            "origin_type_id": "auscert_ioc_sample", 
            "process_id": "b45d6782-3d8b-46f4-b4a5-8537fcf57705", 
            "saving_dir_id": "auscert_ioc_sample/2016-10-31/b45d6782-3d8b-46f4-b4a5-8537fcf57705", 
            "rule_id": "xxxxxxxxrule_id"
        }
    }, 
    "enrich": {
        "origin_type_id": "auscert_ioc_sample", 
        "origin_organization": {
            "brief_name": "AusCERT", 
            "category": "CERTS", 
            "name": "AusCERT"
        }, 
        "secret_level": "open", 
        "intelligence_type": {
            "category": "ioc", 
            "future_fields": {
                "url": [], 
                "ip": [], 
                "hash": [
                    "malware_md5", 
                    "malware_sha1", 
                    "malware_sha256"
                ]
            }, 
            "subcategory": "malware"
        }
    }, 
    "data_storage": {
        "saving_dir_id": "auscert_ioc_sample/2016-10-31/61173b8a-4b2b-4b52-a577-e53b6777d978", 
        "disk_saving_strategy": "BaseDir|OriginTypeId|YYMMDD|ProcessId|Data", 
        "storage_used": 3, 
        "month_reserved": 3
    }, 
    "report_futures": {
        "url": [], 
        "ip": [], 
        "hash": [
            {
                "values": [
                    "9446f88f4be1e7f211cf360a003f9c62"
                ], 
                "name": "malware_md5"
            }, 
            {
                "values": [
                    "cbb6ed0e3919771dce1ba56b00e7fed03e703758"
                ], 
                "name": "malware_sha1"
            }, 
            {
                "values": [
                    "2ef019e41311777fd003a862b5674f916fb9e2e4640bc98ad9df82e430a9490b"
                ], 
                "name": "malware_sha256"
            }
        ]
    }
}