{
    "files": [
        {
            "actual_fn": "infected.zip", 
            "filename": "\"infected.zip\"", 
            "content-type": "application/x-zip-compressed", 
            "size": 170026
        }
    ], 
    "records": [
        {
            "malware_vt_report": "https://www.virustotal.com/file/90b0f95f2e62c91a0a5d297b1ac719b83be9ba608520d3ea23e929925788304d/analysis/1475074912", 
            "malware_sha256": "90b0f95f2e62c91a0a5d297b1ac719b83be9ba608520d3ea23e929925788304d", 
            "malware_md5": "6209f9f095dbe3aceff2c3ae0350e2ed", 
            "malware_size": "8167 bytes", 
            "filename": "2016092818544252128694.zip", 
            "scanned": "2016-09-28 15:01:52", 
            "malware_sha1": "486c90e64fee0f921e13f97029037233fd974609"
        }, 
        {
            "malware_vt_report": "https://www.virustotal.com/file/2c670780cce2c09719a27096e4550185aeaa605a5f2f8c54223bbc99fe886e4d/analysis/1475082331", 
            "malware_sha256": "2c670780cce2c09719a27096e4550185aeaa605a5f2f8c54223bbc99fe886e4d", 
            "malware_md5": "6f366dc7e6e1427f5f1509f9576337ed", 
            "malware_size": "8179 bytes", 
            "filename": "2016092817551602951.zip", 
            "scanned": "2016-09-28 17:05:31", 
            "malware_sha1": "228acdd403bb4d50c96b8d731ab4b1aeb10473eb"
        }, 
        {
            "malware_vt_report": "https://www.virustotal.com/file/94148abf9a07c69f0a8c511fc852aa5d9429494119a995270c6cedd0ec0f03ab/analysis/1475078933", 
            "malware_sha256": "94148abf9a07c69f0a8c511fc852aa5d9429494119a995270c6cedd0ec0f03ab", 
            "malware_md5": "64140a83c43a5b2ecefb8a5ab0611a50", 
            "malware_size": "8185 bytes", 
            "filename": "20160928174028796236165914.zip", 
            "scanned": "2016-09-28 16:08:53", 
            "malware_sha1": "e7115554567cf472879b0a5d149cf227ec5c6910"
        }, 
        {
            "malware_vt_report": "https://www.virustotal.com/file/16b2d492c2a98e451ac611af4736bd124863401e2e62a1755195134d6ff31f39/analysis/1475102996", 
            "malware_sha256": "16b2d492c2a98e451ac611af4736bd124863401e2e62a1755195134d6ff31f39", 
            "malware_md5": "2f6fce6a6c5a3284893aa29f0deb6b05", 
            "malware_size": "8194 bytes", 
            "filename": "201609282001570989382.zip", 
            "scanned": "2016-09-28 22:49:56", 
            "malware_sha1": "cf19d71d8be2698c307e753aecfec8068e835afd"
        }, 
        {
            "malware_vt_report": "https://www.virustotal.com/file/700d49c30ab8805e0f2288cfd0b5a646d70261ba3a2b4564f67a502b13af0ada/analysis/1475077840", 
            "malware_sha256": "700d49c30ab8805e0f2288cfd0b5a646d70261ba3a2b4564f67a502b13af0ada", 
            "malware_md5": "5072c98f8448c17f2fd15376840f5704", 
            "malware_size": "8182 bytes", 
            "filename": "201609282057537708793.zip", 
            "scanned": "2016-09-28 15:50:40", 
            "malware_sha1": "5bba76f32235818c52875bef05c461717c5bfd99"
        }, 
        {
            "malware_vt_report": "https://www.virustotal.com/file/2abe14057b43e4e134ec0fd48e78083e715dbe566c036c1e3cf04b3baf931042/analysis/1475098742", 
            "malware_sha256": "2abe14057b43e4e134ec0fd48e78083e715dbe566c036c1e3cf04b3baf931042", 
            "malware_md5": "4aa993dd56a9f7e457007eb4be65ac80", 
            "malware_size": "8198 bytes", 
            "filename": "2016092820520571803.zip", 
            "scanned": "2016-09-28 21:39:02", 
            "malware_sha1": "cb61713537dee43e89d9e1a3b96391ed2400e83d"
        }, 
        {
            "malware_vt_report": "https://www.virustotal.com/file/1631747f1216bdc774d66c78e2a641e923485163202e42a951cef0acaaeb140c/analysis/1475090298", 
            "malware_sha256": "1631747f1216bdc774d66c78e2a641e923485163202e42a951cef0acaaeb140c", 
            "malware_md5": "cb77b61187ea6ce9cdac2d1b251e35db", 
            "malware_size": "8172 bytes", 
            "filename": "2016092819322037754267.zip", 
            "scanned": "2016-09-28 19:18:18", 
            "malware_sha1": "55fa8f35c94f5d81069a8edafb89e9b43b89e925"
        }, 
        {
            "malware_vt_report": "https://www.virustotal.com/file/e68117190c4a522a7077f9d7c0ba8ff847e5c7b86e01a78494d787afeec912b7/analysis/1475084484", 
            "malware_sha256": "e68117190c4a522a7077f9d7c0ba8ff847e5c7b86e01a78494d787afeec912b7", 
            "malware_md5": "d5fe426ac1079e6e8f658ee52ff80553", 
            "malware_size": "8192 bytes", 
            "filename": "201609281509482778.zip", 
            "scanned": "2016-09-28 17:41:24", 
            "malware_sha1": "37cf31ea97204ad1cfeee44a5bf09725d38fbdbf"
        }, 
        {
            "malware_vt_report": "https://www.virustotal.com/file/aa1814be688850b540d40968e5b053bf3496f297cfa96060b997333f1c17cf2b/analysis/1475081620", 
            "malware_sha256": "aa1814be688850b540d40968e5b053bf3496f297cfa96060b997333f1c17cf2b", 
            "malware_md5": "7fe39947f44556f0305b3fab5fad9e2d", 
            "malware_size": "8204 bytes", 
            "filename": "20160928174147085804.zip", 
            "scanned": "2016-09-28 16:53:40", 
            "malware_sha1": "1f6f125fe8ae451ad49e2520b81162482edaefb2"
        }, 
        {
            "malware_vt_report": "https://www.virustotal.com/file/2b417f4ff9a34b7ab3672f25fb474e02c9166cfe8bf38ebe0e14c21728423514/analysis/1475077312", 
            "malware_sha256": "2b417f4ff9a34b7ab3672f25fb474e02c9166cfe8bf38ebe0e14c21728423514", 
            "malware_md5": "d55b7f2064060280a39dae8856a83c3c", 
            "malware_size": "8146 bytes", 
            "filename": "2016092817174615202400.zip", 
            "scanned": "2016-09-28 15:41:52", 
            "malware_sha1": "46cb1f9c0ff88205230381ab455aa8200e336beb"
        }, 
        {
            "malware_vt_report": "https://www.virustotal.com/file/2ff18d8cda26a93b5019306a4bab209d7e778d851c48b3bbda9536414b321e57/analysis/1475076442", 
            "malware_sha256": "2ff18d8cda26a93b5019306a4bab209d7e778d851c48b3bbda9536414b321e57", 
            "malware_md5": "76fbfd1e52ad599df19dafad017b192b", 
            "malware_size": "8161 bytes", 
            "filename": "20160928102601088224549.zip", 
            "scanned": "2016-09-28 15:27:22", 
            "malware_sha1": "389e56556275b5749692b18038d1331185c27bcc"
        }, 
        {
            "malware_vt_report": "https://www.virustotal.com/file/680c5fb4b2646da664e83a378019ac2f8a44f390ee5d3ff15444d47aa5bce6cd/analysis/1475104779", 
            "malware_sha256": "680c5fb4b2646da664e83a378019ac2f8a44f390ee5d3ff15444d47aa5bce6cd", 
            "malware_md5": "fab97f9962edf4a7069ed7994797f54b", 
            "malware_size": "8178 bytes", 
            "filename": "2016092816262419188035651.zip", 
            "scanned": "2016-09-28 23:19:39", 
            "malware_sha1": "79c94366ad08cd15a456d07af87770631fdbb180"
        }, 
        {
            "malware_vt_report": "https://www.virustotal.com/file/8837e182a4d674ef57e958b138e964913e98cdccbcc3e47d299db9ae8c12cc92/analysis/1475107233", 
            "malware_sha256": "8837e182a4d674ef57e958b138e964913e98cdccbcc3e47d299db9ae8c12cc92", 
            "malware_md5": "0213439dc22780f64779e155d7e70cba", 
            "malware_size": "8172 bytes", 
            "filename": "20160928172839678096716.zip", 
            "scanned": "2016-09-29 00:00:33", 
            "malware_sha1": "2fc943c62ba12e3100642018bbfc116c95aaf766"
        }, 
        {
            "malware_vt_report": "https://www.virustotal.com/file/8c282dd9f894d0d5fb30d31355b5762676309b590f4c2870d0754778f9214723/analysis/1475087091", 
            "malware_sha256": "8c282dd9f894d0d5fb30d31355b5762676309b590f4c2870d0754778f9214723", 
            "malware_md5": "9b29185f5843b8c963b353c9a76e014e", 
            "malware_size": "8172 bytes", 
            "filename": "20160928070432305491.zip", 
            "scanned": "2016-09-28 18:24:51", 
            "malware_sha1": "3417441b8544c7144107f82e2894c452076bc9ca"
        }, 
        {
            "malware_vt_report": "https://www.virustotal.com/file/dcca94049329d0779cc6bcf80167a6b5c5dffe4f4744aa264371958b3a463315/analysis/1475107326", 
            "malware_sha256": "dcca94049329d0779cc6bcf80167a6b5c5dffe4f4744aa264371958b3a463315", 
            "malware_md5": "1f96944bb786d7864afdd549e7ff0864", 
            "malware_size": "8172 bytes", 
            "filename": "20160928195036268662476.zip", 
            "scanned": "2016-09-29 00:02:06", 
            "malware_sha1": "baf44222cbdc9bc420bec555b2be915d24445896"
        }, 
        {
            "malware_vt_report": "https://www.virustotal.com/file/91ca954d9bef1c43cee4c3955133c48716195e64a4291169321234022df6670f/analysis/1475082752", 
            "malware_sha256": "91ca954d9bef1c43cee4c3955133c48716195e64a4291169321234022df6670f", 
            "malware_md5": "9c65759f01fc9fe7d95a0492dcc5ef77", 
            "malware_size": "8173 bytes", 
            "filename": "201609281831306823572285.zip", 
            "scanned": "2016-09-28 17:12:32", 
            "malware_sha1": "219ddd592aed971a40c277caf03a729e14002a66"
        }, 
        {
            "malware_vt_report": "https://www.virustotal.com/file/8521f6e799888dd2fe9f8976d2f58eed13d599874b6515c7fb7f0d72c41d72f3/analysis/1475082727", 
            "malware_sha256": "8521f6e799888dd2fe9f8976d2f58eed13d599874b6515c7fb7f0d72c41d72f3", 
            "malware_md5": "6fb747bb21d9faeedd1f51a46faffad6", 
            "malware_size": "8209 bytes", 
            "filename": "20160928212813972197.zip", 
            "scanned": "2016-09-28 17:12:07", 
            "malware_sha1": "f3dbd573b99df2e1d53879129d06e3d31fafa24f"
        }
    ], 
    "_meta": {
        "tracking_code": "AUSCERT#2016f9bda", 
        "dates": {
            "report": {
                "yearly": "2016", 
                "hourly": "2016-09-29-08", 
                "tz": null, 
                "monthly": "2016-09", 
                "daily": "2016-09-29", 
                "epoch": 1475109376.0, 
                "iso": "2016-09-29T08:36:16", 
                "obj": "2016-09-29T08:36:16"
            }, 
            "creating": {
                "yearly": "2016", 
                "hourly": "2016-10-31-15", 
                "tz": null, 
                "monthly": "2016-10", 
                "daily": "2016-10-31", 
                "epoch": 1477899808.0, 
                "iso": "2016-10-31T15:43:28.604564", 
                "obj": "2016-10-31T15:43:28.604564"
            }
        }, 
        "ids": {
            "origin_type_id": "auscert_ioc_sample", 
            "process_id": "716c48e4-6063-41bc-873e-ee3e88febc13", 
            "saving_dir_id": "auscert_ioc_sample/2016-10-31/716c48e4-6063-41bc-873e-ee3e88febc13", 
            "rule_id": "xxxxxxxxrule_id"
        }
    }, 
    "enrich": {
        "origin_type_id": "auscert_ioc_sample", 
        "origin_organization": {
            "brief_name": "AusCERT", 
            "category": "CERTS", 
            "name": "AusCERT"
        }, 
        "secret_level": "open", 
        "intelligence_type": {
            "category": "ioc", 
            "future_fields": {
                "url": [], 
                "ip": [], 
                "hash": [
                    "malware_md5", 
                    "malware_sha1", 
                    "malware_sha256"
                ]
            }, 
            "subcategory": "malware"
        }
    }, 
    "data_storage": {
        "saving_dir_id": "auscert_ioc_sample/2016-10-31/61173b8a-4b2b-4b52-a577-e53b6777d978", 
        "disk_saving_strategy": "BaseDir|OriginTypeId|YYMMDD|ProcessId|Data", 
        "storage_used": 3, 
        "month_reserved": 3
    }, 
    "report_futures": {
        "url": [], 
        "ip": [], 
        "hash": [
            {
                "values": [
                    "6209f9f095dbe3aceff2c3ae0350e2ed", 
                    "6f366dc7e6e1427f5f1509f9576337ed", 
                    "64140a83c43a5b2ecefb8a5ab0611a50", 
                    "2f6fce6a6c5a3284893aa29f0deb6b05", 
                    "5072c98f8448c17f2fd15376840f5704", 
                    "4aa993dd56a9f7e457007eb4be65ac80", 
                    "cb77b61187ea6ce9cdac2d1b251e35db", 
                    "d5fe426ac1079e6e8f658ee52ff80553", 
                    "7fe39947f44556f0305b3fab5fad9e2d", 
                    "d55b7f2064060280a39dae8856a83c3c", 
                    "76fbfd1e52ad599df19dafad017b192b", 
                    "fab97f9962edf4a7069ed7994797f54b", 
                    "0213439dc22780f64779e155d7e70cba", 
                    "9b29185f5843b8c963b353c9a76e014e", 
                    "1f96944bb786d7864afdd549e7ff0864", 
                    "9c65759f01fc9fe7d95a0492dcc5ef77", 
                    "6fb747bb21d9faeedd1f51a46faffad6"
                ], 
                "name": "malware_md5"
            }, 
            {
                "values": [
                    "486c90e64fee0f921e13f97029037233fd974609", 
                    "228acdd403bb4d50c96b8d731ab4b1aeb10473eb", 
                    "e7115554567cf472879b0a5d149cf227ec5c6910", 
                    "cf19d71d8be2698c307e753aecfec8068e835afd", 
                    "5bba76f32235818c52875bef05c461717c5bfd99", 
                    "cb61713537dee43e89d9e1a3b96391ed2400e83d", 
                    "55fa8f35c94f5d81069a8edafb89e9b43b89e925", 
                    "37cf31ea97204ad1cfeee44a5bf09725d38fbdbf", 
                    "1f6f125fe8ae451ad49e2520b81162482edaefb2", 
                    "46cb1f9c0ff88205230381ab455aa8200e336beb", 
                    "389e56556275b5749692b18038d1331185c27bcc", 
                    "79c94366ad08cd15a456d07af87770631fdbb180", 
                    "2fc943c62ba12e3100642018bbfc116c95aaf766", 
                    "3417441b8544c7144107f82e2894c452076bc9ca", 
                    "baf44222cbdc9bc420bec555b2be915d24445896", 
                    "219ddd592aed971a40c277caf03a729e14002a66", 
                    "f3dbd573b99df2e1d53879129d06e3d31fafa24f"
                ], 
                "name": "malware_sha1"
            }, 
            {
                "values": [
                    "90b0f95f2e62c91a0a5d297b1ac719b83be9ba608520d3ea23e929925788304d", 
                    "2c670780cce2c09719a27096e4550185aeaa605a5f2f8c54223bbc99fe886e4d", 
                    "94148abf9a07c69f0a8c511fc852aa5d9429494119a995270c6cedd0ec0f03ab", 
                    "16b2d492c2a98e451ac611af4736bd124863401e2e62a1755195134d6ff31f39", 
                    "700d49c30ab8805e0f2288cfd0b5a646d70261ba3a2b4564f67a502b13af0ada", 
                    "2abe14057b43e4e134ec0fd48e78083e715dbe566c036c1e3cf04b3baf931042", 
                    "1631747f1216bdc774d66c78e2a641e923485163202e42a951cef0acaaeb140c", 
                    "e68117190c4a522a7077f9d7c0ba8ff847e5c7b86e01a78494d787afeec912b7", 
                    "aa1814be688850b540d40968e5b053bf3496f297cfa96060b997333f1c17cf2b", 
                    "2b417f4ff9a34b7ab3672f25fb474e02c9166cfe8bf38ebe0e14c21728423514", 
                    "2ff18d8cda26a93b5019306a4bab209d7e778d851c48b3bbda9536414b321e57", 
                    "680c5fb4b2646da664e83a378019ac2f8a44f390ee5d3ff15444d47aa5bce6cd", 
                    "8837e182a4d674ef57e958b138e964913e98cdccbcc3e47d299db9ae8c12cc92", 
                    "8c282dd9f894d0d5fb30d31355b5762676309b590f4c2870d0754778f9214723", 
                    "dcca94049329d0779cc6bcf80167a6b5c5dffe4f4744aa264371958b3a463315", 
                    "91ca954d9bef1c43cee4c3955133c48716195e64a4291169321234022df6670f", 
                    "8521f6e799888dd2fe9f8976d2f58eed13d599874b6515c7fb7f0d72c41d72f3"
                ], 
                "name": "malware_sha256"
            }
        ]
    }
}