{
    "files": [
        {
            "actual_fn": "infected.zip", 
            "filename": "\"infected.zip\"", 
            "content-type": "application/x-zip-compressed", 
            "size": 11490
        }
    ], 
    "records": [
        {
            "malware_vt_report": "https://www.virustotal.com/file/bc23c91eceaa4bb6dc442fcb9affa11634532a3443ef9dd7a010f010c44cba0b/analysis/1475714613", 
            "malware_sha256": "bc23c91eceaa4bb6dc442fcb9affa11634532a3443ef9dd7a010f010c44cba0b", 
            "malware_md5": "01b3323db7960fcc24a0054d2af92112", 
            "malware_size": "11234 bytes", 
            "filename": "Cancellation_Form_d375b7e.zip", 
            "scanned": "2016-10-06 00:43:33", 
            "malware_sha1": "eb05fb70bd712cc78d6b4cf2d7508eded8eca761"
        }
    ], 
    "_meta": {
        "tracking_code": "AUSCERT#2016f2c4d", 
        "dates": {
            "report": {
                "yearly": "2016", 
                "hourly": "2016-10-08-07", 
                "tz": null, 
                "monthly": "2016-10", 
                "daily": "2016-10-08", 
                "epoch": 1475883613.0, 
                "iso": "2016-10-08T07:40:13", 
                "obj": "2016-10-08T07:40:13"
            }, 
            "creating": {
                "yearly": "2016", 
                "hourly": "2016-10-31-15", 
                "tz": null, 
                "monthly": "2016-10", 
                "daily": "2016-10-31", 
                "epoch": 1477899829.0, 
                "iso": "2016-10-31T15:43:49.465941", 
                "obj": "2016-10-31T15:43:49.465941"
            }
        }, 
        "ids": {
            "origin_type_id": "auscert_ioc_sample", 
            "process_id": "ff9854d2-cb2b-46ca-9501-19617a952c9a", 
            "saving_dir_id": "auscert_ioc_sample/2016-10-31/ff9854d2-cb2b-46ca-9501-19617a952c9a", 
            "rule_id": "xxxxxxxxrule_id"
        }
    }, 
    "enrich": {
        "origin_type_id": "auscert_ioc_sample", 
        "origin_organization": {
            "brief_name": "AusCERT", 
            "category": "CERTS", 
            "name": "AusCERT"
        }, 
        "secret_level": "open", 
        "intelligence_type": {
            "category": "ioc", 
            "future_fields": {
                "url": [], 
                "ip": [], 
                "hash": [
                    "malware_md5", 
                    "malware_sha1", 
                    "malware_sha256"
                ]
            }, 
            "subcategory": "malware"
        }
    }, 
    "data_storage": {
        "saving_dir_id": "auscert_ioc_sample/2016-10-31/61173b8a-4b2b-4b52-a577-e53b6777d978", 
        "disk_saving_strategy": "BaseDir|OriginTypeId|YYMMDD|ProcessId|Data", 
        "storage_used": 3, 
        "month_reserved": 3
    }, 
    "report_futures": {
        "url": [], 
        "ip": [], 
        "hash": [
            {
                "values": [
                    "01b3323db7960fcc24a0054d2af92112"
                ], 
                "name": "malware_md5"
            }, 
            {
                "values": [
                    "eb05fb70bd712cc78d6b4cf2d7508eded8eca761"
                ], 
                "name": "malware_sha1"
            }, 
            {
                "values": [
                    "bc23c91eceaa4bb6dc442fcb9affa11634532a3443ef9dd7a010f010c44cba0b"
                ], 
                "name": "malware_sha256"
            }
        ]
    }
}