{
    "files": [
        {
            "actual_fn": "infected.zip", 
            "filename": "\"infected.zip\"", 
            "content-type": "application/x-zip-compressed", 
            "size": 10136
        }
    ], 
    "records": [
        {
            "malware_vt_report": "https://www.virustotal.com/file/83d88b0794ffe61d8aca965bbcb0fb8702c8b547a1b548d081942387ff8ddd81/analysis/1474929610", 
            "malware_sha256": "83d88b0794ffe61d8aca965bbcb0fb8702c8b547a1b548d081942387ff8ddd81", 
            "malware_md5": "265ea8de1f3a7c2a8365339f7ad5b893", 
            "malware_size": "10882 bytes", 
            "filename": "a0355b0cbb63.zip", 
            "scanned": "2016-09-26 22:40:10", 
            "malware_sha1": "34dbca1a7f259fe4ec16ac55b6d3ebebec257e45"
        }
    ], 
    "_meta": {
        "tracking_code": "AUSCERT#2016771ec", 
        "dates": {
            "report": {
                "yearly": "2016", 
                "hourly": "2016-09-27-08", 
                "tz": null, 
                "monthly": "2016-09", 
                "daily": "2016-09-27", 
                "epoch": 1474937408.0, 
                "iso": "2016-09-27T08:50:08", 
                "obj": "2016-09-27T08:50:08"
            }, 
            "creating": {
                "yearly": "2016", 
                "hourly": "2016-10-31-15", 
                "tz": null, 
                "monthly": "2016-10", 
                "daily": "2016-10-31", 
                "epoch": 1477899804.0, 
                "iso": "2016-10-31T15:43:24.554480", 
                "obj": "2016-10-31T15:43:24.554480"
            }
        }, 
        "ids": {
            "origin_type_id": "auscert_ioc_sample", 
            "process_id": "8b9d1b96-2d81-4b9d-ac6e-f29b04145912", 
            "saving_dir_id": "auscert_ioc_sample/2016-10-31/8b9d1b96-2d81-4b9d-ac6e-f29b04145912", 
            "rule_id": "xxxxxxxxrule_id"
        }
    }, 
    "enrich": {
        "origin_type_id": "auscert_ioc_sample", 
        "origin_organization": {
            "brief_name": "AusCERT", 
            "category": "CERTS", 
            "name": "AusCERT"
        }, 
        "secret_level": "open", 
        "intelligence_type": {
            "category": "ioc", 
            "future_fields": {
                "url": [], 
                "ip": [], 
                "hash": [
                    "malware_md5", 
                    "malware_sha1", 
                    "malware_sha256"
                ]
            }, 
            "subcategory": "malware"
        }
    }, 
    "data_storage": {
        "saving_dir_id": "auscert_ioc_sample/2016-10-31/61173b8a-4b2b-4b52-a577-e53b6777d978", 
        "disk_saving_strategy": "BaseDir|OriginTypeId|YYMMDD|ProcessId|Data", 
        "storage_used": 3, 
        "month_reserved": 3
    }, 
    "report_futures": {
        "url": [], 
        "ip": [], 
        "hash": [
            {
                "values": [
                    "265ea8de1f3a7c2a8365339f7ad5b893"
                ], 
                "name": "malware_md5"
            }, 
            {
                "values": [
                    "34dbca1a7f259fe4ec16ac55b6d3ebebec257e45"
                ], 
                "name": "malware_sha1"
            }, 
            {
                "values": [
                    "83d88b0794ffe61d8aca965bbcb0fb8702c8b547a1b548d081942387ff8ddd81"
                ], 
                "name": "malware_sha256"
            }
        ]
    }
}