{
    "files": [
        {
            "actual_fn": "infected.zip", 
            "filename": "\"infected.zip\"", 
            "content-type": "application/x-zip-compressed", 
            "size": 12575
        }
    ], 
    "records": [
        {
            "malware_vt_report": "https://www.virustotal.com/file/e700f4cc874b07bad80571f62220161d3e2979e52c4c59353d81938a59b5ad26/analysis/1475263257", 
            "malware_sha256": "e700f4cc874b07bad80571f62220161d3e2979e52c4c59353d81938a59b5ad26", 
            "malware_md5": "327ba29de8162c71613205b72032c53e", 
            "malware_size": "10570 bytes", 
            "filename": "DHL_parcel_ead3bfb6.zip", 
            "scanned": "2016-09-30 19:20:57", 
            "malware_sha1": "43da2f15dd30065b8b79014fa2f31572b41ed146"
        }
    ], 
    "_meta": {
        "tracking_code": "AUSCERT#20163e344", 
        "dates": {
            "report": {
                "yearly": "2016", 
                "hourly": "2016-10-08-07", 
                "monthly": "2016-10", 
                "daily": "2016-10-08", 
                "epoch": 1475883583.0, 
                "iso": "2016-10-08T07:39:43"
            }, 
            "creating": {
                "yearly": "2016", 
                "hourly": "2016-10-30-15", 
                "monthly": "2016-10", 
                "daily": "2016-10-30", 
                "epoch": 1477813741.0, 
                "iso": "2016-10-30T15:49:01.676979"
            }
        }, 
        "ids": {
            "origin_type_id": "auscert_ioc_sample", 
            "process_id": "3c5a8472-3741-47d4-ba8b-c6b001adc019", 
            "saving_dir_id": "auscert_ioc_sample/2016-10-30/3c5a8472-3741-47d4-ba8b-c6b001adc019", 
            "rule_id": "xxxxxxxxrule_id"
        }
    }, 
    "enrich": {
        "origin_type_id": "auscert_ioc_sample", 
        "origin_organization": {
            "brief_name": "AusCERT", 
            "category": "CERTS", 
            "name": "AusCERT"
        }, 
        "secret_level": "open", 
        "intelligence_type": {
            "category": "ioc", 
            "future_fields": {
                "url": [], 
                "ip": [], 
                "hash": [
                    "malware_md5", 
                    "malware_sha1", 
                    "malware_sha256"
                ]
            }, 
            "subcategory": "malware"
        }
    }, 
    "data_storage": {
        "saving_dir_id": "auscert_ioc_sample/2016-10-30/82b029c3-16da-4bd5-8ee7-52fddedb6def", 
        "disk_saving_strategy": "BaseDir|OriginTypeId|YYMMDD|ProcessId|Data", 
        "storage_used": 3, 
        "month_reserved": 3
    }, 
    "report_futures": {
        "url": [], 
        "ip": [], 
        "hash": [
            {
                "values": [
                    "327ba29de8162c71613205b72032c53e"
                ], 
                "name": "malware_md5"
            }, 
            {
                "values": [
                    "43da2f15dd30065b8b79014fa2f31572b41ed146"
                ], 
                "name": "malware_sha1"
            }, 
            {
                "values": [
                    "e700f4cc874b07bad80571f62220161d3e2979e52c4c59353d81938a59b5ad26"
                ], 
                "name": "malware_sha256"
            }
        ]
    }
}