{
    "files": [
        {
            "actual_fn": "infected.zip", 
            "filename": "\"infected.zip\"", 
            "content-type": "application/x-zip-compressed", 
            "size": 32672
        }
    ], 
    "records": [
        {
            "malware_vt_report": "https://www.virustotal.com/file/ab21399a0db5412735be57aa9453acd02847198ae642a4d7c37964e66e73fd70/analysis/1475729633", 
            "malware_sha256": "ab21399a0db5412735be57aa9453acd02847198ae642a4d7c37964e66e73fd70", 
            "malware_md5": "dd2fcf47069f4b9c3e68a11ae9b29ade", 
            "malware_size": "32644 bytes", 
            "filename": "20161006_23092857_Invoice.zip", 
            "scanned": "2016-10-06 04:53:53", 
            "malware_sha1": "bc90fade8c6cd045af302d52c7d15e339fdcc86f"
        }
    ], 
    "_meta": {
        "tracking_code": "AUSCERT#20161c778", 
        "dates": {
            "report": {
                "yearly": "2016", 
                "hourly": "2016-10-08-07", 
                "monthly": "2016-10", 
                "daily": "2016-10-08", 
                "epoch": 1475883616.0, 
                "iso": "2016-10-08T07:40:16"
            }, 
            "creating": {
                "yearly": "2016", 
                "hourly": "2016-10-30-15", 
                "monthly": "2016-10", 
                "daily": "2016-10-30", 
                "epoch": 1477813751.0, 
                "iso": "2016-10-30T15:49:11.181838"
            }
        }, 
        "ids": {
            "origin_type_id": "auscert_ioc_sample", 
            "process_id": "7d9ff0b6-54b4-4d53-9af3-5cc343a30963", 
            "saving_dir_id": "auscert_ioc_sample/2016-10-30/7d9ff0b6-54b4-4d53-9af3-5cc343a30963", 
            "rule_id": "xxxxxxxxrule_id"
        }
    }, 
    "enrich": {
        "origin_type_id": "auscert_ioc_sample", 
        "origin_organization": {
            "brief_name": "AusCERT", 
            "category": "CERTS", 
            "name": "AusCERT"
        }, 
        "secret_level": "open", 
        "intelligence_type": {
            "category": "ioc", 
            "future_fields": {
                "url": [], 
                "ip": [], 
                "hash": [
                    "malware_md5", 
                    "malware_sha1", 
                    "malware_sha256"
                ]
            }, 
            "subcategory": "malware"
        }
    }, 
    "data_storage": {
        "saving_dir_id": "auscert_ioc_sample/2016-10-30/82b029c3-16da-4bd5-8ee7-52fddedb6def", 
        "disk_saving_strategy": "BaseDir|OriginTypeId|YYMMDD|ProcessId|Data", 
        "storage_used": 3, 
        "month_reserved": 3
    }, 
    "report_futures": {
        "url": [], 
        "ip": [], 
        "hash": [
            {
                "values": [
                    "dd2fcf47069f4b9c3e68a11ae9b29ade"
                ], 
                "name": "malware_md5"
            }, 
            {
                "values": [
                    "bc90fade8c6cd045af302d52c7d15e339fdcc86f"
                ], 
                "name": "malware_sha1"
            }, 
            {
                "values": [
                    "ab21399a0db5412735be57aa9453acd02847198ae642a4d7c37964e66e73fd70"
                ], 
                "name": "malware_sha256"
            }
        ]
    }
}