{
    "files": [
        {
            "actual_fn": "infected.zip", 
            "filename": "\"infected.zip\"", 
            "content-type": "application/x-zip-compressed", 
            "size": 39255
        }
    ], 
    "records": [
        {
            "malware_vt_report": "https://www.virustotal.com/file/c735e1731b97404620d92c26981dd2a662e2aba6dfbbd2398f79314ecbe4f7ad/analysis/1475322817", 
            "malware_sha256": "c735e1731b97404620d92c26981dd2a662e2aba6dfbbd2398f79314ecbe4f7ad", 
            "malware_md5": "d90441e367a976f6d3cd4b9f5fdd8e25", 
            "malware_size": "10464 bytes", 
            "filename": "DHL_parcel_c5ccc1acf.zip", 
            "scanned": "2016-10-01 11:53:37", 
            "malware_sha1": "7ffe7b7caf50dd9d7f1b66fe7380e192a21fbb23"
        }, 
        {
            "malware_vt_report": "https://www.virustotal.com/file/4e0e2d72cb087ad8632d1c22561aab66b3dd6d21b32e72f5b7a0a540bc6ca288/analysis/1475253265", 
            "malware_sha256": "4e0e2d72cb087ad8632d1c22561aab66b3dd6d21b32e72f5b7a0a540bc6ca288", 
            "malware_md5": "6738e1315bfa0d63429dbac3803738da", 
            "malware_size": "10440 bytes", 
            "filename": "DHL_parcel_cbceb41.zip", 
            "scanned": "2016-09-30 16:34:25", 
            "malware_sha1": "28e989d24b9d538dec00b3b2c92ddb1814ed6e40"
        }, 
        {
            "malware_vt_report": "https://www.virustotal.com/file/7be1d409598b489d3d753e2ed2beb8bf6825d39e94aad7797cd36939a243917b/analysis/1475240391", 
            "malware_sha256": "7be1d409598b489d3d753e2ed2beb8bf6825d39e94aad7797cd36939a243917b", 
            "malware_md5": "706cc31897abcd244e43851a700bc83b", 
            "malware_size": "10761 bytes", 
            "filename": "DHL_parcel_b072c9d96.zip", 
            "scanned": "2016-09-30 12:59:51", 
            "malware_sha1": "347b3487b53a62ce0a69e2a46779bedc7222dc67"
        }
    ], 
    "_meta": {
        "tracking_code": "AUSCERT#2016f6005", 
        "dates": {
            "report": {
                "yearly": "2016", 
                "hourly": "2016-10-08-07", 
                "monthly": "2016-10", 
                "daily": "2016-10-08", 
                "epoch": 1475883595.0, 
                "iso": "2016-10-08T07:39:55"
            }, 
            "creating": {
                "yearly": "2016", 
                "hourly": "2016-10-30-15", 
                "monthly": "2016-10", 
                "daily": "2016-10-30", 
                "epoch": 1477813745.0, 
                "iso": "2016-10-30T15:49:05.547115"
            }
        }, 
        "ids": {
            "origin_type_id": "auscert_ioc_sample", 
            "process_id": "ed08ddfc-0adf-4da2-b0ca-83ee52f5ddb2", 
            "saving_dir_id": "auscert_ioc_sample/2016-10-30/ed08ddfc-0adf-4da2-b0ca-83ee52f5ddb2", 
            "rule_id": "xxxxxxxxrule_id"
        }
    }, 
    "enrich": {
        "origin_type_id": "auscert_ioc_sample", 
        "origin_organization": {
            "brief_name": "AusCERT", 
            "category": "CERTS", 
            "name": "AusCERT"
        }, 
        "secret_level": "open", 
        "intelligence_type": {
            "category": "ioc", 
            "future_fields": {
                "url": [], 
                "ip": [], 
                "hash": [
                    "malware_md5", 
                    "malware_sha1", 
                    "malware_sha256"
                ]
            }, 
            "subcategory": "malware"
        }
    }, 
    "data_storage": {
        "saving_dir_id": "auscert_ioc_sample/2016-10-30/82b029c3-16da-4bd5-8ee7-52fddedb6def", 
        "disk_saving_strategy": "BaseDir|OriginTypeId|YYMMDD|ProcessId|Data", 
        "storage_used": 3, 
        "month_reserved": 3
    }, 
    "report_futures": {
        "url": [], 
        "ip": [], 
        "hash": [
            {
                "values": [
                    "d90441e367a976f6d3cd4b9f5fdd8e25", 
                    "6738e1315bfa0d63429dbac3803738da", 
                    "706cc31897abcd244e43851a700bc83b"
                ], 
                "name": "malware_md5"
            }, 
            {
                "values": [
                    "7ffe7b7caf50dd9d7f1b66fe7380e192a21fbb23", 
                    "28e989d24b9d538dec00b3b2c92ddb1814ed6e40", 
                    "347b3487b53a62ce0a69e2a46779bedc7222dc67"
                ], 
                "name": "malware_sha1"
            }, 
            {
                "values": [
                    "c735e1731b97404620d92c26981dd2a662e2aba6dfbbd2398f79314ecbe4f7ad", 
                    "4e0e2d72cb087ad8632d1c22561aab66b3dd6d21b32e72f5b7a0a540bc6ca288", 
                    "7be1d409598b489d3d753e2ed2beb8bf6825d39e94aad7797cd36939a243917b"
                ], 
                "name": "malware_sha256"
            }
        ]
    }
}