{
    "files": [
        {
            "actual_fn": "infected.zip", 
            "filename": "\"infected.zip\"", 
            "content-type": "application/x-zip-compressed", 
            "size": 12657
        }
    ], 
    "records": [
        {
            "malware_vt_report": "https://www.virustotal.com/file/fb8681d0495c53ea053fe2d208d2dc4e2c41dca6588b0abc21db054667b72a7c/analysis/1475537211", 
            "malware_sha256": "fb8681d0495c53ea053fe2d208d2dc4e2c41dca6588b0abc21db054667b72a7c", 
            "malware_md5": "e021e2b7a5aab11a682fe99ce167031f", 
            "malware_size": "10737 bytes", 
            "filename": "Travel_Itinerary-97392c1.zip", 
            "scanned": "2016-10-03 23:26:51", 
            "malware_sha1": "541775a941397cdc65ed110961c771ba55c0f452"
        }
    ], 
    "_meta": {
        "tracking_code": "AUSCERT#201638ed3", 
        "dates": {
            "report": {
                "yearly": "2016", 
                "hourly": "2016-10-08-07", 
                "monthly": "2016-10", 
                "daily": "2016-10-08", 
                "epoch": 1475883601.0, 
                "iso": "2016-10-08T07:40:01"
            }, 
            "creating": {
                "yearly": "2016", 
                "hourly": "2016-10-30-15", 
                "monthly": "2016-10", 
                "daily": "2016-10-30", 
                "epoch": 1477813747.0, 
                "iso": "2016-10-30T15:49:07.047306"
            }
        }, 
        "ids": {
            "origin_type_id": "auscert_ioc_sample", 
            "process_id": "17110697-68b2-4d8d-82af-cf21ae5bd846", 
            "saving_dir_id": "auscert_ioc_sample/2016-10-30/17110697-68b2-4d8d-82af-cf21ae5bd846", 
            "rule_id": "xxxxxxxxrule_id"
        }
    }, 
    "enrich": {
        "origin_type_id": "auscert_ioc_sample", 
        "origin_organization": {
            "brief_name": "AusCERT", 
            "category": "CERTS", 
            "name": "AusCERT"
        }, 
        "secret_level": "open", 
        "intelligence_type": {
            "category": "ioc", 
            "future_fields": {
                "url": [], 
                "ip": [], 
                "hash": [
                    "malware_md5", 
                    "malware_sha1", 
                    "malware_sha256"
                ]
            }, 
            "subcategory": "malware"
        }
    }, 
    "data_storage": {
        "saving_dir_id": "auscert_ioc_sample/2016-10-30/82b029c3-16da-4bd5-8ee7-52fddedb6def", 
        "disk_saving_strategy": "BaseDir|OriginTypeId|YYMMDD|ProcessId|Data", 
        "storage_used": 3, 
        "month_reserved": 3
    }, 
    "report_futures": {
        "url": [], 
        "ip": [], 
        "hash": [
            {
                "values": [
                    "e021e2b7a5aab11a682fe99ce167031f"
                ], 
                "name": "malware_md5"
            }, 
            {
                "values": [
                    "541775a941397cdc65ed110961c771ba55c0f452"
                ], 
                "name": "malware_sha1"
            }, 
            {
                "values": [
                    "fb8681d0495c53ea053fe2d208d2dc4e2c41dca6588b0abc21db054667b72a7c"
                ], 
                "name": "malware_sha256"
            }
        ]
    }
}