{
    "files": null, 
    "records": [
        {
            "url": "http://10000v.cn/zonglv/index_2.html"
        }, 
        {
            "url": "http://15p.bmflw.com.cn/view_b/"
        }, 
        {
            "url": "http://1755mmf28g.bxnzw.com.cn/detail-osr/"
        }, 
        {
            "url": "http://222qingseshipin.bxnzw.com.cn/detail_osr.html"
        }, 
        {
            "url": "http://35118.cn/zonglv/index_2.html"
        }, 
        {
            "url": "http://52xp.cn/zonglv/index_2.html"
        }, 
        {
            "url": "http://8848dy.cn/?REDACTED"
        }, 
        {
            "url": "http://abctttcom.gglhw.com.cn/view_yfk/"
        }, 
        {
            "url": "http://anquyezonghewang521.cwqzw.com.cn/view_FROP.html"
        }, 
        {
            "url": "http://artnews.cn/UploadFiles"
        }, 
        {
            "url": "http://artnews.cn/UploadFiles/ArtWeekly/03/aiw_03_04.html"
        }, 
        {
            "url": "http://artnews.cn/UploadFiles/Special/dongman/hhz-80tp-1.html"
        }, 
        {
            "url": "http://artnews.cn/UploadFiles/Special/dongman/hhz-80tp-3.html"
        }, 
        {
            "url": "http://artnews.cn/UploadFiles/Special/minglibang/12.html"
        }, 
        {
            "url": "http://aspzz.com.cn/"
        }, 
        {
            "url": "http://astronomy2009.people.com.cn/BIG5/paper39/17232/1510610.html"
        }, 
        {
            "url": "http://bbs.52xp.cn/zonglv/index_2.html"
        }, 
        {
            "url": "http://bbt.bmflw.com.cn/view_b.html"
        }, 
        {
            "url": "http://bbzyxfyyw906.llfxw.com.cn/detail_Ept.html"
        }, 
        {
            "url": "http://bgwen.kytjr.cn/detail-514.html"
        }, 
        {
            "url": "http://bjcrgkw.bmflw.com.cn/tv-b.html"
        }, 
        {
            "url": "http://bluthner.cn/index.php/bluthnerfactory"
        }, 
        {
            "url": "http://caochushuitupian.bxnzw.com.cn/detail-dey/"
        }, 
        {
            "url": "http://caocm.bmflw.com.cn/detail_b.htm"
        }, 
        {
            "url": "http://charminggirls.com.cn/"
        }, 
        {
            "url": "http://chinafen.cn/a/licai/20160819/6195.html"
        }, 
        {
            "url": "http://chinafen.cn/a/xiaofei/list_5_1.html"
        }, 
        {
            "url": "http://chinaski.com.cn/chanpinzhanshi/xuetoukuijihuaxuejing/ELANhuaxuedanban"
        }, 
        {
            "url": "http://chuchetai.cn/qqse/xianjianyunzhifanhandongjun/"
        }, 
        {
            "url": "http://cips.chinapublish.com.cn/chinapublish/zgcbkys/hwdt/gtdt/200811/t20081127_41425.html"
        }, 
        {
            "url": "http://cjrzyc.china-promote.com.cn/article/677.html"
        }, 
        {
            "url": "http://cjrzyc.china-promote.com.cn/article/681.html"
        }, 
        {
            "url": "http://cjrzyc.china-promote.com.cn/article/779.html"
        }, 
        {
            "url": "http://cjrzyc.china-promote.com.cn/article/883.html"
        }, 
        {
            "url": "http://cjrzyc.china-promote.com.cn/article/917.html"
        }, 
        {
            "url": "http://ckldw.com.cn/"
        }, 
        {
            "url": "http://crdmyyw.bmflw.com.cn/tv-b/"
        }, 
        {
            "url": "http://crdyjqw.cmfnw.com.cn/tv-CDT.html"
        }, 
        {
            "url": "http://crwmzxzb.lmqxw.com.cn/detail_cci.htm"
        }, 
        {
            "url": "http://crzhjq.lmqxw.com.cn/tv_on.html"
        }, 
        {
            "url": "http://csfnllkj.bmflw.com.cn/tv_bPX/"
        }, 
        {
            "url": "http://culture.people.com.cn/BIG5/40466/40468/3659315.html"
        }, 
        {
            "url": "http://culture.people.com.cn/GB/40462/40463/5541136.html"
        }, 
        {
            "url": "http://d.youth.cn/sk/201606/t20160603_8080912_1.htm"
        }, 
        {
            "url": "http://d.youth.cn/sk/201606/t20160607_8092409.htm"
        }, 
        {
            "url": "http://d.youth.cn/sk/201606/t20160622_8171636.htm"
        }, 
        {
            "url": "http://d.youth.cn/sk/201606/t20160622_8171636.htm?REDACTED"
        }, 
        {
            "url": "http://d.youth.cn/sk/201607/t20160711_8263943.htm?REDACTED"
        }, 
        {
            "url": "http://dasezhanqu.cwqzw.com.cn/detail-FROP.htm"
        }, 
        {
            "url": "http://dyayxzxk.cwqzw.com.cn/view_FROP.html"
        }, 
        {
            "url": "http://edu.people.com.cn/BIG5/8216/79347/5737719.html"
        }, 
        {
            "url": "http://finance.ce.cn/xf/main/zx/200701/21/t20070121_10163407.shtml"
        }, 
        {
            "url": "http://finance.people.com.cn/GB/1037/4294359.html"
        }, 
        {
            "url": "http://finance1.people.com.cn/GB/1037/4294359.html"
        }, 
        {
            "url": "http://fineblend.com.cn/"
        }, 
        {
            "url": "http://flgwks.com.cn/art/openarticle2.asp?REDACTED"
        }, 
        {
            "url": "http://fordfund.xaut.edu.cn/xmpx.asp"
        }, 
        {
            "url": "http://fun.youth.cn/yl24xs/201606/t20160623_8178268.htm"
        }, 
        {
            "url": "http://fun.youth.cn/yl24xs/201606/t20160623_8178268.htm?REDACTED"
        }, 
        {
            "url": "http://fun.youth.cn/yl24xs/201606/t20160626_8189461.htm"
        }, 
        {
            "url": "http://fun.youth.cn/yl24xs/201606/t20160627_8193560.htm?REDACTED"
        }, 
        {
            "url": "http://fun.youth.cn/yl24xs/201607/t20160707_8245663.htm?REDACTED"
        }, 
        {
            "url": "http://fun.youth.cn/yl24xs/201607/t20160715_8286300.htm?REDACTED"
        }, 
        {
            "url": "http://fun.youth.cn/yl24xs/201607/t20160719_8305577_1.htm"
        }, 
        {
            "url": "http://fun.youth.cn/yl24xs/201607/t20160726_8348327.htm"
        }, 
        {
            "url": "http://fun.youth.cn/yl24xs/201607/t20160726_8348327.htm?REDACTED"
        }, 
        {
            "url": "http://fun.youth.cn/yl24xs/201607/t20160726_8348750_2.htm"
        }, 
        {
            "url": "http://fuqiwuyeyingyuan.cmfnw.com.cn/detail_DDX.html"
        }, 
        {
            "url": "http://fzbrk.cn/tech.htm"
        }, 
        {
            "url": "http://game.chaxun8.cn/zonglv/index_2.html"
        }, 
        {
            "url": "http://gczgh.cn/remen/252198/"
        }, 
        {
            "url": "http://gonggongqiangcaowo.cjplw.com.cn/detail_249.html"
        }, 
        {
            "url": "http://gonglishengaotizhong.lmqxw.com.cn/tv-cci.htm"
        }, 
        {
            "url": "http://greger.cn/"
        }, 
        {
            "url": "http://groups.tianya.cn/post-206165-91d9d35b993441cb88ee45ce9b92bcff-1.shtml"
        }, 
        {
            "url": "http://hanantang.cn/thread-148364-1-1.html"
        }, 
        {
            "url": "http://happyyouyou.com.cn/forum.php?REDACTED"
        }, 
        {
            "url": "http://hlyybzsc.bkwnw.com.cn/tv_tot/"
        }, 
        {
            "url": "http://hqxjdy.ckldw.com.cn/"
        }, 
        {
            "url": "http://hqxjdy.ckldw.com.cn/index_0_40.htm"
        }, 
        {
            "url": "http://hqxjdy.ckldw.com.cn/index_0_84.htm"
        }, 
        {
            "url": "http://hqxjdy.ckldw.com.cn/index_0_86.htm"
        }, 
        {
            "url": "http://hqxjdy.ckldw.com.cn/index_5_13.htm"
        }, 
        {
            "url": "http://hqxjdy.ckldw.com.cn/index_5_66.htm"
        }, 
        {
            "url": "http://hqxjdy.ckldw.com.cn/index_5_83.htm"
        }, 
        {
            "url": "http://hqxjdy.ckldw.com.cn/index_5_887.htm"
        }, 
        {
            "url": "http://hqxjdy.ckldw.com.cn/index_5_90.htm"
        }, 
        {
            "url": "http://hqxjdy.ckldw.com.cn/index_5_93.htm"
        }, 
        {
            "url": "http://hqxjdy.ckldw.com.cn/index_7.htm"
        }, 
        {
            "url": "http://hqxjdy.ckldw.com.cn/index_73_0.htm"
        }, 
        {
            "url": "http://hqxjdy.ckldw.com.cn/index_7_31.htm"
        }, 
        {
            "url": "http://hqxjdy.ckldw.com.cn/index_8_05.htm"
        }, 
        {
            "url": "http://hqxjdy.ckldw.com.cn/index_8_59.htm"
        }, 
        {
            "url": "http://hqxjdy.ckldw.com.cn/index_8_82.htm"
        }, 
        {
            "url": "http://hqxjdy.ckldw.com.cn/sitemap.html"
        }, 
        {
            "url": "http://hqxjdy.ckldw.com.cn/view_HMQ.htm"
        }, 
        {
            "url": "http://http.hotgame8.cn/zonglv/index_2.html"
        }, 
        {
            "url": "http://ivy.pconline.com.cn/click?REDACTED"
        }, 
        {
            "url": "http://jasswryyyxf.lmqxw.com.cn/tv-cci.htm"
        }, 
        {
            "url": "http://javadianzishuxiazai.lmqxw.com.cn/detail_cci.html"
        }, 
        {
            "url": "http://jiqinglun.llykw.com.cn/item_gJA.html"
        }, 
        {
            "url": "http://jjyynrz.bmflw.com.cn/tv_b.html"
        }, 
        {
            "url": "http://jjyysqdy987.bmwqw.com.cn/tv-237.html"
        }, 
        {
            "url": "http://kaixinseqinghenhen.bqyfw.com.cn/item-bSN.htm"
        }, 
        {
            "url": "http://ks.flgw.com.cn/art/openarticle2.asp?REDACTED"
        }, 
        {
            "url": "http://kxcrssxyxs.bmflw.com.cn/view_bPX/"
        }, 
        {
            "url": "http://lcao.bmflw.com.cn/detail-b/"
        }, 
        {
            "url": "http://lin25.dcqdw.com.cn/item_Fyy.htm"
        }, 
        {
            "url": "http://lsgyyxf31.dcqdw.com.cn/item_Fyy.html"
        }, 
        {
            "url": "http://m.cdjatc.com.cn/remen/146619/"
        }, 
        {
            "url": "http://m.guanxg.cn/remen/drori.html"
        }, 
        {
            "url": "http://m.jrceg.cn/1/wstp/niu.html"
        }, 
        {
            "url": "http://m.safesofts.com.cn/remen/239753/"
        }, 
        {
            "url": "http://m.tzxyh.cn/shenghuo/413132/"
        }, 
        {
            "url": "http://m.winshai.cn/t15383.html"
        }, 
        {
            "url": "http://m.ytjiazhuang.cn/tupianqiang/%E6%97%A5%E6%9C%AC%E8%8A%82%E7%9B%AE%E7%8C%9C%E8%87%AA%E5%B7%B1%E5%A5%B3%E5%84%BF.html"
        }, 
        {
            "url": "http://mfdsjhswz721.cmfnw.com.cn/view_CDE.html"
        }, 
        {
            "url": "http://monikabeiluqirjipian.cmfnw.com.cn/detail-wDg.html"
        }, 
        {
            "url": "http://mrose.com.cn/"
        }, 
        {
            "url": "http://mrose.com.cn/member/index_do.php?REDACTED"
        }, 
        {
            "url": "http://n0704.cwqzw.com.cn/view-FROP/"
        }, 
        {
            "url": "http://nanacaoyeyelu.bmflw.com.cn/detail-b/"
        }, 
        {
            "url": "http://nduo.cn/"
        }, 
        {
            "url": "http://nduo.cn/apk/detail"
        }, 
        {
            "url": "http://nicaiwohuazenmewan.lmqxw.com.cn/view_cci.html"
        }, 
        {
            "url": "http://nld.lmpgw.com.cn/view_233.htm"
        }, 
        {
            "url": "http://npopss-cn.gov.cn/BIG5/junshi/42964/3189692.html"
        }, 
        {
            "url": "http://npopss-cn.gov.cn/BIG5/junshi/42964/3189698.html"
        }, 
        {
            "url": "http://npopss-cn.gov.cn/BIG5/paper1668/14007/1249996.html"
        }, 
        {
            "url": "http://npopss-cn.gov.cn/BIG5/paper2086/16908/1485441.html"
        }, 
        {
            "url": "http://npopss-cn.gov.cn/BIG5/paper85/17144/1503072.html"
        }, 
        {
            "url": "http://npopss-cn.gov.cn/BIG5/paper85/17144/1503087.html"
        }, 
        {
            "url": "http://oa.0898.cn/BIG5/paper39/17232/1510610.html"
        }, 
        {
            "url": "http://omeka.cn/"
        }, 
        {
            "url": "http://omtpllpzxdy.lmpgw.com.cn/view_233/"
        }, 
        {
            "url": "http://opinion.people.com.cn/BIG5/1036/4115110.html"
        }, 
        {
            "url": "http://opinion1.people.com.cn/BIG5/1036/4115110.html"
        }, 
        {
            "url": "http://oumeiyabaozhuang.bxnzw.com.cn/tv-osr.htm"
        }, 
        {
            "url": "http://people.cn/BIG5/paper39/17232/1510610.html"
        }, 
        {
            "url": "http://people.com.cn/BIG5/paper3024/15191/1347265.html"
        }, 
        {
            "url": "http://people.com.cn/BIG5/paper39/17232/1510610.html"
        }, 
        {
            "url": "http://peopledaily.com.cn/BIG5/paper39/17232/1510610.html"
        }, 
        {
            "url": "http://peopleinfo.com.cn/BIG5/paper3024/15191/1347265.html"
        }, 
        {
            "url": "http://pic.people.com.cn/BIG5/1099/6362792.html"
        }, 
        {
            "url": "http://pic.people.com.cn/BIG5/tupian/247/7610/7611/5936396.html"
        }, 
        {
            "url": "http://pic.people.com.cn/GB/55683/6767438.html"
        }, 
        {
            "url": "http://pic1.people.com.cn/BIG5/paper3024/15191/1347265.html"
        }, 
        {
            "url": "http://pop.chaxun8.cn/zonglv/index_2.html"
        }, 
        {
            "url": "http://qiuyizaixianwang.bmflw.com.cn/item-b.htm"
        }, 
        {
            "url": "http://rbavcrsqyp.bxnzw.com.cn/detail_osr.html"
        }, 
        {
            "url": "http://rkbhkszl2xz.kjgjr.cn/"
        }, 
        {
            "url": "http://sacrzgb.lmpgw.com.cn/tv_233.htm"
        }, 
        {
            "url": "http://se388.lmqxw.com.cn/item-on.htm"
        }, 
        {
            "url": "http://search.xmtfj.gov.cn/xwzx/sjdt/201607/t20160709_10115457.htm"
        }, 
        {
            "url": "http://secom649.lmpgw.com.cn/tv_233.htm"
        }, 
        {
            "url": "http://semm534.lmpgw.com.cn/tv_233.htm"
        }, 
        {
            "url": "http://seyezaixianshipin.cmfnw.com.cn/detail-PXT/"
        }, 
        {
            "url": "http://sibadakexueyusha2ji.bkwnw.com.cn/view-tot.html"
        }, 
        {
            "url": "http://sngyztpyjhas.lmpgw.com.cn/tv_233.html"
        }, 
        {
            "url": "http://sslbzxz.kytjr.cn/"
        }, 
        {
            "url": "http://stszxfwsj.bmwqw.com.cn/tv_657.htm"
        }, 
        {
            "url": "http://ttmcmp4xz.cmfnw.com.cn/tv-CDE/"
        }, 
        {
            "url": "http://ttrspzx.cmfnw.com.cn/item-CDE.html"
        }, 
        {
            "url": "http://twxyyxf.cmfnw.com.cn/item-CDT.htm"
        }, 
        {
            "url": "http://vet.scau.edu.cn/html/xingzhengbangongshi/"
        }, 
        {
            "url": "http://whbcjtpc.kygjr.cn/"
        }, 
        {
            "url": "http://wmtl2.cn/"
        }, 
        {
            "url": "http://wmtl2.cn/0206mzjl.htm"
        }, 
        {
            "url": "http://wmtl2.cn/2014szps.htm"
        }, 
        {
            "url": "http://wmtl2.cn/gamegl.htm"
        }, 
        {
            "url": "http://wmtl2.cn/hqrj.htm"
        }, 
        {
            "url": "http://wmtl2.cn/index.htm"
        }, 
        {
            "url": "http://www.0377tv.cn/"
        }, 
        {
            "url": "http://www.100sheying.cn/blackbiblexunlei.shtml"
        }, 
        {
            "url": "http://www.31113.cn/zonglv/index_2.html"
        }, 
        {
            "url": "http://www.3news.cn/html/guandian/"
        }, 
        {
            "url": "http://www.52clean.com.cn/pic/ddtrt.html"
        }, 
        {
            "url": "http://www.61etw.cn/htm/w8/37535.htm"
        }, 
        {
            "url": "http://www.8848dy.cn/?REDACTED"
        }, 
        {
            "url": "http://www.8wwwfun88.cn/"
        }, 
        {
            "url": "http://www.8wwwfun88.cn/news/19267.html"
        }, 
        {
            "url": "http://www.8wwwfun88.cn/news/23447.html"
        }, 
        {
            "url": "http://www.aspzz.com.cn/"
        }, 
        {
            "url": "http://www.beihaipark.com.cn/"
        }, 
        {
            "url": "http://www.best-homestay.com.cn/dizhi/49168.html"
        }, 
        {
            "url": "http://www.bjhuayuan.cn/gaoguantuandui/103.html"
        }, 
        {
            "url": "http://www.bjzdtc.cn/cuahih.shtml"
        }, 
        {
            "url": "http://www.bjzdtc.cn/faifiu.shtml"
        }, 
        {
            "url": "http://www.bjzdtc.cn/fkakna.shtml"
        }, 
        {
            "url": "http://www.bjzdtc.cn/fkiwmh.shtml"
        }, 
        {
            "url": "http://www.bjzdtc.cn/hiakhw.shtml"
        }, 
        {
            "url": "http://www.bjzdtc.cn/hwnw.shtml"
        }, 
        {
            "url": "http://www.bjzdtc.cn/iamunh.shtml"
        }, 
        {
            "url": "http://www.bjzdtc.cn/icfiiu.shtml"
        }, 
        {
            "url": "http://www.bjzdtc.cn/incuii.shtml"
        }, 
        {
            "url": "http://www.bjzdtc.cn/inwfww.shtml"
        }, 
        {
            "url": "http://www.bjzdtc.cn/iunwh.shtml"
        }, 
        {
            "url": "http://www.bjzdtc.cn/iwmwuc.shtml"
        }, 
        {
            "url": "http://www.bjzdtc.cn/kihiih.shtml"
        }, 
        {
            "url": "http://www.bjzdtc.cn/kmwnfw.shtml"
        }, 
        {
            "url": "http://www.bjzdtc.cn/mauiww.shtml"
        }, 
        {
            "url": "http://www.bjzdtc.cn/mffakh.shtml"
        }, 
        {
            "url": "http://www.bjzdtc.cn/nkccnu.shtml"
        }, 
        {
            "url": "http://www.bjzdtc.cn/nuuaai.shtml"
        }, 
        {
            "url": "http://www.bjzdtc.cn/uniawc.shtml"
        }, 
        {
            "url": "http://www.bjzdtc.cn/uucfch.shtml"
        }, 
        {
            "url": "http://www.bluthner.cn/index.php/bluthnerfactory?REDACTED"
        }, 
        {
            "url": "http://www.bmflw.com.cn/viewbPX.html"
        }, 
        {
            "url": "http://www.bt1024.cn/bt/3vTlCKcubeQH.html"
        }, 
        {
            "url": "http://www.bt1024.cn/bt/mcSdBSxr3vQk.html"
        }, 
        {
            "url": "http://www.bt1024.cn/bt/wrZSlItO8EaM.html"
        }, 
        {
            "url": "http://www.cdxcyz.cn/226528.shtml"
        }, 
        {
            "url": "http://www.cdxcyz.cn/30090.shtml"
        }, 
        {
            "url": "http://www.cdxcyz.cn/5751124.shtml"
        }, 
        {
            "url": "http://www.cdxcyz.cn/993286.shtml"
        }, 
        {
            "url": "http://www.charminggirls.com.cn/lmulsl.html"
        }, 
        {
            "url": "http://www.charminggirls.com.cn/lx.html"
        }, 
        {
            "url": "http://www.charminggirls.com.cn/ppsqs.html"
        }, 
        {
            "url": "http://www.charminggirls.com.cn/sulxu.html"
        }, 
        {
            "url": "http://www.charminggirls.com.cn/wwzusam.html"
        }, 
        {
            "url": "http://www.charminggirls.com.cn/wzlmwxp.html"
        }, 
        {
            "url": "http://www.chaxun8.cn/zonglv/index_2.html"
        }, 
        {
            "url": "http://www.chinafen.cn/"
        }, 
        {
            "url": "http://www.chinafen.cn/a/caijing/20160516/4715.html"
        }, 
        {
            "url": "http://www.chinafen.cn/a/caijing/20160801/6006.html"
        }, 
        {
            "url": "http://www.chinafen.cn/a/caijing/20160822/6216.html"
        }, 
        {
            "url": "http://www.chinafen.cn/a/caijing/20160907/6305.html"
        }, 
        {
            "url": "http://www.chinafen.cn/a/caijing/20160907/6306.html"
        }, 
        {
            "url": "http://www.chinafen.cn/a/caijing/20160907/6307.html"
        }, 
        {
            "url": "http://www.chinafen.cn/a/caijing/20160913/6334.html"
        }, 
        {
            "url": "http://www.chinafen.cn/a/caijing/20160914/6342.html"
        }, 
        {
            "url": "http://www.chinafen.cn/a/caijing/20160918/6352.html"
        }, 
        {
            "url": "http://www.chinafen.cn/a/gongsi/20160830/6275.html"
        }, 
        {
            "url": "http://www.chinafen.cn/a/jujiao/20160908/6311.html"
        }, 
        {
            "url": "http://www.chinafen.cn/a/jujiao/20160912/6323.html"
        }, 
        {
            "url": "http://www.chinafen.cn/a/jujiao/20160912/6327.html"
        }, 
        {
            "url": "http://www.chinafen.cn/a/jujiao/20160913/6336.html"
        }, 
        {
            "url": "http://www.chinafen.cn/a/jujiao/20160923/6414.html"
        }, 
        {
            "url": "http://www.chuchetai.cn/lldyw/haoxianshengsunhonglei/"
        }, 
        {
            "url": "http://www.chuchetai.cn/lldyw/wojiaozhaohonghuajiayiping/"
        }, 
        {
            "url": "http://www.chuchetai.cn/wyt/qingchunsanxuanyichenjianhao/"
        }, 
        {
            "url": "http://www.chunlan.bj.cn/59551.shtml"
        }, 
        {
            "url": "http://www.chwujin.com.cn/"
        }, 
        {
            "url": "http://www.fzbrk.cn/tech.htm"
        }, 
        {
            "url": "http://www.gczgh.cn/remen/252198/"
        }, 
        {
            "url": "http://www.gglhw.com.cn/viewfyi.html"
        }, 
        {
            "url": "http://www.hanantang.cn/forum.php?REDACTED"
        }, 
        {
            "url": "http://www.hanantang.cn/thread-162666-1-1.html"
        }, 
        {
            "url": "http://www.hanantang.cn/thread-188506-1-1.html"
        }, 
        {
            "url": "http://www.hanantang.cn/thread-188684-1-1.html"
        }, 
        {
            "url": "http://www.hanantang.cn/thread-188771-1-1.html"
        }, 
        {
            "url": "http://www.hanantang.cn/thread-188961-1-1.html"
        }, 
        {
            "url": "http://www.happyyouyou.com.cn/"
        }, 
        {
            "url": "http://www.happyyouyou.com.cn/archiver/?REDACTED"
        }, 
        {
            "url": "http://www.happyyouyou.com.cn/forum.php?REDACTED"
        }, 
        {
            "url": "http://www.happyyouyou.com.cn/home.php?REDACTED"
        }, 
        {
            "url": "http://www.hksteel.com.cn/qpoerp.html"
        }, 
        {
            "url": "http://www.hksteel.com.cn/siyqp.html"
        }, 
        {
            "url": "http://www.hotgame8.cn/zonglv/index_2.html"
        }, 
        {
            "url": "http://www.hunshazhan.cn/daenae"
        }, 
        {
            "url": "http://www.jintongzi.cn/"
        }, 
        {
            "url": "http://www.jintongzi.cn/?REDACTED"
        }, 
        {
            "url": "http://www.jinzhongnews.org.cn/a/junshi/20160605/1595.html"
        }, 
        {
            "url": "http://www.jinzhongnews.org.cn/a/pinglun/20160605/1594.html"
        }, 
        {
            "url": "http://www.jinzhongnews.org.cn/a/tiyu/20160509/1558.html"
        }, 
        {
            "url": "http://www.jltly.cn/remen/293774/"
        }, 
        {
            "url": "http://www.jzcbff.cn/a/bianxielvhuayincanbidianji/"
        }, 
        {
            "url": "http://www.jzcbff.cn/a/buxiugangceshizhuang/"
        }, 
        {
            "url": "http://www.jzcbff.cn/a/chuantiyonghanjieshilvyangji/"
        }, 
        {
            "url": "http://www.jzcbff.cn/a/chuantiyonghanjieshixinyangji/"
        }, 
        {
            "url": "http://www.jzcbff.cn/a/dengdianweidianyongbaohuqi/"
        }, 
        {
            "url": "http://www.jzcbff.cn/a/fangbaojiexianxiang/"
        }, 
        {
            "url": "http://www.jzcbff.cn/a/fangdaoceshizhuang/"
        }, 
        {
            "url": "http://www.jzcbff.cn/a/gangzhiceshizhuang4/"
        }, 
        {
            "url": "http://www.jzcbff.cn/a/gaoguizhutieyangjidichuang/"
        }, 
        {
            "url": "http://www.jzcbff.cn/a/gaopinduotaiheyi/"
        }, 
        {
            "url": "http://www.jzcbff.cn/a/guandaotaoguanchuanyuejueyuanzhichengjia/"
        }, 
        {
            "url": "http://www.jzcbff.cn/a/haishuilingquexitongyongxinyangji/"
        }, 
        {
            "url": "http://www.jzcbff.cn/a/hangegaoguizhutieshenjingyangjiti/"
        }, 
        {
            "url": "http://www.jzcbff.cn/a/jueyuanfalan/"
        }, 
        {
            "url": "http://www.jzcbff.cn/a/lvrehanji_daizhuang_/"
        }, 
        {
            "url": "http://www.jzcbff.cn/a/lvrehanji_pingzhuang_/"
        }, 
        {
            "url": "http://www.jzcbff.cn/a/meiyangjitaozhuangzuhejian/20130731/18.html"
        }, 
        {
            "url": "http://www.jzcbff.cn/a/shixinbangzhuanggaoguizhutieyangji/"
        }, 
        {
            "url": "http://www.jzcbff.cn/a/wangzhanshouye/gongqiuxinxi/20130815/287.html"
        }, 
        {
            "url": "http://www.jzcbff.cn/a/yazhuyongmeihejinbangcai/"
        }, 
        {
            "url": "http://www.jzcbff.cn/a/youshishili/gongsiyeji/20130731/173.html"
        }, 
        {
            "url": "http://www.jzcbff.cn/a/yuanyouchuguanyonglvyangji/"
        }, 
        {
            "url": "http://www.jzcbff.cn/a/zhuanyongdianlanxian/"
        }, 
        {
            "url": "http://www.jzcbff.cn/plus/list.php?REDACTED"
        }, 
        {
            "url": "http://www.kmlumai.cn/"
        }, 
        {
            "url": "http://www.kmlumai.cn/a/chanpinzhanshi/20140426/15.html"
        }, 
        {
            "url": "http://www.llykw.com.cn/"
        }, 
        {
            "url": "http://www.metalcraft.cn/index.php?REDACTED"
        }, 
        {
            "url": "http://www.mrose.com.cn/huayu"
        }, 
        {
            "url": "http://www.mrose.com.cn/index.html"
        }, 
        {
            "url": "http://www.mrose.com.cn/plus/list.php?REDACTED"
        }, 
        {
            "url": "http://www.ms178.cn/tmg/1208206.html"
        }, 
        {
            "url": "http://www.ms178.cn/tmg/1868690.html"
        }, 
        {
            "url": "http://www.ms178.cn/tmg/187552.html"
        }, 
        {
            "url": "http://www.mzlxy.cn/"
        }, 
        {
            "url": "http://www.officeall.cn/remen/21395/"
        }, 
        {
            "url": "http://www.pan-ocean.cn/"
        }, 
        {
            "url": "http://www.people.cn/BIG5/paper39/17232/1510610.html"
        }, 
        {
            "url": "http://www.people.cn/GB/paper39/15260/1353081.html"
        }, 
        {
            "url": "http://www.people.com.cn/BIG5/21596/1842027.html"
        }, 
        {
            "url": "http://www.people.com.cn/BIG5/paper3024/15191/1347265.html"
        }, 
        {
            "url": "http://www.people.com.cn/BIG5/paper39/14963/1327654.html"
        }, 
        {
            "url": "http://www.people.com.cn/BIG5/paper39/17232/1510610.html"
        }, 
        {
            "url": "http://www.people.com.cn/GB/paper39/15260/1353081.html"
        }, 
        {
            "url": "http://www.people.com.cn/GB/paper39/15321/1358304.html"
        }, 
        {
            "url": "http://www.peopledaily.edu.cn/BIG5/paper39/17232/1510610.html"
        }, 
        {
            "url": "http://www.qygw.com.cn/home/showweb/112124"
        }, 
        {
            "url": "http://www.rcsfgj.cn/remen/61997/"
        }, 
        {
            "url": "http://www.renhuainews.org.cn/a/guona/20160731/884.html"
        }, 
        {
            "url": "http://www.renhuainews.org.cn/a/shipin/20160509/770.html"
        }, 
        {
            "url": "http://www.shuhuadh.cn/about.asp?REDACTED"
        }, 
        {
            "url": "http://www.shuhuadh.cn/art.asp?REDACTED"
        }, 
        {
            "url": "http://www.shuhuadh.cn/artlist.asp?REDACTED"
        }, 
        {
            "url": "http://www.shuhuadh.cn/news.asp?REDACTED"
        }, 
        {
            "url": "http://www.shuhuadh.cn/newslist.asp?REDACTED"
        }, 
        {
            "url": "http://www.shuhuadh.cn/paimai.asp?REDACTED"
        }, 
        {
            "url": "http://www.sjec.com.cn/en/domestic.html"
        }, 
        {
            "url": "http://www.study365.cn/"
        }, 
        {
            "url": "http://www.taohuayun.cn/news/show.php?REDACTED"
        }, 
        {
            "url": "http://www.tzxyh.cn/remen/150476/"
        }, 
        {
            "url": "http://www.vewen.cn/"
        }, 
        {
            "url": "http://www.wmtl2.cn/"
        }, 
        {
            "url": "http://www.wmtl2.cn/0206mzjl.htm"
        }, 
        {
            "url": "http://www.wmtl2.cn/2014szps.htm"
        }, 
        {
            "url": "http://www.wmtl2.cn/gamegl.htm"
        }, 
        {
            "url": "http://www.wmtl2.cn/hqrj.htm"
        }, 
        {
            "url": "http://www.xctg.com.cn/plus/link/to/index.asp?REDACTED"
        }, 
        {
            "url": "http://www.xhct.com.cn/plus/link/to/index.asp?REDACTED"
        }, 
        {
            "url": "http://www.xm.gov.cn/ftzb/rjysqjsqk/wzsl/"
        }, 
        {
            "url": "http://www.xm.gov.cn/xmyw/201609/t20160901_1357945.htm"
        }, 
        {
            "url": "http://www.xmbj.gov.cn/"
        }, 
        {
            "url": "http://www.xmhrss.gov.cn/fwsy/zjrc/tzgg/"
        }, 
        {
            "url": "http://www.xmtfj.gov.cn/xwzx/sjdt/201607/t20160709_10115457.htm"
        }, 
        {
            "url": "http://www.xyprinting.cn/?REDACTED"
        }, 
        {
            "url": "http://www.yhny.gov.cn/plus/list.php?REDACTED"
        }, 
        {
            "url": "http://www.ytjiazhuang.cn/tupianqiang/%E6%97%A5%E6%9C%AC%E8%8A%82%E7%9B%AE%E7%8C%9C%E8%87%AA%E5%B7%B1%E5%A5%B3%E5%84%BF.html"
        }, 
        {
            "url": "http://www.zhansww.cn/"
        }, 
        {
            "url": "http://www.zhansww.cn/html/2016/henhenlu_0414/25.html"
        }, 
        {
            "url": "http://www.zhansww.cn/html/2016/henhenlu_0414/26.html"
        }, 
        {
            "url": "http://www.zhansww.cn/html/2016/henhenlu_0414/27.html"
        }, 
        {
            "url": "http://www.zhansww.cn/html/2016/henhenlu_0414/31.html"
        }, 
        {
            "url": "http://www.zhansww.cn/html/2016/henhenlu_0514/106.html"
        }, 
        {
            "url": "http://www.zhansww.cn/html/2016/henhenlu_0516/107.html"
        }, 
        {
            "url": "http://www.zhansww.cn/html/2016/henhenlu_0517/108.html"
        }, 
        {
            "url": "http://www.zhansww.cn/html/2016/henhenlu_0617/110.html"
        }, 
        {
            "url": "http://www.zhansww.cn/html/2016/henhenlu_0627/111.html"
        }, 
        {
            "url": "http://www.zhansww.cn/html/2016/henhenlu_0704/112.html"
        }, 
        {
            "url": "http://www.zhansww.cn/html/2016/renren_0414/90.html"
        }, 
        {
            "url": "http://www.zhansww.cn/html/2016/renren_0414/92.html"
        }, 
        {
            "url": "http://www.zhansww.cn/html/fuli/"
        }, 
        {
            "url": "http://www.zhansww.cn/html/fuli/index.html"
        }, 
        {
            "url": "http://www.zhansww.cn/html/henhenlu/"
        }, 
        {
            "url": "http://www.zhansww.cn/html/henhenlu/index.html"
        }, 
        {
            "url": "http://www.zhansww.cn/html/renren/"
        }, 
        {
            "url": "http://www.zhansww.cn/html/renren/index.html"
        }, 
        {
            "url": "http://www.zhfgch.com.cn/chanpinzhanshi.htm"
        }, 
        {
            "url": "http://www.ziyangnews.org.cn/a/shendu/20160505/652.html"
        }, 
        {
            "url": "http://www1.people.com.cn/BIG5/paper3024/15191/1347265.html"
        }, 
        {
            "url": "http://www1.people.com.cn/BIG5/paper39/17232/1510610.html"
        }, 
        {
            "url": "http://www1.peopledaily.com.cn/BIG5/paper39/14963/1327654.html"
        }, 
        {
            "url": "http://www1.peopledaily.com.cn/BIG5/paper39/17232/1510610.html"
        }, 
        {
            "url": "http://www1.peopledaily.com.cn/GB/paper39/15260/1353081.html"
        }, 
        {
            "url": "http://xfsqwytp.llykw.com.cn/tv-gJA/"
        }, 
        {
            "url": "http://xiaocalllongru.bxnzw.com.cn/tv-orpf/"
        }, 
        {
            "url": "http://xjz.tynews.com.cn/"
        }, 
        {
            "url": "http://xjz.tynews.com.cn/do"
        }, 
        {
            "url": "http://xy.scau.edu.cn/caineng/yx/caihua/content/?REDACTED"
        }, 
        {
            "url": "http://xy.scau.edu.cn/gcxy/mycollege/StaticsNews/b-haotongqi.html"
        }, 
        {
            "url": "http://xy.scau.edu.cn/gongguan/tuguan/Article/jctg/201106/19.html"
        }, 
        {
            "url": "http://xy.scau.edu.cn/gongguan/tuguan/Article/kxyj/Index.html"
        }, 
        {
            "url": "http://xy.scau.edu.cn/gongguan/website/Article/jdll/200910/241.html"
        }, 
        {
            "url": "http://xy.scau.edu.cn/linxue//Lowcarbon/Page/hjix/3052.html"
        }, 
        {
            "url": "http://xy.scau.edu.cn/linxue//Lowcarbon/Page/hjix/5518.html"
        }, 
        {
            "url": "http://xy.scau.edu.cn/linxue/html/xstz/2064.html"
        }, 
        {
            "url": "http://xy.scau.edu.cn/linxue/html/xynews/438.html"
        }, 
        {
            "url": "http://xy.scau.edu.cn/yyx"
        }, 
        {
            "url": "http://xy.scau.edu.cn/yyx/qnyy/html/tongzhigonggao/847.html"
        }, 
        {
            "url": "http://xy.scau.edu.cn/yyx/web/html/teaching/teachers/chaye/zhang-ling-zhi.html"
        }, 
        {
            "url": "http://xy.scau.edu.cn/yyx/yyxf/html/dangyuanjiaoyu/20130415314.html"
        }, 
        {
            "url": "http://xy.scau.edu.cn/yyx/yyxf/html/jicengdangjian/Index_19.html"
        }, 
        {
            "url": "http://xyprinting.cn/?REDACTED"
        }, 
        {
            "url": "http://yazhoudishiyeyeyewan.bmflw.com.cn/tv_b/"
        }, 
        {
            "url": "http://yazhoulaiba.gglhw.com.cn/view-mjy.html"
        }, 
        {
            "url": "http://yue5se.cwqzw.com.cn/view-FROP.htm"
        }, 
        {
            "url": "http://yy.cdysou.cn/"
        }, 
        {
            "url": "http://yy.cdysou.cn/gongyu/shownews.php?REDACTED"
        }, 
        {
            "url": "http://yy.cdysou.cn/product/showproduct.php?REDACTED"
        }, 
        {
            "url": "http://yywwlsajqwdss26uuu.lmqxw.com.cn/view-cci.html"
        }, 
        {
            "url": "http://yyxfczdzm.lmqxw.com.cn/view_on/"
        }, 
        {
            "url": "http://yyxfqw.lmnlw.com.cn/view_117.html"
        }, 
        {
            "url": "http://yyxfsososes.cmfnw.com.cn/detail_CDT.htm"
        }, 
        {
            "url": "http://yyxfxjydy.bmflw.com.cn/item-b.htm"
        }, 
        {
            "url": "http://yyxfzyzxm.cmfnw.com.cn/tv_TDg/"
        }, 
        {
            "url": "http://yyxnjxs.kbxjr.cn/"
        }, 
        {
            "url": "http://z.ysshj.cn/c/"
        }, 
        {
            "url": "http://z.ysshj.cn/c/?REDACTED"
        }, 
        {
            "url": "http://zgjjw.china-promote.com.cn/article/1012.html"
        }, 
        {
            "url": "http://zgjjw.china-promote.com.cn/article/1078.html"
        }, 
        {
            "url": "http://zgjjw.china-promote.com.cn/article/621.html"
        }, 
        {
            "url": "http://zgjjw.china-promote.com.cn/article/626.html"
        }, 
        {
            "url": "http://zgjjw.china-promote.com.cn/article/738.html"
        }, 
        {
            "url": "http://zgjjw.china-promote.com.cn/article/739.html"
        }, 
        {
            "url": "http://zgjjw.china-promote.com.cn/article/785.html"
        }, 
        {
            "url": "http://zgjjw.china-promote.com.cn/article/835.html"
        }, 
        {
            "url": "http://zgjjw.china-promote.com.cn/article/844.html"
        }, 
        {
            "url": "http://zgjjw.china-promote.com.cn/article/882.html"
        }, 
        {
            "url": "http://zgjjw.china-promote.com.cn/article/906.html"
        }, 
        {
            "url": "http://zgjjw.china-promote.com.cn/article/925.html"
        }, 
        {
            "url": "http://zgjjw.china-promote.com.cn/article/933.html"
        }, 
        {
            "url": "http://zgjjw.china-promote.com.cn/article/937.html"
        }, 
        {
            "url": "http://zgjjw.china-promote.com.cn/article/947.html"
        }, 
        {
            "url": "http://zgjjw.china-promote.com.cn/article/956.html"
        }, 
        {
            "url": "http://zgjjw.china-promote.com.cn/article/972.html"
        }, 
        {
            "url": "http://zgjjw.china-promote.com.cn/article/990.html"
        }, 
        {
            "url": "http://zgjjw.china-promote.com.cn/article/992.html"
        }, 
        {
            "url": "http://zgjjw.china-promote.com.cn/article/998.html"
        }, 
        {
            "url": "http://zgjjw.china-promote.com.cn/news.html"
        }, 
        {
            "url": "http://zgjjw.china-promote.com.cn/pro/155.html"
        }, 
        {
            "url": "http://zgjjw.china-promote.com.cn/pro/164.html"
        }, 
        {
            "url": "http://zgjjw.china-promote.com.cn/qyml.html"
        }, 
        {
            "url": "http://zgjjw.china-promote.com.cn/zh.html"
        }, 
        {
            "url": "http://zgzb.china-promote.com.cn/article/560.html"
        }, 
        {
            "url": "http://zhkjw.com.cn/zx/info_show.aspx?REDACTED"
        }, 
        {
            "url": "http://zhushou.360.cn/soft/parter/goto/s_ndou/"
        }, 
        {
            "url": "http://zjrc.xmhrss.gov.cn/tzgg/"
        }
    ], 
    "_meta": {
        "tracking_code": null, 
        "dates": {
            "report": {
                "yearly": "2016", 
                "hourly": "2016-10-17-08", 
                "tz": null, 
                "monthly": "2016-10", 
                "daily": "2016-10-17", 
                "epoch": 1476664305.0, 
                "iso": "2016-10-17T08:31:45", 
                "obj": "2016-10-17T08:31:45"
            }, 
            "creating": {
                "yearly": "2016", 
                "hourly": "2016-10-31-15", 
                "tz": null, 
                "monthly": "2016-10", 
                "daily": "2016-10-31", 
                "epoch": 1477899787.0, 
                "iso": "2016-10-31T15:43:07.097427", 
                "obj": "2016-10-31T15:43:07.097427"
            }
        }, 
        "ids": {
            "origin_type_id": "google_ioc_url", 
            "process_id": "8fcbf43a-a6b9-463e-9c23-6f91a88fd089", 
            "saving_dir_id": "google_ioc_url/2016-10-31/8fcbf43a-a6b9-463e-9c23-6f91a88fd089", 
            "rule_id": "xxxxxxxx"
        }
    }, 
    "enrich": {
        "origin_type_id": "google_ioc_url", 
        "origin_organization": {
            "brief_name": "google", 
            "category": "open_feed", 
            "name": "google.com"
        }, 
        "secret_level": "open", 
        "intelligence_type": {
            "category": "ioc", 
            "future_fields": {
                "url": [
                    "url"
                ], 
                "ip": [], 
                "hash": []
            }, 
            "subcategory": "url"
        }
    }, 
    "data_storage": {
        "saving_dir_id": "google_ioc_url/2016-10-31/972a2e5d-95ea-40e5-8026-1c24d6fd0a43", 
        "M_storage_used": 3, 
        "disk_saving_strategy": "BaseDir|OriginTypeId|YYMMDD|ProcessId|Data", 
        "month_reserved": 3
    }, 
    "report_futures": {
        "url": [
            {
                "values": [
                    "http://10000v.cn/zonglv/index_2.html", 
                    "http://15p.bmflw.com.cn/view_b/", 
                    "http://1755mmf28g.bxnzw.com.cn/detail-osr/", 
                    "http://222qingseshipin.bxnzw.com.cn/detail_osr.html", 
                    "http://35118.cn/zonglv/index_2.html", 
                    "http://52xp.cn/zonglv/index_2.html", 
                    "http://8848dy.cn/?REDACTED", 
                    "http://abctttcom.gglhw.com.cn/view_yfk/", 
                    "http://anquyezonghewang521.cwqzw.com.cn/view_FROP.html", 
                    "http://artnews.cn/UploadFiles", 
                    "http://artnews.cn/UploadFiles/ArtWeekly/03/aiw_03_04.html", 
                    "http://artnews.cn/UploadFiles/Special/dongman/hhz-80tp-1.html", 
                    "http://artnews.cn/UploadFiles/Special/dongman/hhz-80tp-3.html", 
                    "http://artnews.cn/UploadFiles/Special/minglibang/12.html", 
                    "http://aspzz.com.cn/", 
                    "http://astronomy2009.people.com.cn/BIG5/paper39/17232/1510610.html", 
                    "http://bbs.52xp.cn/zonglv/index_2.html", 
                    "http://bbt.bmflw.com.cn/view_b.html", 
                    "http://bbzyxfyyw906.llfxw.com.cn/detail_Ept.html", 
                    "http://bgwen.kytjr.cn/detail-514.html", 
                    "http://bjcrgkw.bmflw.com.cn/tv-b.html", 
                    "http://bluthner.cn/index.php/bluthnerfactory", 
                    "http://caochushuitupian.bxnzw.com.cn/detail-dey/", 
                    "http://caocm.bmflw.com.cn/detail_b.htm", 
                    "http://charminggirls.com.cn/", 
                    "http://chinafen.cn/a/licai/20160819/6195.html", 
                    "http://chinafen.cn/a/xiaofei/list_5_1.html", 
                    "http://chinaski.com.cn/chanpinzhanshi/xuetoukuijihuaxuejing/ELANhuaxuedanban", 
                    "http://chuchetai.cn/qqse/xianjianyunzhifanhandongjun/", 
                    "http://cips.chinapublish.com.cn/chinapublish/zgcbkys/hwdt/gtdt/200811/t20081127_41425.html", 
                    "http://cjrzyc.china-promote.com.cn/article/677.html", 
                    "http://cjrzyc.china-promote.com.cn/article/681.html", 
                    "http://cjrzyc.china-promote.com.cn/article/779.html", 
                    "http://cjrzyc.china-promote.com.cn/article/883.html", 
                    "http://cjrzyc.china-promote.com.cn/article/917.html", 
                    "http://ckldw.com.cn/", 
                    "http://crdmyyw.bmflw.com.cn/tv-b/", 
                    "http://crdyjqw.cmfnw.com.cn/tv-CDT.html", 
                    "http://crwmzxzb.lmqxw.com.cn/detail_cci.htm", 
                    "http://crzhjq.lmqxw.com.cn/tv_on.html", 
                    "http://csfnllkj.bmflw.com.cn/tv_bPX/", 
                    "http://culture.people.com.cn/BIG5/40466/40468/3659315.html", 
                    "http://culture.people.com.cn/GB/40462/40463/5541136.html", 
                    "http://d.youth.cn/sk/201606/t20160603_8080912_1.htm", 
                    "http://d.youth.cn/sk/201606/t20160607_8092409.htm", 
                    "http://d.youth.cn/sk/201606/t20160622_8171636.htm", 
                    "http://d.youth.cn/sk/201606/t20160622_8171636.htm?REDACTED", 
                    "http://d.youth.cn/sk/201607/t20160711_8263943.htm?REDACTED", 
                    "http://dasezhanqu.cwqzw.com.cn/detail-FROP.htm", 
                    "http://dyayxzxk.cwqzw.com.cn/view_FROP.html", 
                    "http://edu.people.com.cn/BIG5/8216/79347/5737719.html", 
                    "http://finance.ce.cn/xf/main/zx/200701/21/t20070121_10163407.shtml", 
                    "http://finance.people.com.cn/GB/1037/4294359.html", 
                    "http://finance1.people.com.cn/GB/1037/4294359.html", 
                    "http://fineblend.com.cn/", 
                    "http://flgwks.com.cn/art/openarticle2.asp?REDACTED", 
                    "http://fordfund.xaut.edu.cn/xmpx.asp", 
                    "http://fun.youth.cn/yl24xs/201606/t20160623_8178268.htm", 
                    "http://fun.youth.cn/yl24xs/201606/t20160623_8178268.htm?REDACTED", 
                    "http://fun.youth.cn/yl24xs/201606/t20160626_8189461.htm", 
                    "http://fun.youth.cn/yl24xs/201606/t20160627_8193560.htm?REDACTED", 
                    "http://fun.youth.cn/yl24xs/201607/t20160707_8245663.htm?REDACTED", 
                    "http://fun.youth.cn/yl24xs/201607/t20160715_8286300.htm?REDACTED", 
                    "http://fun.youth.cn/yl24xs/201607/t20160719_8305577_1.htm", 
                    "http://fun.youth.cn/yl24xs/201607/t20160726_8348327.htm", 
                    "http://fun.youth.cn/yl24xs/201607/t20160726_8348327.htm?REDACTED", 
                    "http://fun.youth.cn/yl24xs/201607/t20160726_8348750_2.htm", 
                    "http://fuqiwuyeyingyuan.cmfnw.com.cn/detail_DDX.html", 
                    "http://fzbrk.cn/tech.htm", 
                    "http://game.chaxun8.cn/zonglv/index_2.html", 
                    "http://gczgh.cn/remen/252198/", 
                    "http://gonggongqiangcaowo.cjplw.com.cn/detail_249.html", 
                    "http://gonglishengaotizhong.lmqxw.com.cn/tv-cci.htm", 
                    "http://greger.cn/", 
                    "http://groups.tianya.cn/post-206165-91d9d35b993441cb88ee45ce9b92bcff-1.shtml", 
                    "http://hanantang.cn/thread-148364-1-1.html", 
                    "http://happyyouyou.com.cn/forum.php?REDACTED", 
                    "http://hlyybzsc.bkwnw.com.cn/tv_tot/", 
                    "http://hqxjdy.ckldw.com.cn/", 
                    "http://hqxjdy.ckldw.com.cn/index_0_40.htm", 
                    "http://hqxjdy.ckldw.com.cn/index_0_84.htm", 
                    "http://hqxjdy.ckldw.com.cn/index_0_86.htm", 
                    "http://hqxjdy.ckldw.com.cn/index_5_13.htm", 
                    "http://hqxjdy.ckldw.com.cn/index_5_66.htm", 
                    "http://hqxjdy.ckldw.com.cn/index_5_83.htm", 
                    "http://hqxjdy.ckldw.com.cn/index_5_887.htm", 
                    "http://hqxjdy.ckldw.com.cn/index_5_90.htm", 
                    "http://hqxjdy.ckldw.com.cn/index_5_93.htm", 
                    "http://hqxjdy.ckldw.com.cn/index_7.htm", 
                    "http://hqxjdy.ckldw.com.cn/index_73_0.htm", 
                    "http://hqxjdy.ckldw.com.cn/index_7_31.htm", 
                    "http://hqxjdy.ckldw.com.cn/index_8_05.htm", 
                    "http://hqxjdy.ckldw.com.cn/index_8_59.htm", 
                    "http://hqxjdy.ckldw.com.cn/index_8_82.htm", 
                    "http://hqxjdy.ckldw.com.cn/sitemap.html", 
                    "http://hqxjdy.ckldw.com.cn/view_HMQ.htm", 
                    "http://http.hotgame8.cn/zonglv/index_2.html", 
                    "http://ivy.pconline.com.cn/click?REDACTED", 
                    "http://jasswryyyxf.lmqxw.com.cn/tv-cci.htm", 
                    "http://javadianzishuxiazai.lmqxw.com.cn/detail_cci.html", 
                    "http://jiqinglun.llykw.com.cn/item_gJA.html", 
                    "http://jjyynrz.bmflw.com.cn/tv_b.html", 
                    "http://jjyysqdy987.bmwqw.com.cn/tv-237.html", 
                    "http://kaixinseqinghenhen.bqyfw.com.cn/item-bSN.htm", 
                    "http://ks.flgw.com.cn/art/openarticle2.asp?REDACTED", 
                    "http://kxcrssxyxs.bmflw.com.cn/view_bPX/", 
                    "http://lcao.bmflw.com.cn/detail-b/", 
                    "http://lin25.dcqdw.com.cn/item_Fyy.htm", 
                    "http://lsgyyxf31.dcqdw.com.cn/item_Fyy.html", 
                    "http://m.cdjatc.com.cn/remen/146619/", 
                    "http://m.guanxg.cn/remen/drori.html", 
                    "http://m.jrceg.cn/1/wstp/niu.html", 
                    "http://m.safesofts.com.cn/remen/239753/", 
                    "http://m.tzxyh.cn/shenghuo/413132/", 
                    "http://m.winshai.cn/t15383.html", 
                    "http://m.ytjiazhuang.cn/tupianqiang/%E6%97%A5%E6%9C%AC%E8%8A%82%E7%9B%AE%E7%8C%9C%E8%87%AA%E5%B7%B1%E5%A5%B3%E5%84%BF.html", 
                    "http://mfdsjhswz721.cmfnw.com.cn/view_CDE.html", 
                    "http://monikabeiluqirjipian.cmfnw.com.cn/detail-wDg.html", 
                    "http://mrose.com.cn/", 
                    "http://mrose.com.cn/member/index_do.php?REDACTED", 
                    "http://n0704.cwqzw.com.cn/view-FROP/", 
                    "http://nanacaoyeyelu.bmflw.com.cn/detail-b/", 
                    "http://nduo.cn/", 
                    "http://nduo.cn/apk/detail", 
                    "http://nicaiwohuazenmewan.lmqxw.com.cn/view_cci.html", 
                    "http://nld.lmpgw.com.cn/view_233.htm", 
                    "http://npopss-cn.gov.cn/BIG5/junshi/42964/3189692.html", 
                    "http://npopss-cn.gov.cn/BIG5/junshi/42964/3189698.html", 
                    "http://npopss-cn.gov.cn/BIG5/paper1668/14007/1249996.html", 
                    "http://npopss-cn.gov.cn/BIG5/paper2086/16908/1485441.html", 
                    "http://npopss-cn.gov.cn/BIG5/paper85/17144/1503072.html", 
                    "http://npopss-cn.gov.cn/BIG5/paper85/17144/1503087.html", 
                    "http://oa.0898.cn/BIG5/paper39/17232/1510610.html", 
                    "http://omeka.cn/", 
                    "http://omtpllpzxdy.lmpgw.com.cn/view_233/", 
                    "http://opinion.people.com.cn/BIG5/1036/4115110.html", 
                    "http://opinion1.people.com.cn/BIG5/1036/4115110.html", 
                    "http://oumeiyabaozhuang.bxnzw.com.cn/tv-osr.htm", 
                    "http://people.cn/BIG5/paper39/17232/1510610.html", 
                    "http://people.com.cn/BIG5/paper3024/15191/1347265.html", 
                    "http://people.com.cn/BIG5/paper39/17232/1510610.html", 
                    "http://peopledaily.com.cn/BIG5/paper39/17232/1510610.html", 
                    "http://peopleinfo.com.cn/BIG5/paper3024/15191/1347265.html", 
                    "http://pic.people.com.cn/BIG5/1099/6362792.html", 
                    "http://pic.people.com.cn/BIG5/tupian/247/7610/7611/5936396.html", 
                    "http://pic.people.com.cn/GB/55683/6767438.html", 
                    "http://pic1.people.com.cn/BIG5/paper3024/15191/1347265.html", 
                    "http://pop.chaxun8.cn/zonglv/index_2.html", 
                    "http://qiuyizaixianwang.bmflw.com.cn/item-b.htm", 
                    "http://rbavcrsqyp.bxnzw.com.cn/detail_osr.html", 
                    "http://rkbhkszl2xz.kjgjr.cn/", 
                    "http://sacrzgb.lmpgw.com.cn/tv_233.htm", 
                    "http://se388.lmqxw.com.cn/item-on.htm", 
                    "http://search.xmtfj.gov.cn/xwzx/sjdt/201607/t20160709_10115457.htm", 
                    "http://secom649.lmpgw.com.cn/tv_233.htm", 
                    "http://semm534.lmpgw.com.cn/tv_233.htm", 
                    "http://seyezaixianshipin.cmfnw.com.cn/detail-PXT/", 
                    "http://sibadakexueyusha2ji.bkwnw.com.cn/view-tot.html", 
                    "http://sngyztpyjhas.lmpgw.com.cn/tv_233.html", 
                    "http://sslbzxz.kytjr.cn/", 
                    "http://stszxfwsj.bmwqw.com.cn/tv_657.htm", 
                    "http://ttmcmp4xz.cmfnw.com.cn/tv-CDE/", 
                    "http://ttrspzx.cmfnw.com.cn/item-CDE.html", 
                    "http://twxyyxf.cmfnw.com.cn/item-CDT.htm", 
                    "http://vet.scau.edu.cn/html/xingzhengbangongshi/", 
                    "http://whbcjtpc.kygjr.cn/", 
                    "http://wmtl2.cn/", 
                    "http://wmtl2.cn/0206mzjl.htm", 
                    "http://wmtl2.cn/2014szps.htm", 
                    "http://wmtl2.cn/gamegl.htm", 
                    "http://wmtl2.cn/hqrj.htm", 
                    "http://wmtl2.cn/index.htm", 
                    "http://www.0377tv.cn/", 
                    "http://www.100sheying.cn/blackbiblexunlei.shtml", 
                    "http://www.31113.cn/zonglv/index_2.html", 
                    "http://www.3news.cn/html/guandian/", 
                    "http://www.52clean.com.cn/pic/ddtrt.html", 
                    "http://www.61etw.cn/htm/w8/37535.htm", 
                    "http://www.8848dy.cn/?REDACTED", 
                    "http://www.8wwwfun88.cn/", 
                    "http://www.8wwwfun88.cn/news/19267.html", 
                    "http://www.8wwwfun88.cn/news/23447.html", 
                    "http://www.aspzz.com.cn/", 
                    "http://www.beihaipark.com.cn/", 
                    "http://www.best-homestay.com.cn/dizhi/49168.html", 
                    "http://www.bjhuayuan.cn/gaoguantuandui/103.html", 
                    "http://www.bjzdtc.cn/cuahih.shtml", 
                    "http://www.bjzdtc.cn/faifiu.shtml", 
                    "http://www.bjzdtc.cn/fkakna.shtml", 
                    "http://www.bjzdtc.cn/fkiwmh.shtml", 
                    "http://www.bjzdtc.cn/hiakhw.shtml", 
                    "http://www.bjzdtc.cn/hwnw.shtml", 
                    "http://www.bjzdtc.cn/iamunh.shtml", 
                    "http://www.bjzdtc.cn/icfiiu.shtml", 
                    "http://www.bjzdtc.cn/incuii.shtml", 
                    "http://www.bjzdtc.cn/inwfww.shtml", 
                    "http://www.bjzdtc.cn/iunwh.shtml", 
                    "http://www.bjzdtc.cn/iwmwuc.shtml", 
                    "http://www.bjzdtc.cn/kihiih.shtml", 
                    "http://www.bjzdtc.cn/kmwnfw.shtml", 
                    "http://www.bjzdtc.cn/mauiww.shtml", 
                    "http://www.bjzdtc.cn/mffakh.shtml", 
                    "http://www.bjzdtc.cn/nkccnu.shtml", 
                    "http://www.bjzdtc.cn/nuuaai.shtml", 
                    "http://www.bjzdtc.cn/uniawc.shtml", 
                    "http://www.bjzdtc.cn/uucfch.shtml", 
                    "http://www.bluthner.cn/index.php/bluthnerfactory?REDACTED", 
                    "http://www.bmflw.com.cn/viewbPX.html", 
                    "http://www.bt1024.cn/bt/3vTlCKcubeQH.html", 
                    "http://www.bt1024.cn/bt/mcSdBSxr3vQk.html", 
                    "http://www.bt1024.cn/bt/wrZSlItO8EaM.html", 
                    "http://www.cdxcyz.cn/226528.shtml", 
                    "http://www.cdxcyz.cn/30090.shtml", 
                    "http://www.cdxcyz.cn/5751124.shtml", 
                    "http://www.cdxcyz.cn/993286.shtml", 
                    "http://www.charminggirls.com.cn/lmulsl.html", 
                    "http://www.charminggirls.com.cn/lx.html", 
                    "http://www.charminggirls.com.cn/ppsqs.html", 
                    "http://www.charminggirls.com.cn/sulxu.html", 
                    "http://www.charminggirls.com.cn/wwzusam.html", 
                    "http://www.charminggirls.com.cn/wzlmwxp.html", 
                    "http://www.chaxun8.cn/zonglv/index_2.html", 
                    "http://www.chinafen.cn/", 
                    "http://www.chinafen.cn/a/caijing/20160516/4715.html", 
                    "http://www.chinafen.cn/a/caijing/20160801/6006.html", 
                    "http://www.chinafen.cn/a/caijing/20160822/6216.html", 
                    "http://www.chinafen.cn/a/caijing/20160907/6305.html", 
                    "http://www.chinafen.cn/a/caijing/20160907/6306.html", 
                    "http://www.chinafen.cn/a/caijing/20160907/6307.html", 
                    "http://www.chinafen.cn/a/caijing/20160913/6334.html", 
                    "http://www.chinafen.cn/a/caijing/20160914/6342.html", 
                    "http://www.chinafen.cn/a/caijing/20160918/6352.html", 
                    "http://www.chinafen.cn/a/gongsi/20160830/6275.html", 
                    "http://www.chinafen.cn/a/jujiao/20160908/6311.html", 
                    "http://www.chinafen.cn/a/jujiao/20160912/6323.html", 
                    "http://www.chinafen.cn/a/jujiao/20160912/6327.html", 
                    "http://www.chinafen.cn/a/jujiao/20160913/6336.html", 
                    "http://www.chinafen.cn/a/jujiao/20160923/6414.html", 
                    "http://www.chuchetai.cn/lldyw/haoxianshengsunhonglei/", 
                    "http://www.chuchetai.cn/lldyw/wojiaozhaohonghuajiayiping/", 
                    "http://www.chuchetai.cn/wyt/qingchunsanxuanyichenjianhao/", 
                    "http://www.chunlan.bj.cn/59551.shtml", 
                    "http://www.chwujin.com.cn/", 
                    "http://www.fzbrk.cn/tech.htm", 
                    "http://www.gczgh.cn/remen/252198/", 
                    "http://www.gglhw.com.cn/viewfyi.html", 
                    "http://www.hanantang.cn/forum.php?REDACTED", 
                    "http://www.hanantang.cn/thread-162666-1-1.html", 
                    "http://www.hanantang.cn/thread-188506-1-1.html", 
                    "http://www.hanantang.cn/thread-188684-1-1.html", 
                    "http://www.hanantang.cn/thread-188771-1-1.html", 
                    "http://www.hanantang.cn/thread-188961-1-1.html", 
                    "http://www.happyyouyou.com.cn/", 
                    "http://www.happyyouyou.com.cn/archiver/?REDACTED", 
                    "http://www.happyyouyou.com.cn/forum.php?REDACTED", 
                    "http://www.happyyouyou.com.cn/home.php?REDACTED", 
                    "http://www.hksteel.com.cn/qpoerp.html", 
                    "http://www.hksteel.com.cn/siyqp.html", 
                    "http://www.hotgame8.cn/zonglv/index_2.html", 
                    "http://www.hunshazhan.cn/daenae", 
                    "http://www.jintongzi.cn/", 
                    "http://www.jintongzi.cn/?REDACTED", 
                    "http://www.jinzhongnews.org.cn/a/junshi/20160605/1595.html", 
                    "http://www.jinzhongnews.org.cn/a/pinglun/20160605/1594.html", 
                    "http://www.jinzhongnews.org.cn/a/tiyu/20160509/1558.html", 
                    "http://www.jltly.cn/remen/293774/", 
                    "http://www.jzcbff.cn/a/bianxielvhuayincanbidianji/", 
                    "http://www.jzcbff.cn/a/buxiugangceshizhuang/", 
                    "http://www.jzcbff.cn/a/chuantiyonghanjieshilvyangji/", 
                    "http://www.jzcbff.cn/a/chuantiyonghanjieshixinyangji/", 
                    "http://www.jzcbff.cn/a/dengdianweidianyongbaohuqi/", 
                    "http://www.jzcbff.cn/a/fangbaojiexianxiang/", 
                    "http://www.jzcbff.cn/a/fangdaoceshizhuang/", 
                    "http://www.jzcbff.cn/a/gangzhiceshizhuang4/", 
                    "http://www.jzcbff.cn/a/gaoguizhutieyangjidichuang/", 
                    "http://www.jzcbff.cn/a/gaopinduotaiheyi/", 
                    "http://www.jzcbff.cn/a/guandaotaoguanchuanyuejueyuanzhichengjia/", 
                    "http://www.jzcbff.cn/a/haishuilingquexitongyongxinyangji/", 
                    "http://www.jzcbff.cn/a/hangegaoguizhutieshenjingyangjiti/", 
                    "http://www.jzcbff.cn/a/jueyuanfalan/", 
                    "http://www.jzcbff.cn/a/lvrehanji_daizhuang_/", 
                    "http://www.jzcbff.cn/a/lvrehanji_pingzhuang_/", 
                    "http://www.jzcbff.cn/a/meiyangjitaozhuangzuhejian/20130731/18.html", 
                    "http://www.jzcbff.cn/a/shixinbangzhuanggaoguizhutieyangji/", 
                    "http://www.jzcbff.cn/a/wangzhanshouye/gongqiuxinxi/20130815/287.html", 
                    "http://www.jzcbff.cn/a/yazhuyongmeihejinbangcai/", 
                    "http://www.jzcbff.cn/a/youshishili/gongsiyeji/20130731/173.html", 
                    "http://www.jzcbff.cn/a/yuanyouchuguanyonglvyangji/", 
                    "http://www.jzcbff.cn/a/zhuanyongdianlanxian/", 
                    "http://www.jzcbff.cn/plus/list.php?REDACTED", 
                    "http://www.kmlumai.cn/", 
                    "http://www.kmlumai.cn/a/chanpinzhanshi/20140426/15.html", 
                    "http://www.llykw.com.cn/", 
                    "http://www.metalcraft.cn/index.php?REDACTED", 
                    "http://www.mrose.com.cn/huayu", 
                    "http://www.mrose.com.cn/index.html", 
                    "http://www.mrose.com.cn/plus/list.php?REDACTED", 
                    "http://www.ms178.cn/tmg/1208206.html", 
                    "http://www.ms178.cn/tmg/1868690.html", 
                    "http://www.ms178.cn/tmg/187552.html", 
                    "http://www.mzlxy.cn/", 
                    "http://www.officeall.cn/remen/21395/", 
                    "http://www.pan-ocean.cn/", 
                    "http://www.people.cn/BIG5/paper39/17232/1510610.html", 
                    "http://www.people.cn/GB/paper39/15260/1353081.html", 
                    "http://www.people.com.cn/BIG5/21596/1842027.html", 
                    "http://www.people.com.cn/BIG5/paper3024/15191/1347265.html", 
                    "http://www.people.com.cn/BIG5/paper39/14963/1327654.html", 
                    "http://www.people.com.cn/BIG5/paper39/17232/1510610.html", 
                    "http://www.people.com.cn/GB/paper39/15260/1353081.html", 
                    "http://www.people.com.cn/GB/paper39/15321/1358304.html", 
                    "http://www.peopledaily.edu.cn/BIG5/paper39/17232/1510610.html", 
                    "http://www.qygw.com.cn/home/showweb/112124", 
                    "http://www.rcsfgj.cn/remen/61997/", 
                    "http://www.renhuainews.org.cn/a/guona/20160731/884.html", 
                    "http://www.renhuainews.org.cn/a/shipin/20160509/770.html", 
                    "http://www.shuhuadh.cn/about.asp?REDACTED", 
                    "http://www.shuhuadh.cn/art.asp?REDACTED", 
                    "http://www.shuhuadh.cn/artlist.asp?REDACTED", 
                    "http://www.shuhuadh.cn/news.asp?REDACTED", 
                    "http://www.shuhuadh.cn/newslist.asp?REDACTED", 
                    "http://www.shuhuadh.cn/paimai.asp?REDACTED", 
                    "http://www.sjec.com.cn/en/domestic.html", 
                    "http://www.study365.cn/", 
                    "http://www.taohuayun.cn/news/show.php?REDACTED", 
                    "http://www.tzxyh.cn/remen/150476/", 
                    "http://www.vewen.cn/", 
                    "http://www.wmtl2.cn/", 
                    "http://www.wmtl2.cn/0206mzjl.htm", 
                    "http://www.wmtl2.cn/2014szps.htm", 
                    "http://www.wmtl2.cn/gamegl.htm", 
                    "http://www.wmtl2.cn/hqrj.htm", 
                    "http://www.xctg.com.cn/plus/link/to/index.asp?REDACTED", 
                    "http://www.xhct.com.cn/plus/link/to/index.asp?REDACTED", 
                    "http://www.xm.gov.cn/ftzb/rjysqjsqk/wzsl/", 
                    "http://www.xm.gov.cn/xmyw/201609/t20160901_1357945.htm", 
                    "http://www.xmbj.gov.cn/", 
                    "http://www.xmhrss.gov.cn/fwsy/zjrc/tzgg/", 
                    "http://www.xmtfj.gov.cn/xwzx/sjdt/201607/t20160709_10115457.htm", 
                    "http://www.xyprinting.cn/?REDACTED", 
                    "http://www.yhny.gov.cn/plus/list.php?REDACTED", 
                    "http://www.ytjiazhuang.cn/tupianqiang/%E6%97%A5%E6%9C%AC%E8%8A%82%E7%9B%AE%E7%8C%9C%E8%87%AA%E5%B7%B1%E5%A5%B3%E5%84%BF.html", 
                    "http://www.zhansww.cn/", 
                    "http://www.zhansww.cn/html/2016/henhenlu_0414/25.html", 
                    "http://www.zhansww.cn/html/2016/henhenlu_0414/26.html", 
                    "http://www.zhansww.cn/html/2016/henhenlu_0414/27.html", 
                    "http://www.zhansww.cn/html/2016/henhenlu_0414/31.html", 
                    "http://www.zhansww.cn/html/2016/henhenlu_0514/106.html", 
                    "http://www.zhansww.cn/html/2016/henhenlu_0516/107.html", 
                    "http://www.zhansww.cn/html/2016/henhenlu_0517/108.html", 
                    "http://www.zhansww.cn/html/2016/henhenlu_0617/110.html", 
                    "http://www.zhansww.cn/html/2016/henhenlu_0627/111.html", 
                    "http://www.zhansww.cn/html/2016/henhenlu_0704/112.html", 
                    "http://www.zhansww.cn/html/2016/renren_0414/90.html", 
                    "http://www.zhansww.cn/html/2016/renren_0414/92.html", 
                    "http://www.zhansww.cn/html/fuli/", 
                    "http://www.zhansww.cn/html/fuli/index.html", 
                    "http://www.zhansww.cn/html/henhenlu/", 
                    "http://www.zhansww.cn/html/henhenlu/index.html", 
                    "http://www.zhansww.cn/html/renren/", 
                    "http://www.zhansww.cn/html/renren/index.html", 
                    "http://www.zhfgch.com.cn/chanpinzhanshi.htm", 
                    "http://www.ziyangnews.org.cn/a/shendu/20160505/652.html", 
                    "http://www1.people.com.cn/BIG5/paper3024/15191/1347265.html", 
                    "http://www1.people.com.cn/BIG5/paper39/17232/1510610.html", 
                    "http://www1.peopledaily.com.cn/BIG5/paper39/14963/1327654.html", 
                    "http://www1.peopledaily.com.cn/BIG5/paper39/17232/1510610.html", 
                    "http://www1.peopledaily.com.cn/GB/paper39/15260/1353081.html", 
                    "http://xfsqwytp.llykw.com.cn/tv-gJA/", 
                    "http://xiaocalllongru.bxnzw.com.cn/tv-orpf/", 
                    "http://xjz.tynews.com.cn/", 
                    "http://xjz.tynews.com.cn/do", 
                    "http://xy.scau.edu.cn/caineng/yx/caihua/content/?REDACTED", 
                    "http://xy.scau.edu.cn/gcxy/mycollege/StaticsNews/b-haotongqi.html", 
                    "http://xy.scau.edu.cn/gongguan/tuguan/Article/jctg/201106/19.html", 
                    "http://xy.scau.edu.cn/gongguan/tuguan/Article/kxyj/Index.html", 
                    "http://xy.scau.edu.cn/gongguan/website/Article/jdll/200910/241.html", 
                    "http://xy.scau.edu.cn/linxue//Lowcarbon/Page/hjix/3052.html", 
                    "http://xy.scau.edu.cn/linxue//Lowcarbon/Page/hjix/5518.html", 
                    "http://xy.scau.edu.cn/linxue/html/xstz/2064.html", 
                    "http://xy.scau.edu.cn/linxue/html/xynews/438.html", 
                    "http://xy.scau.edu.cn/yyx", 
                    "http://xy.scau.edu.cn/yyx/qnyy/html/tongzhigonggao/847.html", 
                    "http://xy.scau.edu.cn/yyx/web/html/teaching/teachers/chaye/zhang-ling-zhi.html", 
                    "http://xy.scau.edu.cn/yyx/yyxf/html/dangyuanjiaoyu/20130415314.html", 
                    "http://xy.scau.edu.cn/yyx/yyxf/html/jicengdangjian/Index_19.html", 
                    "http://xyprinting.cn/?REDACTED", 
                    "http://yazhoudishiyeyeyewan.bmflw.com.cn/tv_b/", 
                    "http://yazhoulaiba.gglhw.com.cn/view-mjy.html", 
                    "http://yue5se.cwqzw.com.cn/view-FROP.htm", 
                    "http://yy.cdysou.cn/", 
                    "http://yy.cdysou.cn/gongyu/shownews.php?REDACTED", 
                    "http://yy.cdysou.cn/product/showproduct.php?REDACTED", 
                    "http://yywwlsajqwdss26uuu.lmqxw.com.cn/view-cci.html", 
                    "http://yyxfczdzm.lmqxw.com.cn/view_on/", 
                    "http://yyxfqw.lmnlw.com.cn/view_117.html", 
                    "http://yyxfsososes.cmfnw.com.cn/detail_CDT.htm", 
                    "http://yyxfxjydy.bmflw.com.cn/item-b.htm", 
                    "http://yyxfzyzxm.cmfnw.com.cn/tv_TDg/", 
                    "http://yyxnjxs.kbxjr.cn/", 
                    "http://z.ysshj.cn/c/", 
                    "http://z.ysshj.cn/c/?REDACTED", 
                    "http://zgjjw.china-promote.com.cn/article/1012.html", 
                    "http://zgjjw.china-promote.com.cn/article/1078.html", 
                    "http://zgjjw.china-promote.com.cn/article/621.html", 
                    "http://zgjjw.china-promote.com.cn/article/626.html", 
                    "http://zgjjw.china-promote.com.cn/article/738.html", 
                    "http://zgjjw.china-promote.com.cn/article/739.html", 
                    "http://zgjjw.china-promote.com.cn/article/785.html", 
                    "http://zgjjw.china-promote.com.cn/article/835.html", 
                    "http://zgjjw.china-promote.com.cn/article/844.html", 
                    "http://zgjjw.china-promote.com.cn/article/882.html", 
                    "http://zgjjw.china-promote.com.cn/article/906.html", 
                    "http://zgjjw.china-promote.com.cn/article/925.html", 
                    "http://zgjjw.china-promote.com.cn/article/933.html", 
                    "http://zgjjw.china-promote.com.cn/article/937.html", 
                    "http://zgjjw.china-promote.com.cn/article/947.html", 
                    "http://zgjjw.china-promote.com.cn/article/956.html", 
                    "http://zgjjw.china-promote.com.cn/article/972.html", 
                    "http://zgjjw.china-promote.com.cn/article/990.html", 
                    "http://zgjjw.china-promote.com.cn/article/992.html", 
                    "http://zgjjw.china-promote.com.cn/article/998.html", 
                    "http://zgjjw.china-promote.com.cn/news.html", 
                    "http://zgjjw.china-promote.com.cn/pro/155.html", 
                    "http://zgjjw.china-promote.com.cn/pro/164.html", 
                    "http://zgjjw.china-promote.com.cn/qyml.html", 
                    "http://zgjjw.china-promote.com.cn/zh.html", 
                    "http://zgzb.china-promote.com.cn/article/560.html", 
                    "http://zhkjw.com.cn/zx/info_show.aspx?REDACTED", 
                    "http://zhushou.360.cn/soft/parter/goto/s_ndou/", 
                    "http://zjrc.xmhrss.gov.cn/tzgg/"
                ], 
                "name": "url"
            }
        ], 
        "ip": [], 
        "hash": []
    }
}