{
    "files": [
        {
            "actual_fn": "infected.zip", 
            "filename": "\"infected.zip\"", 
            "content-type": "application/x-zip-compressed", 
            "size": 10456
        }
    ], 
    "records": [
        {
            "malware_vt_report": "https://www.virustotal.com/file/db2277119fdd49b48fc0c66b262b03f870191ec86aa316318877e0b5f4bb3f24/analysis/1475014668", 
            "malware_sha256": "db2277119fdd49b48fc0c66b262b03f870191ec86aa316318877e0b5f4bb3f24", 
            "malware_md5": "87fe6fca75b5bf57767286dba5223b92", 
            "malware_size": "11321 bytes", 
            "filename": "222502a63f4.zip", 
            "scanned": "2016-09-27 22:17:48", 
            "malware_sha1": "d73622e98de830ea9376d627e52794d018a3e9ab"
        }
    ], 
    "_meta": {
        "tracking_code": "AUSCERT#20166989f", 
        "dates": {
            "report": {
                "yearly": "2016", 
                "hourly": "2016-09-28-08", 
                "tz": null, 
                "monthly": "2016-09", 
                "daily": "2016-09-28", 
                "epoch": 1475022417.0, 
                "iso": "2016-09-28T08:26:57", 
                "obj": "2016-09-28T08:26:57"
            }, 
            "creating": {
                "yearly": "2016", 
                "hourly": "2016-10-31-15", 
                "tz": null, 
                "monthly": "2016-10", 
                "daily": "2016-10-31", 
                "epoch": 1477899806.0, 
                "iso": "2016-10-31T15:43:26.637537", 
                "obj": "2016-10-31T15:43:26.637537"
            }
        }, 
        "ids": {
            "origin_type_id": "auscert_ioc_sample", 
            "process_id": "5ea7ec7b-bfe0-45ba-ae26-23323df83b8e", 
            "saving_dir_id": "auscert_ioc_sample/2016-10-31/5ea7ec7b-bfe0-45ba-ae26-23323df83b8e", 
            "rule_id": "xxxxxxxxrule_id"
        }
    }, 
    "enrich": {
        "origin_type_id": "auscert_ioc_sample", 
        "origin_organization": {
            "brief_name": "AusCERT", 
            "category": "CERTS", 
            "name": "AusCERT"
        }, 
        "secret_level": "open", 
        "intelligence_type": {
            "category": "ioc", 
            "future_fields": {
                "url": [], 
                "ip": [], 
                "hash": [
                    "malware_md5", 
                    "malware_sha1", 
                    "malware_sha256"
                ]
            }, 
            "subcategory": "malware"
        }
    }, 
    "data_storage": {
        "saving_dir_id": "auscert_ioc_sample/2016-10-31/61173b8a-4b2b-4b52-a577-e53b6777d978", 
        "disk_saving_strategy": "BaseDir|OriginTypeId|YYMMDD|ProcessId|Data", 
        "storage_used": 3, 
        "month_reserved": 3
    }, 
    "report_futures": {
        "url": [], 
        "ip": [], 
        "hash": [
            {
                "values": [
                    "87fe6fca75b5bf57767286dba5223b92"
                ], 
                "name": "malware_md5"
            }, 
            {
                "values": [
                    "d73622e98de830ea9376d627e52794d018a3e9ab"
                ], 
                "name": "malware_sha1"
            }, 
            {
                "values": [
                    "db2277119fdd49b48fc0c66b262b03f870191ec86aa316318877e0b5f4bb3f24"
                ], 
                "name": "malware_sha256"
            }
        ]
    }
}