{
    "files": [
        {
            "actual_fn": "infected.zip", 
            "filename": "\"infected.zip\"", 
            "content-type": "application/x-zip-compressed", 
            "size": 10281
        }
    ], 
    "records": [
        {
            "malware_vt_report": "https://www.virustotal.com/file/cf3377b52485e2608980cc2235bdd49d151e31f4e8e1fd1769ba470dd7327952/analysis/1475019506", 
            "malware_sha256": "cf3377b52485e2608980cc2235bdd49d151e31f4e8e1fd1769ba470dd7327952", 
            "malware_md5": "04061490f8439ac483e3a30a6a6b0b05", 
            "malware_size": "10419 bytes", 
            "filename": "284d390b85f6.zip", 
            "scanned": "2016-09-27 23:38:26", 
            "malware_sha1": "b5cea40fe0e901e8724c0509b46e9418b18cd1b3"
        }
    ], 
    "_meta": {
        "tracking_code": "AUSCERT#2016e1ca4", 
        "dates": {
            "report": {
                "yearly": "2016", 
                "hourly": "2016-09-28-08", 
                "monthly": "2016-09", 
                "daily": "2016-09-28", 
                "epoch": 1475022398.0, 
                "iso": "2016-09-28T08:26:38"
            }, 
            "creating": {
                "yearly": "2016", 
                "hourly": "2016-10-30-15", 
                "monthly": "2016-10", 
                "daily": "2016-10-30", 
                "epoch": 1477813729.0, 
                "iso": "2016-10-30T15:48:49.412192"
            }
        }, 
        "ids": {
            "origin_type_id": "auscert_ioc_sample", 
            "process_id": "61978398-fed9-4473-bdca-63fce2ed89e1", 
            "saving_dir_id": "auscert_ioc_sample/2016-10-30/61978398-fed9-4473-bdca-63fce2ed89e1", 
            "rule_id": "xxxxxxxxrule_id"
        }
    }, 
    "enrich": {
        "origin_type_id": "auscert_ioc_sample", 
        "origin_organization": {
            "brief_name": "AusCERT", 
            "category": "CERTS", 
            "name": "AusCERT"
        }, 
        "secret_level": "open", 
        "intelligence_type": {
            "category": "ioc", 
            "future_fields": {
                "url": [], 
                "ip": [], 
                "hash": [
                    "malware_md5", 
                    "malware_sha1", 
                    "malware_sha256"
                ]
            }, 
            "subcategory": "malware"
        }
    }, 
    "data_storage": {
        "saving_dir_id": "auscert_ioc_sample/2016-10-30/82b029c3-16da-4bd5-8ee7-52fddedb6def", 
        "disk_saving_strategy": "BaseDir|OriginTypeId|YYMMDD|ProcessId|Data", 
        "storage_used": 3, 
        "month_reserved": 3
    }, 
    "report_futures": {
        "url": [], 
        "ip": [], 
        "hash": [
            {
                "values": [
                    "04061490f8439ac483e3a30a6a6b0b05"
                ], 
                "name": "malware_md5"
            }, 
            {
                "values": [
                    "b5cea40fe0e901e8724c0509b46e9418b18cd1b3"
                ], 
                "name": "malware_sha1"
            }, 
            {
                "values": [
                    "cf3377b52485e2608980cc2235bdd49d151e31f4e8e1fd1769ba470dd7327952"
                ], 
                "name": "malware_sha256"
            }
        ]
    }
}