{
    "files": [
        {
            "actual_fn": "infected.zip", 
            "filename": "\"infected.zip\"", 
            "content-type": "application/x-zip-compressed", 
            "size": 10537
        }
    ], 
    "records": [
        {
            "malware_vt_report": "https://www.virustotal.com/file/04fef56aaffddd135a7c714297b84408f5101db3b1674c17bff376fca03e4472/analysis/1475156511", 
            "malware_sha256": "04fef56aaffddd135a7c714297b84408f5101db3b1674c17bff376fca03e4472", 
            "malware_md5": "0c49faa20322b0ba6facba2982fd1a5c", 
            "malware_size": "11451 bytes", 
            "filename": "debit_card_fdc7875.zip", 
            "scanned": "2016-09-29 13:41:51", 
            "malware_sha1": "062a06102f2153b22998dee91548a66383a3000b"
        }
    ], 
    "_meta": {
        "tracking_code": "AUSCERT#201647f05", 
        "dates": {
            "report": {
                "yearly": "2016", 
                "hourly": "2016-09-30-08", 
                "monthly": "2016-09", 
                "daily": "2016-09-30", 
                "epoch": 1475196353.0, 
                "iso": "2016-09-30T08:45:53"
            }, 
            "creating": {
                "yearly": "2016", 
                "hourly": "2016-10-30-15", 
                "monthly": "2016-10", 
                "daily": "2016-10-30", 
                "epoch": 1477813736.0, 
                "iso": "2016-10-30T15:48:56.197488"
            }
        }, 
        "ids": {
            "origin_type_id": "auscert_ioc_sample", 
            "process_id": "3241f7d6-d1be-4924-9cfc-0a8cc27d45ab", 
            "saving_dir_id": "auscert_ioc_sample/2016-10-30/3241f7d6-d1be-4924-9cfc-0a8cc27d45ab", 
            "rule_id": "xxxxxxxxrule_id"
        }
    }, 
    "enrich": {
        "origin_type_id": "auscert_ioc_sample", 
        "origin_organization": {
            "brief_name": "AusCERT", 
            "category": "CERTS", 
            "name": "AusCERT"
        }, 
        "secret_level": "open", 
        "intelligence_type": {
            "category": "ioc", 
            "future_fields": {
                "url": [], 
                "ip": [], 
                "hash": [
                    "malware_md5", 
                    "malware_sha1", 
                    "malware_sha256"
                ]
            }, 
            "subcategory": "malware"
        }
    }, 
    "data_storage": {
        "saving_dir_id": "auscert_ioc_sample/2016-10-30/82b029c3-16da-4bd5-8ee7-52fddedb6def", 
        "disk_saving_strategy": "BaseDir|OriginTypeId|YYMMDD|ProcessId|Data", 
        "storage_used": 3, 
        "month_reserved": 3
    }, 
    "report_futures": {
        "url": [], 
        "ip": [], 
        "hash": [
            {
                "values": [
                    "0c49faa20322b0ba6facba2982fd1a5c"
                ], 
                "name": "malware_md5"
            }, 
            {
                "values": [
                    "062a06102f2153b22998dee91548a66383a3000b"
                ], 
                "name": "malware_sha1"
            }, 
            {
                "values": [
                    "04fef56aaffddd135a7c714297b84408f5101db3b1674c17bff376fca03e4472"
                ], 
                "name": "malware_sha256"
            }
        ]
    }
}