{
    "files": [
        {
            "actual_fn": "infected.zip", 
            "filename": "\"infected.zip\"", 
            "content-type": "application/x-zip-compressed", 
            "size": 23315
        }
    ], 
    "records": [
        {
            "malware_vt_report": "https://www.virustotal.com/file/95fb223c454190ba4e372a18a88ea8f98f792df0aeef98287170395fb51efa9b/analysis/1475633044", 
            "malware_sha256": "95fb223c454190ba4e372a18a88ea8f98f792df0aeef98287170395fb51efa9b", 
            "malware_md5": "634c5528ca150d3909d854799869ad7b", 
            "malware_size": "9754 bytes", 
            "filename": "contact_vcf_9fb549f.zip", 
            "scanned": "2016-10-05 02:04:04", 
            "malware_sha1": "cdddd2060544fd77d520deed82868041160c853c"
        }, 
        {
            "malware_vt_report": "https://www.virustotal.com/file/83fc45bce1435abf6aacb27684c85a93674940b2e513454bf3f61eb9c7f7c916/analysis/1475624156", 
            "malware_sha256": "83fc45bce1435abf6aacb27684c85a93674940b2e513454bf3f61eb9c7f7c916", 
            "malware_md5": "bbb73e0d3c4080d696ad023e9f002ff7", 
            "malware_size": "9699 bytes", 
            "filename": "contact_vcf_fea325422.zip", 
            "scanned": "2016-10-04 23:35:56", 
            "malware_sha1": "dd8e199506c9e5a9d44b4354ce99c472c49a3375"
        }
    ], 
    "_meta": {
        "tracking_code": "AUSCERT#20160c057", 
        "dates": {
            "report": {
                "yearly": "2016", 
                "hourly": "2016-10-08-07", 
                "monthly": "2016-10", 
                "daily": "2016-10-08", 
                "epoch": 1475883580.0, 
                "iso": "2016-10-08T07:39:40"
            }, 
            "creating": {
                "yearly": "2016", 
                "hourly": "2016-10-30-15", 
                "monthly": "2016-10", 
                "daily": "2016-10-30", 
                "epoch": 1477813740.0, 
                "iso": "2016-10-30T15:49:00.875295"
            }
        }, 
        "ids": {
            "origin_type_id": "auscert_ioc_sample", 
            "process_id": "ea67b890-0295-432a-9a4b-c19e8620736a", 
            "saving_dir_id": "auscert_ioc_sample/2016-10-30/ea67b890-0295-432a-9a4b-c19e8620736a", 
            "rule_id": "xxxxxxxxrule_id"
        }
    }, 
    "enrich": {
        "origin_type_id": "auscert_ioc_sample", 
        "origin_organization": {
            "brief_name": "AusCERT", 
            "category": "CERTS", 
            "name": "AusCERT"
        }, 
        "secret_level": "open", 
        "intelligence_type": {
            "category": "ioc", 
            "future_fields": {
                "url": [], 
                "ip": [], 
                "hash": [
                    "malware_md5", 
                    "malware_sha1", 
                    "malware_sha256"
                ]
            }, 
            "subcategory": "malware"
        }
    }, 
    "data_storage": {
        "saving_dir_id": "auscert_ioc_sample/2016-10-30/82b029c3-16da-4bd5-8ee7-52fddedb6def", 
        "disk_saving_strategy": "BaseDir|OriginTypeId|YYMMDD|ProcessId|Data", 
        "storage_used": 3, 
        "month_reserved": 3
    }, 
    "report_futures": {
        "url": [], 
        "ip": [], 
        "hash": [
            {
                "values": [
                    "634c5528ca150d3909d854799869ad7b", 
                    "bbb73e0d3c4080d696ad023e9f002ff7"
                ], 
                "name": "malware_md5"
            }, 
            {
                "values": [
                    "cdddd2060544fd77d520deed82868041160c853c", 
                    "dd8e199506c9e5a9d44b4354ce99c472c49a3375"
                ], 
                "name": "malware_sha1"
            }, 
            {
                "values": [
                    "95fb223c454190ba4e372a18a88ea8f98f792df0aeef98287170395fb51efa9b", 
                    "83fc45bce1435abf6aacb27684c85a93674940b2e513454bf3f61eb9c7f7c916"
                ], 
                "name": "malware_sha256"
            }
        ]
    }
}