{
    "files": [
        {
            "actual_fn": "infected.zip", 
            "filename": "\"infected.zip\"", 
            "content-type": "application/x-zip-compressed", 
            "size": 8176
        }
    ], 
    "records": [
        {
            "malware_vt_report": "https://www.virustotal.com/file/c56e9b2c9a84152d9599144300c2e7aa9e49532b95ea3c49a9e1746ff277675e/analysis/1475699391", 
            "malware_sha256": "c56e9b2c9a84152d9599144300c2e7aa9e49532b95ea3c49a9e1746ff277675e", 
            "malware_md5": "b6106de167d1e1c42cce67b7a993276c", 
            "malware_size": "8122 bytes", 
            "filename": "File_65.zip", 
            "scanned": "2016-10-05 20:29:51", 
            "malware_sha1": "3b56b9bc056ec42cf20d11546a716eda1106adcb"
        }
    ], 
    "_meta": {
        "tracking_code": "AUSCERT#201654ed3", 
        "dates": {
            "report": {
                "yearly": "2016", 
                "hourly": "2016-10-08-07", 
                "tz": null, 
                "monthly": "2016-10", 
                "daily": "2016-10-08", 
                "epoch": 1475883628.0, 
                "iso": "2016-10-08T07:40:28", 
                "obj": "2016-10-08T07:40:28"
            }, 
            "creating": {
                "yearly": "2016", 
                "hourly": "2016-10-31-15", 
                "tz": null, 
                "monthly": "2016-10", 
                "daily": "2016-10-31", 
                "epoch": 1477899833.0, 
                "iso": "2016-10-31T15:43:53.184360", 
                "obj": "2016-10-31T15:43:53.184360"
            }
        }, 
        "ids": {
            "origin_type_id": "auscert_ioc_sample", 
            "process_id": "aae8995f-4936-47dc-a1c3-205ce3d399dc", 
            "saving_dir_id": "auscert_ioc_sample/2016-10-31/aae8995f-4936-47dc-a1c3-205ce3d399dc", 
            "rule_id": "xxxxxxxxrule_id"
        }
    }, 
    "enrich": {
        "origin_type_id": "auscert_ioc_sample", 
        "origin_organization": {
            "brief_name": "AusCERT", 
            "category": "CERTS", 
            "name": "AusCERT"
        }, 
        "secret_level": "open", 
        "intelligence_type": {
            "category": "ioc", 
            "future_fields": {
                "url": [], 
                "ip": [], 
                "hash": [
                    "malware_md5", 
                    "malware_sha1", 
                    "malware_sha256"
                ]
            }, 
            "subcategory": "malware"
        }
    }, 
    "data_storage": {
        "saving_dir_id": "auscert_ioc_sample/2016-10-31/61173b8a-4b2b-4b52-a577-e53b6777d978", 
        "disk_saving_strategy": "BaseDir|OriginTypeId|YYMMDD|ProcessId|Data", 
        "storage_used": 3, 
        "month_reserved": 3
    }, 
    "report_futures": {
        "url": [], 
        "ip": [], 
        "hash": [
            {
                "values": [
                    "b6106de167d1e1c42cce67b7a993276c"
                ], 
                "name": "malware_md5"
            }, 
            {
                "values": [
                    "3b56b9bc056ec42cf20d11546a716eda1106adcb"
                ], 
                "name": "malware_sha1"
            }, 
            {
                "values": [
                    "c56e9b2c9a84152d9599144300c2e7aa9e49532b95ea3c49a9e1746ff277675e"
                ], 
                "name": "malware_sha256"
            }
        ]
    }
}