{
    "files": [
        {
            "actual_fn": "infected.zip", 
            "filename": "\"infected.zip\"", 
            "content-type": "application/x-zip-compressed", 
            "size": 37684
        }
    ], 
    "records": [
        {
            "malware_vt_report": "https://www.virustotal.com/file/66b066c56a9b7442da90dcb9c36ac41430d2ad556ffebb5c5ba6c427c8da0881/analysis/1475242864", 
            "malware_sha256": "66b066c56a9b7442da90dcb9c36ac41430d2ad556ffebb5c5ba6c427c8da0881", 
            "malware_md5": "7d785affa2565700647d3e9df67513ce", 
            "malware_size": "10591 bytes", 
            "filename": "DHL_parcel_2e29fec9.zip", 
            "scanned": "2016-09-30 13:41:04", 
            "malware_sha1": "465ded0e6e146992beb603db02e1bde710251173"
        }, 
        {
            "malware_vt_report": "https://www.virustotal.com/file/69304c04b8c13fd9f902204e9f3492c1a9f413f842a4736adacecaa4702f2eed/analysis/1475322702", 
            "malware_sha256": "69304c04b8c13fd9f902204e9f3492c1a9f413f842a4736adacecaa4702f2eed", 
            "malware_md5": "471844bf526caf6946225dca9d827610", 
            "malware_size": "10568 bytes", 
            "filename": "DHL_parcel_62495a0.zip", 
            "scanned": "2016-10-01 11:51:42", 
            "malware_sha1": "1f1b6114a1f03549ce41081292d4aa93c1f820d3"
        }, 
        {
            "malware_vt_report": "https://www.virustotal.com/file/b5ec999126cc8754783117d5c16bab5bb7ac37cef7f57fed2daa412f44c23366/analysis/1475322717", 
            "malware_sha256": "b5ec999126cc8754783117d5c16bab5bb7ac37cef7f57fed2daa412f44c23366", 
            "malware_md5": "781e5c804df9be95f0c6d6945fa1bfb3", 
            "malware_size": "10588 bytes", 
            "filename": "DHL_parcel_38fbd0119.zip", 
            "scanned": "2016-10-01 11:51:57", 
            "malware_sha1": "6ffb1a343519de8d2001ed694a747db8f4104fe1"
        }
    ], 
    "_meta": {
        "tracking_code": "AUSCERT#20162116e", 
        "dates": {
            "report": {
                "yearly": "2016", 
                "hourly": "2016-10-08-07", 
                "tz": null, 
                "monthly": "2016-10", 
                "daily": "2016-10-08", 
                "epoch": 1475883596.0, 
                "iso": "2016-10-08T07:39:56", 
                "obj": "2016-10-08T07:39:56"
            }, 
            "creating": {
                "yearly": "2016", 
                "hourly": "2016-10-31-15", 
                "tz": null, 
                "monthly": "2016-10", 
                "daily": "2016-10-31", 
                "epoch": 1477899824.0, 
                "iso": "2016-10-31T15:43:44.605835", 
                "obj": "2016-10-31T15:43:44.605835"
            }
        }, 
        "ids": {
            "origin_type_id": "auscert_ioc_sample", 
            "process_id": "d5aa9ec3-8e5d-41e0-b827-624b2f7c7aac", 
            "saving_dir_id": "auscert_ioc_sample/2016-10-31/d5aa9ec3-8e5d-41e0-b827-624b2f7c7aac", 
            "rule_id": "xxxxxxxxrule_id"
        }
    }, 
    "enrich": {
        "origin_type_id": "auscert_ioc_sample", 
        "origin_organization": {
            "brief_name": "AusCERT", 
            "category": "CERTS", 
            "name": "AusCERT"
        }, 
        "secret_level": "open", 
        "intelligence_type": {
            "category": "ioc", 
            "future_fields": {
                "url": [], 
                "ip": [], 
                "hash": [
                    "malware_md5", 
                    "malware_sha1", 
                    "malware_sha256"
                ]
            }, 
            "subcategory": "malware"
        }
    }, 
    "data_storage": {
        "saving_dir_id": "auscert_ioc_sample/2016-10-31/61173b8a-4b2b-4b52-a577-e53b6777d978", 
        "disk_saving_strategy": "BaseDir|OriginTypeId|YYMMDD|ProcessId|Data", 
        "storage_used": 3, 
        "month_reserved": 3
    }, 
    "report_futures": {
        "url": [], 
        "ip": [], 
        "hash": [
            {
                "values": [
                    "7d785affa2565700647d3e9df67513ce", 
                    "471844bf526caf6946225dca9d827610", 
                    "781e5c804df9be95f0c6d6945fa1bfb3"
                ], 
                "name": "malware_md5"
            }, 
            {
                "values": [
                    "465ded0e6e146992beb603db02e1bde710251173", 
                    "1f1b6114a1f03549ce41081292d4aa93c1f820d3", 
                    "6ffb1a343519de8d2001ed694a747db8f4104fe1"
                ], 
                "name": "malware_sha1"
            }, 
            {
                "values": [
                    "66b066c56a9b7442da90dcb9c36ac41430d2ad556ffebb5c5ba6c427c8da0881", 
                    "69304c04b8c13fd9f902204e9f3492c1a9f413f842a4736adacecaa4702f2eed", 
                    "b5ec999126cc8754783117d5c16bab5bb7ac37cef7f57fed2daa412f44c23366"
                ], 
                "name": "malware_sha256"
            }
        ]
    }
}