{
    "files": [
        {
            "actual_fn": "infected.zip", 
            "filename": "\"infected.zip\"", 
            "content-type": "application/x-zip-compressed", 
            "size": 11530
        }
    ], 
    "records": [
        {
            "malware_vt_report": "https://www.virustotal.com/file/72f2b2364a652d9d84afb8e01bc9134802616b1bbfd5e2c83d8cfd041e86c252/analysis/1475730302", 
            "malware_sha256": "72f2b2364a652d9d84afb8e01bc9134802616b1bbfd5e2c83d8cfd041e86c252", 
            "malware_md5": "b9249de4ee37a1b1adc209b82e00588c", 
            "malware_size": "11291 bytes", 
            "filename": "Cancellation_Form_fd2edc20.zip", 
            "scanned": "2016-10-06 05:05:02", 
            "malware_sha1": "ad4b99a88eee67281e8652e4b8f6d83e4925b246"
        }
    ], 
    "_meta": {
        "tracking_code": "AUSCERT#20167bae9", 
        "dates": {
            "report": {
                "yearly": "2016", 
                "hourly": "2016-10-08-07", 
                "tz": null, 
                "monthly": "2016-10", 
                "daily": "2016-10-08", 
                "epoch": 1475883614.0, 
                "iso": "2016-10-08T07:40:14", 
                "obj": "2016-10-08T07:40:14"
            }, 
            "creating": {
                "yearly": "2016", 
                "hourly": "2016-10-31-15", 
                "tz": null, 
                "monthly": "2016-10", 
                "daily": "2016-10-31", 
                "epoch": 1477899829.0, 
                "iso": "2016-10-31T15:43:49.696920", 
                "obj": "2016-10-31T15:43:49.696920"
            }
        }, 
        "ids": {
            "origin_type_id": "auscert_ioc_sample", 
            "process_id": "c3f40e1c-9780-41d5-a0ba-460dc52e03c2", 
            "saving_dir_id": "auscert_ioc_sample/2016-10-31/c3f40e1c-9780-41d5-a0ba-460dc52e03c2", 
            "rule_id": "xxxxxxxxrule_id"
        }
    }, 
    "enrich": {
        "origin_type_id": "auscert_ioc_sample", 
        "origin_organization": {
            "brief_name": "AusCERT", 
            "category": "CERTS", 
            "name": "AusCERT"
        }, 
        "secret_level": "open", 
        "intelligence_type": {
            "category": "ioc", 
            "future_fields": {
                "url": [], 
                "ip": [], 
                "hash": [
                    "malware_md5", 
                    "malware_sha1", 
                    "malware_sha256"
                ]
            }, 
            "subcategory": "malware"
        }
    }, 
    "data_storage": {
        "saving_dir_id": "auscert_ioc_sample/2016-10-31/61173b8a-4b2b-4b52-a577-e53b6777d978", 
        "disk_saving_strategy": "BaseDir|OriginTypeId|YYMMDD|ProcessId|Data", 
        "storage_used": 3, 
        "month_reserved": 3
    }, 
    "report_futures": {
        "url": [], 
        "ip": [], 
        "hash": [
            {
                "values": [
                    "b9249de4ee37a1b1adc209b82e00588c"
                ], 
                "name": "malware_md5"
            }, 
            {
                "values": [
                    "ad4b99a88eee67281e8652e4b8f6d83e4925b246"
                ], 
                "name": "malware_sha1"
            }, 
            {
                "values": [
                    "72f2b2364a652d9d84afb8e01bc9134802616b1bbfd5e2c83d8cfd041e86c252"
                ], 
                "name": "malware_sha256"
            }
        ]
    }
}