{
    "files": [
        {
            "actual_fn": "infected.zip", 
            "filename": "\"infected.zip\"", 
            "content-type": "application/x-zip-compressed", 
            "size": 8380
        }
    ], 
    "records": [
        {
            "malware_vt_report": "https://www.virustotal.com/file/e74c44e0af6f6cbff4e6729b790ca868bdbb459bffba9dead124c7640fba7172/analysis/1474978663", 
            "malware_sha256": "e74c44e0af6f6cbff4e6729b790ca868bdbb459bffba9dead124c7640fba7172", 
            "malware_md5": "3118591c665ecab7fad892db55c607b8", 
            "malware_size": "8326 bytes", 
            "filename": "27092016161531328879508593.pdf.zip", 
            "scanned": "2016-09-27 12:17:43", 
            "malware_sha1": "ca9865b52e21780d138e41ec8670ef8eecaad887"
        }
    ], 
    "_meta": {
        "tracking_code": "AUSCERT#20162e872", 
        "dates": {
            "report": {
                "yearly": "2016", 
                "hourly": "2016-09-28-08", 
                "monthly": "2016-09", 
                "daily": "2016-09-28", 
                "epoch": 1475022418.0, 
                "iso": "2016-09-28T08:26:58"
            }, 
            "creating": {
                "yearly": "2016", 
                "hourly": "2016-10-30-15", 
                "monthly": "2016-10", 
                "daily": "2016-10-30", 
                "epoch": 1477813730.0, 
                "iso": "2016-10-30T15:48:50.788927"
            }
        }, 
        "ids": {
            "origin_type_id": "auscert_ioc_sample", 
            "process_id": "5a5f1c22-f799-4a8b-a82a-7ed2d028df1b", 
            "saving_dir_id": "auscert_ioc_sample/2016-10-30/5a5f1c22-f799-4a8b-a82a-7ed2d028df1b", 
            "rule_id": "xxxxxxxxrule_id"
        }
    }, 
    "enrich": {
        "origin_type_id": "auscert_ioc_sample", 
        "origin_organization": {
            "brief_name": "AusCERT", 
            "category": "CERTS", 
            "name": "AusCERT"
        }, 
        "secret_level": "open", 
        "intelligence_type": {
            "category": "ioc", 
            "future_fields": {
                "url": [], 
                "ip": [], 
                "hash": [
                    "malware_md5", 
                    "malware_sha1", 
                    "malware_sha256"
                ]
            }, 
            "subcategory": "malware"
        }
    }, 
    "data_storage": {
        "saving_dir_id": "auscert_ioc_sample/2016-10-30/82b029c3-16da-4bd5-8ee7-52fddedb6def", 
        "disk_saving_strategy": "BaseDir|OriginTypeId|YYMMDD|ProcessId|Data", 
        "storage_used": 3, 
        "month_reserved": 3
    }, 
    "report_futures": {
        "url": [], 
        "ip": [], 
        "hash": [
            {
                "values": [
                    "3118591c665ecab7fad892db55c607b8"
                ], 
                "name": "malware_md5"
            }, 
            {
                "values": [
                    "ca9865b52e21780d138e41ec8670ef8eecaad887"
                ], 
                "name": "malware_sha1"
            }, 
            {
                "values": [
                    "e74c44e0af6f6cbff4e6729b790ca868bdbb459bffba9dead124c7640fba7172"
                ], 
                "name": "malware_sha256"
            }
        ]
    }
}