{
    "files": [
        {
            "actual_fn": "infected.zip", 
            "filename": "\"infected.zip\"", 
            "content-type": "application/x-zip-compressed", 
            "size": 10816
        }
    ], 
    "records": [
        {
            "malware_vt_report": "https://www.virustotal.com/file/647c11dd683239d902e09a534608b331d61b64d4e04076a699b6553db348bf98/analysis/1475146805", 
            "malware_sha256": "647c11dd683239d902e09a534608b331d61b64d4e04076a699b6553db348bf98", 
            "malware_md5": "e484e6846b6827ad10df3e061992b0b2", 
            "malware_size": "10748 bytes", 
            "filename": "debit_card_e80d966e4.zip", 
            "scanned": "2016-09-29 11:00:05", 
            "malware_sha1": "07b27d8033964bf1f0432fcaa120bc54dd468359"
        }
    ], 
    "_meta": {
        "tracking_code": "AUSCERT#201624787", 
        "dates": {
            "report": {
                "yearly": "2016", 
                "hourly": "2016-09-30-08", 
                "monthly": "2016-09", 
                "daily": "2016-09-30", 
                "epoch": 1475196358.0, 
                "iso": "2016-09-30T08:45:58"
            }, 
            "creating": {
                "yearly": "2016", 
                "hourly": "2016-10-30-15", 
                "monthly": "2016-10", 
                "daily": "2016-10-30", 
                "epoch": 1477813737.0, 
                "iso": "2016-10-30T15:48:57.642823"
            }
        }, 
        "ids": {
            "origin_type_id": "auscert_ioc_sample", 
            "process_id": "3375e76f-b998-4609-9fe7-1c74b2993d82", 
            "saving_dir_id": "auscert_ioc_sample/2016-10-30/3375e76f-b998-4609-9fe7-1c74b2993d82", 
            "rule_id": "xxxxxxxxrule_id"
        }
    }, 
    "enrich": {
        "origin_type_id": "auscert_ioc_sample", 
        "origin_organization": {
            "brief_name": "AusCERT", 
            "category": "CERTS", 
            "name": "AusCERT"
        }, 
        "secret_level": "open", 
        "intelligence_type": {
            "category": "ioc", 
            "future_fields": {
                "url": [], 
                "ip": [], 
                "hash": [
                    "malware_md5", 
                    "malware_sha1", 
                    "malware_sha256"
                ]
            }, 
            "subcategory": "malware"
        }
    }, 
    "data_storage": {
        "saving_dir_id": "auscert_ioc_sample/2016-10-30/82b029c3-16da-4bd5-8ee7-52fddedb6def", 
        "disk_saving_strategy": "BaseDir|OriginTypeId|YYMMDD|ProcessId|Data", 
        "storage_used": 3, 
        "month_reserved": 3
    }, 
    "report_futures": {
        "url": [], 
        "ip": [], 
        "hash": [
            {
                "values": [
                    "e484e6846b6827ad10df3e061992b0b2"
                ], 
                "name": "malware_md5"
            }, 
            {
                "values": [
                    "07b27d8033964bf1f0432fcaa120bc54dd468359"
                ], 
                "name": "malware_sha1"
            }, 
            {
                "values": [
                    "647c11dd683239d902e09a534608b331d61b64d4e04076a699b6553db348bf98"
                ], 
                "name": "malware_sha256"
            }
        ]
    }
}