{
    "files": [
        {
            "actual_fn": "infected.zip", 
            "filename": "\"infected.zip\"", 
            "content-type": "application/x-zip-compressed", 
            "size": 10725
        }
    ], 
    "records": [
        {
            "malware_vt_report": "https://www.virustotal.com/file/57b79ecbdf79fa7d3d9b831aec1c6c53081d5292153607a1f9856ca0f10d9010/analysis/1475194607", 
            "malware_sha256": "57b79ecbdf79fa7d3d9b831aec1c6c53081d5292153607a1f9856ca0f10d9010", 
            "malware_md5": "0458ffeb7e261b1ddb540135edead80e", 
            "malware_size": "11013 bytes", 
            "filename": "transaction_copy_1b6f4c0fa.zip", 
            "scanned": "2016-09-30 00:16:47", 
            "malware_sha1": "f3fd0ffa50bd179b48a63da6cd051158a7bacaf3"
        }
    ], 
    "_meta": {
        "tracking_code": "AUSCERT#2016180e8", 
        "dates": {
            "report": {
                "yearly": "2016", 
                "hourly": "2016-09-30-08", 
                "monthly": "2016-09", 
                "daily": "2016-09-30", 
                "epoch": 1475196349.0, 
                "iso": "2016-09-30T08:45:49"
            }, 
            "creating": {
                "yearly": "2016", 
                "hourly": "2016-10-30-15", 
                "monthly": "2016-10", 
                "daily": "2016-10-30", 
                "epoch": 1477813735.0, 
                "iso": "2016-10-30T15:48:55.532642"
            }
        }, 
        "ids": {
            "origin_type_id": "auscert_ioc_sample", 
            "process_id": "e6a55829-4ec5-472d-9633-d61145f103eb", 
            "saving_dir_id": "auscert_ioc_sample/2016-10-30/e6a55829-4ec5-472d-9633-d61145f103eb", 
            "rule_id": "xxxxxxxxrule_id"
        }
    }, 
    "enrich": {
        "origin_type_id": "auscert_ioc_sample", 
        "origin_organization": {
            "brief_name": "AusCERT", 
            "category": "CERTS", 
            "name": "AusCERT"
        }, 
        "secret_level": "open", 
        "intelligence_type": {
            "category": "ioc", 
            "future_fields": {
                "url": [], 
                "ip": [], 
                "hash": [
                    "malware_md5", 
                    "malware_sha1", 
                    "malware_sha256"
                ]
            }, 
            "subcategory": "malware"
        }
    }, 
    "data_storage": {
        "saving_dir_id": "auscert_ioc_sample/2016-10-30/82b029c3-16da-4bd5-8ee7-52fddedb6def", 
        "disk_saving_strategy": "BaseDir|OriginTypeId|YYMMDD|ProcessId|Data", 
        "storage_used": 3, 
        "month_reserved": 3
    }, 
    "report_futures": {
        "url": [], 
        "ip": [], 
        "hash": [
            {
                "values": [
                    "0458ffeb7e261b1ddb540135edead80e"
                ], 
                "name": "malware_md5"
            }, 
            {
                "values": [
                    "f3fd0ffa50bd179b48a63da6cd051158a7bacaf3"
                ], 
                "name": "malware_sha1"
            }, 
            {
                "values": [
                    "57b79ecbdf79fa7d3d9b831aec1c6c53081d5292153607a1f9856ca0f10d9010"
                ], 
                "name": "malware_sha256"
            }
        ]
    }
}