{
    "files": [
        {
            "actual_fn": "infected.zip", 
            "filename": "\"infected.zip\"", 
            "content-type": "application/x-zip-compressed", 
            "size": 11669
        }
    ], 
    "records": [
        {
            "malware_vt_report": "https://www.virustotal.com/file/fbc32d156891f556494956afa32d7b007732572be868d52d20130d7903691b07/analysis/1475629226", 
            "malware_sha256": "fbc32d156891f556494956afa32d7b007732572be868d52d20130d7903691b07", 
            "malware_md5": "dca690c08e775da2da7cc1e234fb4ca9", 
            "malware_size": "9699 bytes", 
            "filename": "contact_vcf_09dc304f8.zip", 
            "scanned": "2016-10-05 01:00:26", 
            "malware_sha1": "f39a87964208c24ee35814d021435072cf89d752"
        }
    ], 
    "_meta": {
        "tracking_code": "AUSCERT#201679820", 
        "dates": {
            "report": {
                "yearly": "2016", 
                "hourly": "2016-10-08-07", 
                "monthly": "2016-10", 
                "daily": "2016-10-08", 
                "epoch": 1475883579.0, 
                "iso": "2016-10-08T07:39:39"
            }, 
            "creating": {
                "yearly": "2016", 
                "hourly": "2016-10-30-15", 
                "monthly": "2016-10", 
                "daily": "2016-10-30", 
                "epoch": 1477813740.0, 
                "iso": "2016-10-30T15:49:00.609842"
            }
        }, 
        "ids": {
            "origin_type_id": "auscert_ioc_sample", 
            "process_id": "0cc878eb-8ab3-4f78-b9fd-3dc7405c3b6f", 
            "saving_dir_id": "auscert_ioc_sample/2016-10-30/0cc878eb-8ab3-4f78-b9fd-3dc7405c3b6f", 
            "rule_id": "xxxxxxxxrule_id"
        }
    }, 
    "enrich": {
        "origin_type_id": "auscert_ioc_sample", 
        "origin_organization": {
            "brief_name": "AusCERT", 
            "category": "CERTS", 
            "name": "AusCERT"
        }, 
        "secret_level": "open", 
        "intelligence_type": {
            "category": "ioc", 
            "future_fields": {
                "url": [], 
                "ip": [], 
                "hash": [
                    "malware_md5", 
                    "malware_sha1", 
                    "malware_sha256"
                ]
            }, 
            "subcategory": "malware"
        }
    }, 
    "data_storage": {
        "saving_dir_id": "auscert_ioc_sample/2016-10-30/82b029c3-16da-4bd5-8ee7-52fddedb6def", 
        "disk_saving_strategy": "BaseDir|OriginTypeId|YYMMDD|ProcessId|Data", 
        "storage_used": 3, 
        "month_reserved": 3
    }, 
    "report_futures": {
        "url": [], 
        "ip": [], 
        "hash": [
            {
                "values": [
                    "dca690c08e775da2da7cc1e234fb4ca9"
                ], 
                "name": "malware_md5"
            }, 
            {
                "values": [
                    "f39a87964208c24ee35814d021435072cf89d752"
                ], 
                "name": "malware_sha1"
            }, 
            {
                "values": [
                    "fbc32d156891f556494956afa32d7b007732572be868d52d20130d7903691b07"
                ], 
                "name": "malware_sha256"
            }
        ]
    }
}