{
    "files": [
        {
            "actual_fn": "infected.zip", 
            "filename": "\"infected.zip\"", 
            "content-type": "application/x-zip-compressed", 
            "size": 9512
        }
    ], 
    "records": [
        {
            "malware_vt_report": "https://www.virustotal.com/file/6666788566cbb2befb05f2331dbba02c634bea4426daa80740ff918ff2967d68/analysis/1475671979", 
            "malware_sha256": "6666788566cbb2befb05f2331dbba02c634bea4426daa80740ff918ff2967d68", 
            "malware_md5": "1e1cc7389117c4b86b7b74ee7912ad93", 
            "malware_size": "9161 bytes", 
            "filename": "complaint_letter_2a09982.zip", 
            "scanned": "2016-10-05 12:52:59", 
            "malware_sha1": "1d3a1674e6bed8ef6265f68f99d75f92d86c0dff"
        }
    ], 
    "_meta": {
        "tracking_code": "AUSCERT#20161e0c8", 
        "dates": {
            "report": {
                "yearly": "2016", 
                "hourly": "2016-10-08-07", 
                "tz": null, 
                "monthly": "2016-10", 
                "daily": "2016-10-08", 
                "epoch": 1475883635.0, 
                "iso": "2016-10-08T07:40:35", 
                "obj": "2016-10-08T07:40:35"
            }, 
            "creating": {
                "yearly": "2016", 
                "hourly": "2016-10-31-15", 
                "tz": null, 
                "monthly": "2016-10", 
                "daily": "2016-10-31", 
                "epoch": 1477899835.0, 
                "iso": "2016-10-31T15:43:55.323386", 
                "obj": "2016-10-31T15:43:55.323386"
            }
        }, 
        "ids": {
            "origin_type_id": "auscert_ioc_sample", 
            "process_id": "d049fa2c-fb13-4351-9317-fa4e2b7bad48", 
            "saving_dir_id": "auscert_ioc_sample/2016-10-31/d049fa2c-fb13-4351-9317-fa4e2b7bad48", 
            "rule_id": "xxxxxxxxrule_id"
        }
    }, 
    "enrich": {
        "origin_type_id": "auscert_ioc_sample", 
        "origin_organization": {
            "brief_name": "AusCERT", 
            "category": "CERTS", 
            "name": "AusCERT"
        }, 
        "secret_level": "open", 
        "intelligence_type": {
            "category": "ioc", 
            "future_fields": {
                "url": [], 
                "ip": [], 
                "hash": [
                    "malware_md5", 
                    "malware_sha1", 
                    "malware_sha256"
                ]
            }, 
            "subcategory": "malware"
        }
    }, 
    "data_storage": {
        "saving_dir_id": "auscert_ioc_sample/2016-10-31/61173b8a-4b2b-4b52-a577-e53b6777d978", 
        "disk_saving_strategy": "BaseDir|OriginTypeId|YYMMDD|ProcessId|Data", 
        "storage_used": 3, 
        "month_reserved": 3
    }, 
    "report_futures": {
        "url": [], 
        "ip": [], 
        "hash": [
            {
                "values": [
                    "1e1cc7389117c4b86b7b74ee7912ad93"
                ], 
                "name": "malware_md5"
            }, 
            {
                "values": [
                    "1d3a1674e6bed8ef6265f68f99d75f92d86c0dff"
                ], 
                "name": "malware_sha1"
            }, 
            {
                "values": [
                    "6666788566cbb2befb05f2331dbba02c634bea4426daa80740ff918ff2967d68"
                ], 
                "name": "malware_sha256"
            }
        ]
    }
}