{
    "files": [
        {
            "actual_fn": "infected.zip", 
            "filename": "\"infected.zip\"", 
            "content-type": "application/x-zip-compressed", 
            "size": 10545
        }
    ], 
    "records": [
        {
            "malware_vt_report": "https://www.virustotal.com/file/e942d791b6729bc53cbffa1c30e16764cfcb3eae651499d006f16750d1f15438/analysis/1475145789", 
            "malware_sha256": "e942d791b6729bc53cbffa1c30e16764cfcb3eae651499d006f16750d1f15438", 
            "malware_md5": "4191ce6b6eff30cac6b5d6740d587d5e", 
            "malware_size": "11669 bytes", 
            "filename": "debit_card_c064ed44b.zip", 
            "scanned": "2016-09-29 10:43:09", 
            "malware_sha1": "2622f19179e3bda24030b09fac2a2fece91b3f1f"
        }
    ], 
    "_meta": {
        "tracking_code": "AUSCERT#201626b1e", 
        "dates": {
            "report": {
                "yearly": "2016", 
                "hourly": "2016-09-30-08", 
                "tz": null, 
                "monthly": "2016-09", 
                "daily": "2016-09-30", 
                "epoch": 1475196351.0, 
                "iso": "2016-09-30T08:45:51", 
                "obj": "2016-09-30T08:45:51"
            }, 
            "creating": {
                "yearly": "2016", 
                "hourly": "2016-10-31-15", 
                "tz": null, 
                "monthly": "2016-10", 
                "daily": "2016-10-31", 
                "epoch": 1477899811.0, 
                "iso": "2016-10-31T15:43:31.785938", 
                "obj": "2016-10-31T15:43:31.785938"
            }
        }, 
        "ids": {
            "origin_type_id": "auscert_ioc_sample", 
            "process_id": "2b114ad0-208c-4463-8b10-495d7e527d5a", 
            "saving_dir_id": "auscert_ioc_sample/2016-10-31/2b114ad0-208c-4463-8b10-495d7e527d5a", 
            "rule_id": "xxxxxxxxrule_id"
        }
    }, 
    "enrich": {
        "origin_type_id": "auscert_ioc_sample", 
        "origin_organization": {
            "brief_name": "AusCERT", 
            "category": "CERTS", 
            "name": "AusCERT"
        }, 
        "secret_level": "open", 
        "intelligence_type": {
            "category": "ioc", 
            "future_fields": {
                "url": [], 
                "ip": [], 
                "hash": [
                    "malware_md5", 
                    "malware_sha1", 
                    "malware_sha256"
                ]
            }, 
            "subcategory": "malware"
        }
    }, 
    "data_storage": {
        "saving_dir_id": "auscert_ioc_sample/2016-10-31/61173b8a-4b2b-4b52-a577-e53b6777d978", 
        "disk_saving_strategy": "BaseDir|OriginTypeId|YYMMDD|ProcessId|Data", 
        "storage_used": 3, 
        "month_reserved": 3
    }, 
    "report_futures": {
        "url": [], 
        "ip": [], 
        "hash": [
            {
                "values": [
                    "4191ce6b6eff30cac6b5d6740d587d5e"
                ], 
                "name": "malware_md5"
            }, 
            {
                "values": [
                    "2622f19179e3bda24030b09fac2a2fece91b3f1f"
                ], 
                "name": "malware_sha1"
            }, 
            {
                "values": [
                    "e942d791b6729bc53cbffa1c30e16764cfcb3eae651499d006f16750d1f15438"
                ], 
                "name": "malware_sha256"
            }
        ]
    }
}