{
    "files": [
        {
            "actual_fn": "infected.zip", 
            "filename": "\"infected.zip\"", 
            "content-type": "application/x-zip-compressed", 
            "size": 25420
        }
    ], 
    "records": [
        {
            "malware_vt_report": "https://www.virustotal.com/file/3cdfdd3769fda3161234d21e3276638117b84902ccfa7069db20efee5745290f/analysis/1475534473", 
            "malware_sha256": "3cdfdd3769fda3161234d21e3276638117b84902ccfa7069db20efee5745290f", 
            "malware_md5": "8516462229a808eb33a1cf93dcb61183", 
            "malware_size": "10784 bytes", 
            "filename": "Travel_Itinerary-dbd1ee4.zip", 
            "scanned": "2016-10-03 22:41:13", 
            "malware_sha1": "fdfcfefaec8a93e3469dba907c60f0934fb2f795"
        }, 
        {
            "malware_vt_report": "https://www.virustotal.com/file/bc5d7a52ece253c9b186b7fa612dffe92fcdee4023feb17fed0b487cb279a54c/analysis/1475533379", 
            "malware_sha256": "bc5d7a52ece253c9b186b7fa612dffe92fcdee4023feb17fed0b487cb279a54c", 
            "malware_md5": "9f4e88adb699d3c66d9a760293fdc44b", 
            "malware_size": "10812 bytes", 
            "filename": "Travel_Itinerary-41ad96b.zip", 
            "scanned": "2016-10-03 22:22:59", 
            "malware_sha1": "cbb5be9eecd012cf0929370dbaeb4260dfdd4d99"
        }
    ], 
    "_meta": {
        "tracking_code": "AUSCERT#20160e3bf", 
        "dates": {
            "report": {
                "yearly": "2016", 
                "hourly": "2016-10-08-07", 
                "monthly": "2016-10", 
                "daily": "2016-10-08", 
                "epoch": 1475883605.0, 
                "iso": "2016-10-08T07:40:05"
            }, 
            "creating": {
                "yearly": "2016", 
                "hourly": "2016-10-30-15", 
                "monthly": "2016-10", 
                "daily": "2016-10-30", 
                "epoch": 1477813748.0, 
                "iso": "2016-10-30T15:49:08.244635"
            }
        }, 
        "ids": {
            "origin_type_id": "auscert_ioc_sample", 
            "process_id": "d21a8080-75c6-4e32-bd5a-e7d3b4511014", 
            "saving_dir_id": "auscert_ioc_sample/2016-10-30/d21a8080-75c6-4e32-bd5a-e7d3b4511014", 
            "rule_id": "xxxxxxxxrule_id"
        }
    }, 
    "enrich": {
        "origin_type_id": "auscert_ioc_sample", 
        "origin_organization": {
            "brief_name": "AusCERT", 
            "category": "CERTS", 
            "name": "AusCERT"
        }, 
        "secret_level": "open", 
        "intelligence_type": {
            "category": "ioc", 
            "future_fields": {
                "url": [], 
                "ip": [], 
                "hash": [
                    "malware_md5", 
                    "malware_sha1", 
                    "malware_sha256"
                ]
            }, 
            "subcategory": "malware"
        }
    }, 
    "data_storage": {
        "saving_dir_id": "auscert_ioc_sample/2016-10-30/82b029c3-16da-4bd5-8ee7-52fddedb6def", 
        "disk_saving_strategy": "BaseDir|OriginTypeId|YYMMDD|ProcessId|Data", 
        "storage_used": 3, 
        "month_reserved": 3
    }, 
    "report_futures": {
        "url": [], 
        "ip": [], 
        "hash": [
            {
                "values": [
                    "8516462229a808eb33a1cf93dcb61183", 
                    "9f4e88adb699d3c66d9a760293fdc44b"
                ], 
                "name": "malware_md5"
            }, 
            {
                "values": [
                    "fdfcfefaec8a93e3469dba907c60f0934fb2f795", 
                    "cbb5be9eecd012cf0929370dbaeb4260dfdd4d99"
                ], 
                "name": "malware_sha1"
            }, 
            {
                "values": [
                    "3cdfdd3769fda3161234d21e3276638117b84902ccfa7069db20efee5745290f", 
                    "bc5d7a52ece253c9b186b7fa612dffe92fcdee4023feb17fed0b487cb279a54c"
                ], 
                "name": "malware_sha256"
            }
        ]
    }
}