{
    "files": [
        {
            "actual_fn": "infected.zip", 
            "filename": "\"infected.zip\"", 
            "content-type": "application/x-zip-compressed", 
            "size": 10276
        }
    ], 
    "records": [
        {
            "malware_vt_report": "https://www.virustotal.com/file/33ccce40ae0d3d087a4cbf84073f82d69f4bb058701dc01ef73e2e582c41b394/analysis/1475534068", 
            "malware_sha256": "33ccce40ae0d3d087a4cbf84073f82d69f4bb058701dc01ef73e2e582c41b394", 
            "malware_md5": "1a871025fd70460f0f873f813649e8fc", 
            "malware_size": "8719 bytes", 
            "filename": "INV03071016.zip", 
            "scanned": "2016-10-03 22:34:28", 
            "malware_sha1": "f1ec428d3e8dedb7ca333df5d9ecfffe1525565a"
        }
    ], 
    "_meta": {
        "tracking_code": "AUSCERT#20166f39f", 
        "dates": {
            "report": {
                "yearly": "2016", 
                "hourly": "2016-10-08-07", 
                "monthly": "2016-10", 
                "daily": "2016-10-08", 
                "epoch": 1475883577.0, 
                "iso": "2016-10-08T07:39:37"
            }, 
            "creating": {
                "yearly": "2016", 
                "hourly": "2016-10-30-15", 
                "monthly": "2016-10", 
                "daily": "2016-10-30", 
                "epoch": 1477813739.0, 
                "iso": "2016-10-30T15:48:59.718945"
            }
        }, 
        "ids": {
            "origin_type_id": "auscert_ioc_sample", 
            "process_id": "00e9d368-d51e-4861-a8b8-0155830f7b6e", 
            "saving_dir_id": "auscert_ioc_sample/2016-10-30/00e9d368-d51e-4861-a8b8-0155830f7b6e", 
            "rule_id": "xxxxxxxxrule_id"
        }
    }, 
    "enrich": {
        "origin_type_id": "auscert_ioc_sample", 
        "origin_organization": {
            "brief_name": "AusCERT", 
            "category": "CERTS", 
            "name": "AusCERT"
        }, 
        "secret_level": "open", 
        "intelligence_type": {
            "category": "ioc", 
            "future_fields": {
                "url": [], 
                "ip": [], 
                "hash": [
                    "malware_md5", 
                    "malware_sha1", 
                    "malware_sha256"
                ]
            }, 
            "subcategory": "malware"
        }
    }, 
    "data_storage": {
        "saving_dir_id": "auscert_ioc_sample/2016-10-30/82b029c3-16da-4bd5-8ee7-52fddedb6def", 
        "disk_saving_strategy": "BaseDir|OriginTypeId|YYMMDD|ProcessId|Data", 
        "storage_used": 3, 
        "month_reserved": 3
    }, 
    "report_futures": {
        "url": [], 
        "ip": [], 
        "hash": [
            {
                "values": [
                    "1a871025fd70460f0f873f813649e8fc"
                ], 
                "name": "malware_md5"
            }, 
            {
                "values": [
                    "f1ec428d3e8dedb7ca333df5d9ecfffe1525565a"
                ], 
                "name": "malware_sha1"
            }, 
            {
                "values": [
                    "33ccce40ae0d3d087a4cbf84073f82d69f4bb058701dc01ef73e2e582c41b394"
                ], 
                "name": "malware_sha256"
            }
        ]
    }
}