{
    "files": [
        {
            "actual_fn": "infected.zip", 
            "filename": "\"infected.zip\"", 
            "content-type": "application/x-zip-compressed", 
            "size": 38536
        }
    ], 
    "records": [
        {
            "malware_vt_report": "https://www.virustotal.com/file/0b2c3a983c984ce7b69511f6a4a59ed4a321bdd62d03c93add1d6d1be36a6e79/analysis/1475529322", 
            "malware_sha256": "0b2c3a983c984ce7b69511f6a4a59ed4a321bdd62d03c93add1d6d1be36a6e79", 
            "malware_md5": "5c5ce4f8ed7d66f58c67630479adadd2", 
            "malware_size": "10871 bytes", 
            "filename": "paperwork_scan_c800c5be6.zip", 
            "scanned": "2016-10-03 21:15:22", 
            "malware_sha1": "42c7e76b3da45934dbd77406fd4c7b5ef03f07c4"
        }, 
        {
            "malware_vt_report": "https://www.virustotal.com/file/371821cc0a8bb916701c13320213556dc537e318f92bb35457f4bc7fa0deeb78/analysis/1475507752", 
            "malware_sha256": "371821cc0a8bb916701c13320213556dc537e318f92bb35457f4bc7fa0deeb78", 
            "malware_md5": "681b9743b8f1a729303c5b298f77f8bc", 
            "malware_size": "10946 bytes", 
            "filename": "paperwork_scan_8c36b9f.zip", 
            "scanned": "2016-10-03 15:15:52", 
            "malware_sha1": "02e44838ba1fe14c5050252e827fb15beaa8aded"
        }, 
        {
            "malware_vt_report": "https://www.virustotal.com/file/3dd14bf6eb070a20fcf0786877f3205b1068ed8a0f7565d63770d5e77a37d1db/analysis/1475506762", 
            "malware_sha256": "3dd14bf6eb070a20fcf0786877f3205b1068ed8a0f7565d63770d5e77a37d1db", 
            "malware_md5": "e3bad998fc81fa58014ccd357e085445", 
            "malware_size": "10917 bytes", 
            "filename": "paperwork_scan_5ce2d477.zip", 
            "scanned": "2016-10-03 14:59:22", 
            "malware_sha1": "9182379351206946840dc577bd15b801586c308e"
        }
    ], 
    "_meta": {
        "tracking_code": "AUSCERT#20162caef", 
        "dates": {
            "report": {
                "yearly": "2016", 
                "hourly": "2016-10-08-07", 
                "monthly": "2016-10", 
                "daily": "2016-10-08", 
                "epoch": 1475883601.0, 
                "iso": "2016-10-08T07:40:01"
            }, 
            "creating": {
                "yearly": "2016", 
                "hourly": "2016-10-30-15", 
                "monthly": "2016-10", 
                "daily": "2016-10-30", 
                "epoch": 1477813747.0, 
                "iso": "2016-10-30T15:49:07.309949"
            }
        }, 
        "ids": {
            "origin_type_id": "auscert_ioc_sample", 
            "process_id": "1e5f7b19-02eb-40a2-8371-9b62ef036ec4", 
            "saving_dir_id": "auscert_ioc_sample/2016-10-30/1e5f7b19-02eb-40a2-8371-9b62ef036ec4", 
            "rule_id": "xxxxxxxxrule_id"
        }
    }, 
    "enrich": {
        "origin_type_id": "auscert_ioc_sample", 
        "origin_organization": {
            "brief_name": "AusCERT", 
            "category": "CERTS", 
            "name": "AusCERT"
        }, 
        "secret_level": "open", 
        "intelligence_type": {
            "category": "ioc", 
            "future_fields": {
                "url": [], 
                "ip": [], 
                "hash": [
                    "malware_md5", 
                    "malware_sha1", 
                    "malware_sha256"
                ]
            }, 
            "subcategory": "malware"
        }
    }, 
    "data_storage": {
        "saving_dir_id": "auscert_ioc_sample/2016-10-30/82b029c3-16da-4bd5-8ee7-52fddedb6def", 
        "disk_saving_strategy": "BaseDir|OriginTypeId|YYMMDD|ProcessId|Data", 
        "storage_used": 3, 
        "month_reserved": 3
    }, 
    "report_futures": {
        "url": [], 
        "ip": [], 
        "hash": [
            {
                "values": [
                    "5c5ce4f8ed7d66f58c67630479adadd2", 
                    "681b9743b8f1a729303c5b298f77f8bc", 
                    "e3bad998fc81fa58014ccd357e085445"
                ], 
                "name": "malware_md5"
            }, 
            {
                "values": [
                    "42c7e76b3da45934dbd77406fd4c7b5ef03f07c4", 
                    "02e44838ba1fe14c5050252e827fb15beaa8aded", 
                    "9182379351206946840dc577bd15b801586c308e"
                ], 
                "name": "malware_sha1"
            }, 
            {
                "values": [
                    "0b2c3a983c984ce7b69511f6a4a59ed4a321bdd62d03c93add1d6d1be36a6e79", 
                    "371821cc0a8bb916701c13320213556dc537e318f92bb35457f4bc7fa0deeb78", 
                    "3dd14bf6eb070a20fcf0786877f3205b1068ed8a0f7565d63770d5e77a37d1db"
                ], 
                "name": "malware_sha256"
            }
        ]
    }
}