{
    "files": [
        {
            "actual_fn": "infected.zip", 
            "filename": "\"infected.zip\"", 
            "content-type": "application/x-zip-compressed", 
            "size": 140072
        }
    ], 
    "records": [
        {
            "malware_vt_report": "https://www.virustotal.com/file/273a14d920890e0dd0f3cb5c86a80e1581dec7752509113f8d5c4ad885ea8224/analysis/1475089036", 
            "malware_sha256": "273a14d920890e0dd0f3cb5c86a80e1581dec7752509113f8d5c4ad885ea8224", 
            "malware_md5": "6cf4f95f2da95f95abde98eefd7a4f3f", 
            "malware_size": "10083 bytes", 
            "filename": "contract_scan_32bb9add.zip", 
            "scanned": "2016-09-28 18:57:16", 
            "malware_sha1": "d6887388fa36fa1f102af8fa0d452c43b5cb4151"
        }, 
        {
            "malware_vt_report": "https://www.virustotal.com/file/35737467fe3eb1ffe76f553bcc5b89c5d3312848ef9da6a19463ab0775b14e20/analysis/1475099415", 
            "malware_sha256": "35737467fe3eb1ffe76f553bcc5b89c5d3312848ef9da6a19463ab0775b14e20", 
            "malware_md5": "034781122494979216ac1faf796f0b21", 
            "malware_size": "10318 bytes", 
            "filename": "contract_scan_cfb9d120.zip", 
            "scanned": "2016-09-28 21:50:15", 
            "malware_sha1": "3fd51cdde6591a5ffff227a9b615660e548f86cf"
        }, 
        {
            "malware_vt_report": "https://www.virustotal.com/file/893bfa50629980a1d5f9101c5f251c7375c1878df7fb890ad68d2e77fad96dde/analysis/1475096616", 
            "malware_sha256": "893bfa50629980a1d5f9101c5f251c7375c1878df7fb890ad68d2e77fad96dde", 
            "malware_md5": "420307beb528ca2395aad12c9cd12ec9", 
            "malware_size": "10900 bytes", 
            "filename": "contract_scan_19cc5d1f.zip", 
            "scanned": "2016-09-28 21:03:36", 
            "malware_sha1": "18774b36873c0d98571b182fd01e51540cc8fe6f"
        }, 
        {
            "malware_vt_report": "https://www.virustotal.com/file/39306c01c7c3b69c26b0689e56283609cc344166b63fa27dc9407c40ea185b24/analysis/1475090349", 
            "malware_sha256": "39306c01c7c3b69c26b0689e56283609cc344166b63fa27dc9407c40ea185b24", 
            "malware_md5": "0526700de1f5f199013cc4dab340fc9a", 
            "malware_size": "10856 bytes", 
            "filename": "contract_scan_301c42f28.zip", 
            "scanned": "2016-09-28 19:19:09", 
            "malware_sha1": "7d3fd3f6e98f25eb84b8259edfc893429dec8f54"
        }, 
        {
            "malware_vt_report": "https://www.virustotal.com/file/16f2e2df940db392bae26ce003670cca22549a9d8c13b25aa0b2a61245b54eb9/analysis/1475084645", 
            "malware_sha256": "16f2e2df940db392bae26ce003670cca22549a9d8c13b25aa0b2a61245b54eb9", 
            "malware_md5": "6dcec5b62dbd8b534f3a906bace668cf", 
            "malware_size": "10746 bytes", 
            "filename": "proposal_form_1d35c1388.zip", 
            "scanned": "2016-09-28 17:44:05", 
            "malware_sha1": "4b0eb85d24d3add2396fe94626306f5f050c2d6b"
        }, 
        {
            "malware_vt_report": "https://www.virustotal.com/file/44f168de7a5213b03f00bab20628cfc91cecd98d4f553e21d39d7bd9a95a0186/analysis/1475061214", 
            "malware_sha256": "44f168de7a5213b03f00bab20628cfc91cecd98d4f553e21d39d7bd9a95a0186", 
            "malware_md5": "1e9220d1d6e964345de949f84ab590c4", 
            "malware_size": "10797 bytes", 
            "filename": "proposal_form_19aadc7.zip", 
            "scanned": "2016-09-28 11:13:34", 
            "malware_sha1": "4d8b7a2f724ea1b72adca4b468ca3af1ef8ed647"
        }, 
        {
            "malware_vt_report": "https://www.virustotal.com/file/c7dfbb808c097422bf9b05d5eff22f37798ff69ea4552d68af2a8d85017a0ea4/analysis/1475091964", 
            "malware_sha256": "c7dfbb808c097422bf9b05d5eff22f37798ff69ea4552d68af2a8d85017a0ea4", 
            "malware_md5": "570d8674a9dd360a13d633b721124227", 
            "malware_size": "10318 bytes", 
            "filename": "contract_scan_42540f2aa.zip", 
            "scanned": "2016-09-28 19:46:04", 
            "malware_sha1": "514c186659f2b167665de535d02373a5a4258410"
        }, 
        {
            "malware_vt_report": "https://www.virustotal.com/file/3a9bc6fa34051c900f7bc0e16e6239b8cc93bd2fc1c5efe8b8f2ae52e62f1b6d/analysis/1475063915", 
            "malware_sha256": "3a9bc6fa34051c900f7bc0e16e6239b8cc93bd2fc1c5efe8b8f2ae52e62f1b6d", 
            "malware_md5": "1eb31e783c44e3db594e1fcabd162208", 
            "malware_size": "11188 bytes", 
            "filename": "proposal_form_d86cb5b50.zip", 
            "scanned": "2016-09-28 11:58:35", 
            "malware_sha1": "1a7f5948c9f38de98006fa57e32cc8a75a0513c4"
        }, 
        {
            "malware_vt_report": "https://www.virustotal.com/file/bae335b2b4aa0da97aad14855521330f3ec3c297a448ccedcf12c24fab031099/analysis/1475064665", 
            "malware_sha256": "bae335b2b4aa0da97aad14855521330f3ec3c297a448ccedcf12c24fab031099", 
            "malware_md5": "15c812d11b9949400f9785bae371a33f", 
            "malware_size": "10909 bytes", 
            "filename": "proposal_form_a1012082.zip", 
            "scanned": "2016-09-28 12:11:05", 
            "malware_sha1": "5e7f82c3ff665f342ee5c5122a8c8f2ffd34b5d9"
        }, 
        {
            "malware_vt_report": "https://www.virustotal.com/file/8a559fd99a536d83f1b7543ccbe199c03c4ebd9d71b31c8fa6753f0115296916/analysis/1475060111", 
            "malware_sha256": "8a559fd99a536d83f1b7543ccbe199c03c4ebd9d71b31c8fa6753f0115296916", 
            "malware_md5": "321e21bc19e2f165f8a16146628a6954", 
            "malware_size": "10639 bytes", 
            "filename": "proposal_form_6d112b6.zip", 
            "scanned": "2016-09-28 10:55:11", 
            "malware_sha1": "394fe4c86c66120748ddac58b81aa2217783b28f"
        }, 
        {
            "malware_vt_report": "https://www.virustotal.com/file/2e59e4e89614229b81a5b3f4663b46892ad3ee97dd0058ed5484a8b6c778911b/analysis/1475098675", 
            "malware_sha256": "2e59e4e89614229b81a5b3f4663b46892ad3ee97dd0058ed5484a8b6c778911b", 
            "malware_md5": "c8cc8785f3e1bdf9cf74e752f06a2630", 
            "malware_size": "10629 bytes", 
            "filename": "contract_scan_6421f23c.zip", 
            "scanned": "2016-09-28 21:37:55", 
            "malware_sha1": "eac5158107a20faefd5d7a76e8dac074b1d4bbd5"
        }, 
        {
            "malware_vt_report": "https://www.virustotal.com/file/93b81bd586d4d86dd39e227ee97a48c9999da8b8f7331ccb6cd20a42c1c73438/analysis/1475080235", 
            "malware_sha256": "93b81bd586d4d86dd39e227ee97a48c9999da8b8f7331ccb6cd20a42c1c73438", 
            "malware_md5": "d616f6444fa2aac73689ae8a2d3013ce", 
            "malware_size": "10827 bytes", 
            "filename": "proposal_form_646b6353.zip", 
            "scanned": "2016-09-28 16:30:35", 
            "malware_sha1": "551e60802edd98a33166caec25c337f7f0759a68"
        }
    ], 
    "_meta": {
        "tracking_code": "AUSCERT#2016d9bfd", 
        "dates": {
            "report": {
                "yearly": "2016", 
                "hourly": "2016-09-29-08", 
                "monthly": "2016-09", 
                "daily": "2016-09-29", 
                "epoch": 1475109377.0, 
                "iso": "2016-09-29T08:36:17"
            }, 
            "creating": {
                "yearly": "2016", 
                "hourly": "2016-10-30-15", 
                "monthly": "2016-10", 
                "daily": "2016-10-30", 
                "epoch": 1477813733.0, 
                "iso": "2016-10-30T15:48:53.108135"
            }
        }, 
        "ids": {
            "origin_type_id": "auscert_ioc_sample", 
            "process_id": "d062ee27-abcd-445c-9259-4cc113ec124f", 
            "saving_dir_id": "auscert_ioc_sample/2016-10-30/d062ee27-abcd-445c-9259-4cc113ec124f", 
            "rule_id": "xxxxxxxxrule_id"
        }
    }, 
    "enrich": {
        "origin_type_id": "auscert_ioc_sample", 
        "origin_organization": {
            "brief_name": "AusCERT", 
            "category": "CERTS", 
            "name": "AusCERT"
        }, 
        "secret_level": "open", 
        "intelligence_type": {
            "category": "ioc", 
            "future_fields": {
                "url": [], 
                "ip": [], 
                "hash": [
                    "malware_md5", 
                    "malware_sha1", 
                    "malware_sha256"
                ]
            }, 
            "subcategory": "malware"
        }
    }, 
    "data_storage": {
        "saving_dir_id": "auscert_ioc_sample/2016-10-30/82b029c3-16da-4bd5-8ee7-52fddedb6def", 
        "disk_saving_strategy": "BaseDir|OriginTypeId|YYMMDD|ProcessId|Data", 
        "storage_used": 3, 
        "month_reserved": 3
    }, 
    "report_futures": {
        "url": [], 
        "ip": [], 
        "hash": [
            {
                "values": [
                    "6cf4f95f2da95f95abde98eefd7a4f3f", 
                    "034781122494979216ac1faf796f0b21", 
                    "420307beb528ca2395aad12c9cd12ec9", 
                    "0526700de1f5f199013cc4dab340fc9a", 
                    "6dcec5b62dbd8b534f3a906bace668cf", 
                    "1e9220d1d6e964345de949f84ab590c4", 
                    "570d8674a9dd360a13d633b721124227", 
                    "1eb31e783c44e3db594e1fcabd162208", 
                    "15c812d11b9949400f9785bae371a33f", 
                    "321e21bc19e2f165f8a16146628a6954", 
                    "c8cc8785f3e1bdf9cf74e752f06a2630", 
                    "d616f6444fa2aac73689ae8a2d3013ce"
                ], 
                "name": "malware_md5"
            }, 
            {
                "values": [
                    "d6887388fa36fa1f102af8fa0d452c43b5cb4151", 
                    "3fd51cdde6591a5ffff227a9b615660e548f86cf", 
                    "18774b36873c0d98571b182fd01e51540cc8fe6f", 
                    "7d3fd3f6e98f25eb84b8259edfc893429dec8f54", 
                    "4b0eb85d24d3add2396fe94626306f5f050c2d6b", 
                    "4d8b7a2f724ea1b72adca4b468ca3af1ef8ed647", 
                    "514c186659f2b167665de535d02373a5a4258410", 
                    "1a7f5948c9f38de98006fa57e32cc8a75a0513c4", 
                    "5e7f82c3ff665f342ee5c5122a8c8f2ffd34b5d9", 
                    "394fe4c86c66120748ddac58b81aa2217783b28f", 
                    "eac5158107a20faefd5d7a76e8dac074b1d4bbd5", 
                    "551e60802edd98a33166caec25c337f7f0759a68"
                ], 
                "name": "malware_sha1"
            }, 
            {
                "values": [
                    "273a14d920890e0dd0f3cb5c86a80e1581dec7752509113f8d5c4ad885ea8224", 
                    "35737467fe3eb1ffe76f553bcc5b89c5d3312848ef9da6a19463ab0775b14e20", 
                    "893bfa50629980a1d5f9101c5f251c7375c1878df7fb890ad68d2e77fad96dde", 
                    "39306c01c7c3b69c26b0689e56283609cc344166b63fa27dc9407c40ea185b24", 
                    "16f2e2df940db392bae26ce003670cca22549a9d8c13b25aa0b2a61245b54eb9", 
                    "44f168de7a5213b03f00bab20628cfc91cecd98d4f553e21d39d7bd9a95a0186", 
                    "c7dfbb808c097422bf9b05d5eff22f37798ff69ea4552d68af2a8d85017a0ea4", 
                    "3a9bc6fa34051c900f7bc0e16e6239b8cc93bd2fc1c5efe8b8f2ae52e62f1b6d", 
                    "bae335b2b4aa0da97aad14855521330f3ec3c297a448ccedcf12c24fab031099", 
                    "8a559fd99a536d83f1b7543ccbe199c03c4ebd9d71b31c8fa6753f0115296916", 
                    "2e59e4e89614229b81a5b3f4663b46892ad3ee97dd0058ed5484a8b6c778911b", 
                    "93b81bd586d4d86dd39e227ee97a48c9999da8b8f7331ccb6cd20a42c1c73438"
                ], 
                "name": "malware_sha256"
            }
        ]
    }
}