{
    "files": [
        {
            "actual_fn": "infected.zip", 
            "filename": "\"infected.zip\"", 
            "content-type": "application/x-zip-compressed", 
            "size": 10175
        }
    ], 
    "records": [
        {
            "malware_vt_report": "https://www.virustotal.com/file/14be2dd93937fc7124021ddf63b8a338d4be3174433ba14f50ad1062604ec0d2/analysis/1474929730", 
            "malware_sha256": "14be2dd93937fc7124021ddf63b8a338d4be3174433ba14f50ad1062604ec0d2", 
            "malware_md5": "aaf39b3e24de26db037bb6d929aab80b", 
            "malware_size": "11239 bytes", 
            "filename": "05b63f5bbc.zip", 
            "scanned": "2016-09-26 22:42:10", 
            "malware_sha1": "24b9aa7ce4735e8692d4fadd8802e8529d1f0a97"
        }
    ], 
    "_meta": {
        "tracking_code": "AUSCERT#20160d070", 
        "dates": {
            "report": {
                "yearly": "2016", 
                "hourly": "2016-09-27-07", 
                "tz": null, 
                "monthly": "2016-09", 
                "daily": "2016-09-27", 
                "epoch": 1474933460.0, 
                "iso": "2016-09-27T07:44:20", 
                "obj": "2016-09-27T07:44:20"
            }, 
            "creating": {
                "yearly": "2016", 
                "hourly": "2016-10-31-15", 
                "tz": null, 
                "monthly": "2016-10", 
                "daily": "2016-10-31", 
                "epoch": 1477899801.0, 
                "iso": "2016-10-31T15:43:21.254985", 
                "obj": "2016-10-31T15:43:21.254985"
            }
        }, 
        "ids": {
            "origin_type_id": "auscert_ioc_sample", 
            "process_id": "80320501-3c4e-4cec-9fa4-f61f0871c998", 
            "saving_dir_id": "auscert_ioc_sample/2016-10-31/80320501-3c4e-4cec-9fa4-f61f0871c998", 
            "rule_id": "xxxxxxxxrule_id"
        }
    }, 
    "enrich": {
        "origin_type_id": "auscert_ioc_sample", 
        "origin_organization": {
            "brief_name": "AusCERT", 
            "category": "CERTS", 
            "name": "AusCERT"
        }, 
        "secret_level": "open", 
        "intelligence_type": {
            "category": "ioc", 
            "future_fields": {
                "url": [], 
                "ip": [], 
                "hash": [
                    "malware_md5", 
                    "malware_sha1", 
                    "malware_sha256"
                ]
            }, 
            "subcategory": "malware"
        }
    }, 
    "data_storage": {
        "saving_dir_id": "auscert_ioc_sample/2016-10-31/61173b8a-4b2b-4b52-a577-e53b6777d978", 
        "disk_saving_strategy": "BaseDir|OriginTypeId|YYMMDD|ProcessId|Data", 
        "storage_used": 3, 
        "month_reserved": 3
    }, 
    "report_futures": {
        "url": [], 
        "ip": [], 
        "hash": [
            {
                "values": [
                    "aaf39b3e24de26db037bb6d929aab80b"
                ], 
                "name": "malware_md5"
            }, 
            {
                "values": [
                    "24b9aa7ce4735e8692d4fadd8802e8529d1f0a97"
                ], 
                "name": "malware_sha1"
            }, 
            {
                "values": [
                    "14be2dd93937fc7124021ddf63b8a338d4be3174433ba14f50ad1062604ec0d2"
                ], 
                "name": "malware_sha256"
            }
        ]
    }
}