{
    "files": [
        {
            "actual_fn": "infected.zip", 
            "filename": "\"infected.zip\"", 
            "content-type": "application/x-zip-compressed", 
            "size": 11548
        }
    ], 
    "records": [
        {
            "malware_vt_report": "https://www.virustotal.com/file/6b1f92af41ebd24b10bdf43f8c555fe53d824d554a97494cde4e59de02a193c5/analysis/1475712160", 
            "malware_sha256": "6b1f92af41ebd24b10bdf43f8c555fe53d824d554a97494cde4e59de02a193c5", 
            "malware_md5": "74ec9cec732fffe109ceb0986535b596", 
            "malware_size": "11249 bytes", 
            "filename": "Cancellation_Form_d4293e322.zip", 
            "scanned": "2016-10-06 00:02:40", 
            "malware_sha1": "f8c3d23c1e954f5098514561b6002bfddc80a237"
        }
    ], 
    "_meta": {
        "tracking_code": "AUSCERT#2016854df", 
        "dates": {
            "report": {
                "yearly": "2016", 
                "hourly": "2016-10-08-07", 
                "monthly": "2016-10", 
                "daily": "2016-10-08", 
                "epoch": 1475883616.0, 
                "iso": "2016-10-08T07:40:16"
            }, 
            "creating": {
                "yearly": "2016", 
                "hourly": "2016-10-30-15", 
                "monthly": "2016-10", 
                "daily": "2016-10-30", 
                "epoch": 1477813751.0, 
                "iso": "2016-10-30T15:49:11.444916"
            }
        }, 
        "ids": {
            "origin_type_id": "auscert_ioc_sample", 
            "process_id": "138b24be-a1cf-4bea-a64a-ecb5a2500b94", 
            "saving_dir_id": "auscert_ioc_sample/2016-10-30/138b24be-a1cf-4bea-a64a-ecb5a2500b94", 
            "rule_id": "xxxxxxxxrule_id"
        }
    }, 
    "enrich": {
        "origin_type_id": "auscert_ioc_sample", 
        "origin_organization": {
            "brief_name": "AusCERT", 
            "category": "CERTS", 
            "name": "AusCERT"
        }, 
        "secret_level": "open", 
        "intelligence_type": {
            "category": "ioc", 
            "future_fields": {
                "url": [], 
                "ip": [], 
                "hash": [
                    "malware_md5", 
                    "malware_sha1", 
                    "malware_sha256"
                ]
            }, 
            "subcategory": "malware"
        }
    }, 
    "data_storage": {
        "saving_dir_id": "auscert_ioc_sample/2016-10-30/82b029c3-16da-4bd5-8ee7-52fddedb6def", 
        "disk_saving_strategy": "BaseDir|OriginTypeId|YYMMDD|ProcessId|Data", 
        "storage_used": 3, 
        "month_reserved": 3
    }, 
    "report_futures": {
        "url": [], 
        "ip": [], 
        "hash": [
            {
                "values": [
                    "74ec9cec732fffe109ceb0986535b596"
                ], 
                "name": "malware_md5"
            }, 
            {
                "values": [
                    "f8c3d23c1e954f5098514561b6002bfddc80a237"
                ], 
                "name": "malware_sha1"
            }, 
            {
                "values": [
                    "6b1f92af41ebd24b10bdf43f8c555fe53d824d554a97494cde4e59de02a193c5"
                ], 
                "name": "malware_sha256"
            }
        ]
    }
}