{
    "files": [
        {
            "actual_fn": "infected.zip", 
            "filename": "\"infected.zip\"", 
            "content-type": "application/x-zip-compressed", 
            "size": 9612
        }
    ], 
    "records": [
        {
            "malware_vt_report": "https://www.virustotal.com/file/7e144cba0146cb4368edc5054d96f1c8450c11858002182c90a8b094f3113c9b/analysis/1475668534", 
            "malware_sha256": "7e144cba0146cb4368edc5054d96f1c8450c11858002182c90a8b094f3113c9b", 
            "malware_md5": "363ad336dd97e7732a9d4b1cf3fc7d29", 
            "malware_size": "9249 bytes", 
            "filename": "complaint_letter_4210830fb.zip", 
            "scanned": "2016-10-05 11:55:34", 
            "malware_sha1": "090d854ab5aabd8add3c5987cd377abf8165433a"
        }
    ], 
    "_meta": {
        "tracking_code": "AUSCERT#20161e0ab", 
        "dates": {
            "report": {
                "yearly": "2016", 
                "hourly": "2016-10-08-07", 
                "monthly": "2016-10", 
                "daily": "2016-10-08", 
                "epoch": 1475883633.0, 
                "iso": "2016-10-08T07:40:33"
            }, 
            "creating": {
                "yearly": "2016", 
                "hourly": "2016-10-30-15", 
                "monthly": "2016-10", 
                "daily": "2016-10-30", 
                "epoch": 1477813756.0, 
                "iso": "2016-10-30T15:49:16.386419"
            }
        }, 
        "ids": {
            "origin_type_id": "auscert_ioc_sample", 
            "process_id": "5c995a76-48d7-4409-a62e-70d177a7265f", 
            "saving_dir_id": "auscert_ioc_sample/2016-10-30/5c995a76-48d7-4409-a62e-70d177a7265f", 
            "rule_id": "xxxxxxxxrule_id"
        }
    }, 
    "enrich": {
        "origin_type_id": "auscert_ioc_sample", 
        "origin_organization": {
            "brief_name": "AusCERT", 
            "category": "CERTS", 
            "name": "AusCERT"
        }, 
        "secret_level": "open", 
        "intelligence_type": {
            "category": "ioc", 
            "future_fields": {
                "url": [], 
                "ip": [], 
                "hash": [
                    "malware_md5", 
                    "malware_sha1", 
                    "malware_sha256"
                ]
            }, 
            "subcategory": "malware"
        }
    }, 
    "data_storage": {
        "saving_dir_id": "auscert_ioc_sample/2016-10-30/82b029c3-16da-4bd5-8ee7-52fddedb6def", 
        "disk_saving_strategy": "BaseDir|OriginTypeId|YYMMDD|ProcessId|Data", 
        "storage_used": 3, 
        "month_reserved": 3
    }, 
    "report_futures": {
        "url": [], 
        "ip": [], 
        "hash": [
            {
                "values": [
                    "363ad336dd97e7732a9d4b1cf3fc7d29"
                ], 
                "name": "malware_md5"
            }, 
            {
                "values": [
                    "090d854ab5aabd8add3c5987cd377abf8165433a"
                ], 
                "name": "malware_sha1"
            }, 
            {
                "values": [
                    "7e144cba0146cb4368edc5054d96f1c8450c11858002182c90a8b094f3113c9b"
                ], 
                "name": "malware_sha256"
            }
        ]
    }
}