{
    "files": [
        {
            "actual_fn": "infected.zip", 
            "filename": "\"infected.zip\"", 
            "content-type": "application/x-zip-compressed", 
            "size": 12896
        }
    ], 
    "records": [
        {
            "malware_vt_report": "https://www.virustotal.com/file/74b26e6273564af9cf046f1a134d7b3d96f782e032668ae4acd307fa8d4714c6/analysis/1475521906", 
            "malware_sha256": "74b26e6273564af9cf046f1a134d7b3d96f782e032668ae4acd307fa8d4714c6", 
            "malware_md5": "5cb7dda4e3b819d27f96c55117b8de54", 
            "malware_size": "10933 bytes", 
            "filename": "paperwork_scan_07bc27e.zip", 
            "scanned": "2016-10-03 19:11:46", 
            "malware_sha1": "5262545979c8271aa436e51099e92a1b8dfd34ce"
        }
    ], 
    "_meta": {
        "tracking_code": "AUSCERT#2016fbf28", 
        "dates": {
            "report": {
                "yearly": "2016", 
                "hourly": "2016-10-08-07", 
                "monthly": "2016-10", 
                "daily": "2016-10-08", 
                "epoch": 1475883602.0, 
                "iso": "2016-10-08T07:40:02"
            }, 
            "creating": {
                "yearly": "2016", 
                "hourly": "2016-10-30-15", 
                "monthly": "2016-10", 
                "daily": "2016-10-30", 
                "epoch": 1477813747.0, 
                "iso": "2016-10-30T15:49:07.623825"
            }
        }, 
        "ids": {
            "origin_type_id": "auscert_ioc_sample", 
            "process_id": "d02b9472-b0e9-44f2-b114-8c7f630b1525", 
            "saving_dir_id": "auscert_ioc_sample/2016-10-30/d02b9472-b0e9-44f2-b114-8c7f630b1525", 
            "rule_id": "xxxxxxxxrule_id"
        }
    }, 
    "enrich": {
        "origin_type_id": "auscert_ioc_sample", 
        "origin_organization": {
            "brief_name": "AusCERT", 
            "category": "CERTS", 
            "name": "AusCERT"
        }, 
        "secret_level": "open", 
        "intelligence_type": {
            "category": "ioc", 
            "future_fields": {
                "url": [], 
                "ip": [], 
                "hash": [
                    "malware_md5", 
                    "malware_sha1", 
                    "malware_sha256"
                ]
            }, 
            "subcategory": "malware"
        }
    }, 
    "data_storage": {
        "saving_dir_id": "auscert_ioc_sample/2016-10-30/82b029c3-16da-4bd5-8ee7-52fddedb6def", 
        "disk_saving_strategy": "BaseDir|OriginTypeId|YYMMDD|ProcessId|Data", 
        "storage_used": 3, 
        "month_reserved": 3
    }, 
    "report_futures": {
        "url": [], 
        "ip": [], 
        "hash": [
            {
                "values": [
                    "5cb7dda4e3b819d27f96c55117b8de54"
                ], 
                "name": "malware_md5"
            }, 
            {
                "values": [
                    "5262545979c8271aa436e51099e92a1b8dfd34ce"
                ], 
                "name": "malware_sha1"
            }, 
            {
                "values": [
                    "74b26e6273564af9cf046f1a134d7b3d96f782e032668ae4acd307fa8d4714c6"
                ], 
                "name": "malware_sha256"
            }
        ]
    }
}