{
    "files": [
        {
            "actual_fn": "infected.zip", 
            "filename": "\"infected.zip\"", 
            "content-type": "application/x-zip-compressed", 
            "size": 6950
        }
    ], 
    "records": [
        {
            "malware_vt_report": "https://www.virustotal.com/file/4cecf4a7b0bc23b6bddafacba4842b1843e5ac3ab5d867e151bd3e722c01ebd4/analysis/1475536079", 
            "malware_sha256": "4cecf4a7b0bc23b6bddafacba4842b1843e5ac3ab5d867e151bd3e722c01ebd4", 
            "malware_md5": "1d8ec20caa0de22a771e2a07a72dea7f", 
            "malware_size": "5326 bytes", 
            "filename": "AUSPOST_parcel.zip", 
            "scanned": "2016-10-03 23:07:59", 
            "malware_sha1": "7f48036bf5011e1267358d03b1c01066f46a285a"
        }
    ], 
    "_meta": {
        "tracking_code": "AUSCERT#2016e71d4", 
        "dates": {
            "report": {
                "yearly": "2016", 
                "hourly": "2016-10-08-07", 
                "tz": null, 
                "monthly": "2016-10", 
                "daily": "2016-10-08", 
                "epoch": 1475883576.0, 
                "iso": "2016-10-08T07:39:36", 
                "obj": "2016-10-08T07:39:36"
            }, 
            "creating": {
                "yearly": "2016", 
                "hourly": "2016-10-31-15", 
                "tz": null, 
                "monthly": "2016-10", 
                "daily": "2016-10-31", 
                "epoch": 1477899815.0, 
                "iso": "2016-10-31T15:43:35.589533", 
                "obj": "2016-10-31T15:43:35.589533"
            }
        }, 
        "ids": {
            "origin_type_id": "auscert_ioc_sample", 
            "process_id": "955b3bdd-f6cd-4f8f-bb77-7671151f2dfc", 
            "saving_dir_id": "auscert_ioc_sample/2016-10-31/955b3bdd-f6cd-4f8f-bb77-7671151f2dfc", 
            "rule_id": "xxxxxxxxrule_id"
        }
    }, 
    "enrich": {
        "origin_type_id": "auscert_ioc_sample", 
        "origin_organization": {
            "brief_name": "AusCERT", 
            "category": "CERTS", 
            "name": "AusCERT"
        }, 
        "secret_level": "open", 
        "intelligence_type": {
            "category": "ioc", 
            "future_fields": {
                "url": [], 
                "ip": [], 
                "hash": [
                    "malware_md5", 
                    "malware_sha1", 
                    "malware_sha256"
                ]
            }, 
            "subcategory": "malware"
        }
    }, 
    "data_storage": {
        "saving_dir_id": "auscert_ioc_sample/2016-10-31/61173b8a-4b2b-4b52-a577-e53b6777d978", 
        "disk_saving_strategy": "BaseDir|OriginTypeId|YYMMDD|ProcessId|Data", 
        "storage_used": 3, 
        "month_reserved": 3
    }, 
    "report_futures": {
        "url": [], 
        "ip": [], 
        "hash": [
            {
                "values": [
                    "1d8ec20caa0de22a771e2a07a72dea7f"
                ], 
                "name": "malware_md5"
            }, 
            {
                "values": [
                    "7f48036bf5011e1267358d03b1c01066f46a285a"
                ], 
                "name": "malware_sha1"
            }, 
            {
                "values": [
                    "4cecf4a7b0bc23b6bddafacba4842b1843e5ac3ab5d867e151bd3e722c01ebd4"
                ], 
                "name": "malware_sha256"
            }
        ]
    }
}