{
    "files": [
        {
            "actual_fn": "infected.zip", 
            "filename": "\"infected.zip\"", 
            "content-type": "application/x-zip-compressed", 
            "size": 8157
        }
    ], 
    "records": [
        {
            "malware_vt_report": "https://www.virustotal.com/file/25c313c9a084a133f689cbe80ecb27bafea77edab7e76a78e3c251989319fcb1/analysis/1475714626", 
            "malware_sha256": "25c313c9a084a133f689cbe80ecb27bafea77edab7e76a78e3c251989319fcb1", 
            "malware_md5": "060fbf59833816debed56c976dcd20c2", 
            "malware_size": "8101 bytes", 
            "filename": "img_769.zip", 
            "scanned": "2016-10-06 00:43:46", 
            "malware_sha1": "3764069ea14e9a7334fbcefd6d1e2b44db317f7c"
        }
    ], 
    "_meta": {
        "tracking_code": "AUSCERT#2016a2349", 
        "dates": {
            "report": {
                "yearly": "2016", 
                "hourly": "2016-10-08-07", 
                "monthly": "2016-10", 
                "daily": "2016-10-08", 
                "epoch": 1475883588.0, 
                "iso": "2016-10-08T07:39:48"
            }, 
            "creating": {
                "yearly": "2016", 
                "hourly": "2016-10-30-15", 
                "monthly": "2016-10", 
                "daily": "2016-10-30", 
                "epoch": 1477813743.0, 
                "iso": "2016-10-30T15:49:03.619512"
            }
        }, 
        "ids": {
            "origin_type_id": "auscert_ioc_sample", 
            "process_id": "8b00cf50-c1c0-45ae-95b7-51dfd917eb4f", 
            "saving_dir_id": "auscert_ioc_sample/2016-10-30/8b00cf50-c1c0-45ae-95b7-51dfd917eb4f", 
            "rule_id": "xxxxxxxxrule_id"
        }
    }, 
    "enrich": {
        "origin_type_id": "auscert_ioc_sample", 
        "origin_organization": {
            "brief_name": "AusCERT", 
            "category": "CERTS", 
            "name": "AusCERT"
        }, 
        "secret_level": "open", 
        "intelligence_type": {
            "category": "ioc", 
            "future_fields": {
                "url": [], 
                "ip": [], 
                "hash": [
                    "malware_md5", 
                    "malware_sha1", 
                    "malware_sha256"
                ]
            }, 
            "subcategory": "malware"
        }
    }, 
    "data_storage": {
        "saving_dir_id": "auscert_ioc_sample/2016-10-30/82b029c3-16da-4bd5-8ee7-52fddedb6def", 
        "disk_saving_strategy": "BaseDir|OriginTypeId|YYMMDD|ProcessId|Data", 
        "storage_used": 3, 
        "month_reserved": 3
    }, 
    "report_futures": {
        "url": [], 
        "ip": [], 
        "hash": [
            {
                "values": [
                    "060fbf59833816debed56c976dcd20c2"
                ], 
                "name": "malware_md5"
            }, 
            {
                "values": [
                    "3764069ea14e9a7334fbcefd6d1e2b44db317f7c"
                ], 
                "name": "malware_sha1"
            }, 
            {
                "values": [
                    "25c313c9a084a133f689cbe80ecb27bafea77edab7e76a78e3c251989319fcb1"
                ], 
                "name": "malware_sha256"
            }
        ]
    }
}