{
    "files": [
        {
            "actual_fn": "infected.zip", 
            "filename": "\"infected.zip\"", 
            "content-type": "application/x-zip-compressed", 
            "size": 8337
        }
    ], 
    "records": [
        {
            "malware_vt_report": "https://www.virustotal.com/file/828d0617341c7cc756e2a09cc73ac5d4bc51fb3f559bc65be23f3bd357e436e4/analysis/1475803762", 
            "malware_sha256": "828d0617341c7cc756e2a09cc73ac5d4bc51fb3f559bc65be23f3bd357e436e4", 
            "malware_md5": "fab8de23307e82332c722089bd2bc6dd", 
            "malware_size": "8309 bytes", 
            "filename": "Receipt_11920-2578_.zip", 
            "scanned": "2016-10-07 01:29:22", 
            "malware_sha1": "bdf426852ee6866116ea4a0dda3b86cb476a467e"
        }
    ], 
    "_meta": {
        "tracking_code": "AUSCERT#2016a3829", 
        "dates": {
            "report": {
                "yearly": "2016", 
                "hourly": "2016-10-08-07", 
                "tz": null, 
                "monthly": "2016-10", 
                "daily": "2016-10-08", 
                "epoch": 1475883622.0, 
                "iso": "2016-10-08T07:40:22", 
                "obj": "2016-10-08T07:40:22"
            }, 
            "creating": {
                "yearly": "2016", 
                "hourly": "2016-10-31-15", 
                "tz": null, 
                "monthly": "2016-10", 
                "daily": "2016-10-31", 
                "epoch": 1477899832.0, 
                "iso": "2016-10-31T15:43:52.053294", 
                "obj": "2016-10-31T15:43:52.053294"
            }
        }, 
        "ids": {
            "origin_type_id": "auscert_ioc_sample", 
            "process_id": "e31426f7-f468-403a-9ff3-5867049ba8df", 
            "saving_dir_id": "auscert_ioc_sample/2016-10-31/e31426f7-f468-403a-9ff3-5867049ba8df", 
            "rule_id": "xxxxxxxxrule_id"
        }
    }, 
    "enrich": {
        "origin_type_id": "auscert_ioc_sample", 
        "origin_organization": {
            "brief_name": "AusCERT", 
            "category": "CERTS", 
            "name": "AusCERT"
        }, 
        "secret_level": "open", 
        "intelligence_type": {
            "category": "ioc", 
            "future_fields": {
                "url": [], 
                "ip": [], 
                "hash": [
                    "malware_md5", 
                    "malware_sha1", 
                    "malware_sha256"
                ]
            }, 
            "subcategory": "malware"
        }
    }, 
    "data_storage": {
        "saving_dir_id": "auscert_ioc_sample/2016-10-31/61173b8a-4b2b-4b52-a577-e53b6777d978", 
        "disk_saving_strategy": "BaseDir|OriginTypeId|YYMMDD|ProcessId|Data", 
        "storage_used": 3, 
        "month_reserved": 3
    }, 
    "report_futures": {
        "url": [], 
        "ip": [], 
        "hash": [
            {
                "values": [
                    "fab8de23307e82332c722089bd2bc6dd"
                ], 
                "name": "malware_md5"
            }, 
            {
                "values": [
                    "bdf426852ee6866116ea4a0dda3b86cb476a467e"
                ], 
                "name": "malware_sha1"
            }, 
            {
                "values": [
                    "828d0617341c7cc756e2a09cc73ac5d4bc51fb3f559bc65be23f3bd357e436e4"
                ], 
                "name": "malware_sha256"
            }
        ]
    }
}