{
    "files": [
        {
            "actual_fn": "infected.zip", 
            "filename": "\"infected.zip\"", 
            "content-type": "application/x-zip-compressed", 
            "size": 10732
        }
    ], 
    "records": [
        {
            "malware_vt_report": "https://www.virustotal.com/file/6790a68899d6c169738db04af95d97ef0307964b10ce91ebace8c033dfb50c16/analysis/1475171168", 
            "malware_sha256": "6790a68899d6c169738db04af95d97ef0307964b10ce91ebace8c033dfb50c16", 
            "malware_md5": "e4c589fd3f59399710505ca9e13423ca", 
            "malware_size": "11543 bytes", 
            "filename": "debit_card_e19f17a28.zip", 
            "scanned": "2016-09-29 17:46:08", 
            "malware_sha1": "4418a60b362d3668f70f5eabc311a74ae6437856"
        }
    ], 
    "_meta": {
        "tracking_code": "AUSCERT#2016f03a5", 
        "dates": {
            "report": {
                "yearly": "2016", 
                "hourly": "2016-09-30-08", 
                "monthly": "2016-09", 
                "daily": "2016-09-30", 
                "epoch": 1475196354.0, 
                "iso": "2016-09-30T08:45:54"
            }, 
            "creating": {
                "yearly": "2016", 
                "hourly": "2016-10-30-15", 
                "monthly": "2016-10", 
                "daily": "2016-10-30", 
                "epoch": 1477813736.0, 
                "iso": "2016-10-30T15:48:56.645374"
            }
        }, 
        "ids": {
            "origin_type_id": "auscert_ioc_sample", 
            "process_id": "88ace49c-2c4e-4e9a-901e-e78b447b92ed", 
            "saving_dir_id": "auscert_ioc_sample/2016-10-30/88ace49c-2c4e-4e9a-901e-e78b447b92ed", 
            "rule_id": "xxxxxxxxrule_id"
        }
    }, 
    "enrich": {
        "origin_type_id": "auscert_ioc_sample", 
        "origin_organization": {
            "brief_name": "AusCERT", 
            "category": "CERTS", 
            "name": "AusCERT"
        }, 
        "secret_level": "open", 
        "intelligence_type": {
            "category": "ioc", 
            "future_fields": {
                "url": [], 
                "ip": [], 
                "hash": [
                    "malware_md5", 
                    "malware_sha1", 
                    "malware_sha256"
                ]
            }, 
            "subcategory": "malware"
        }
    }, 
    "data_storage": {
        "saving_dir_id": "auscert_ioc_sample/2016-10-30/82b029c3-16da-4bd5-8ee7-52fddedb6def", 
        "disk_saving_strategy": "BaseDir|OriginTypeId|YYMMDD|ProcessId|Data", 
        "storage_used": 3, 
        "month_reserved": 3
    }, 
    "report_futures": {
        "url": [], 
        "ip": [], 
        "hash": [
            {
                "values": [
                    "e4c589fd3f59399710505ca9e13423ca"
                ], 
                "name": "malware_md5"
            }, 
            {
                "values": [
                    "4418a60b362d3668f70f5eabc311a74ae6437856"
                ], 
                "name": "malware_sha1"
            }, 
            {
                "values": [
                    "6790a68899d6c169738db04af95d97ef0307964b10ce91ebace8c033dfb50c16"
                ], 
                "name": "malware_sha256"
            }
        ]
    }
}