{
    "files": [
        {
            "actual_fn": "infected.zip", 
            "filename": "\"infected.zip\"", 
            "content-type": "application/x-zip-compressed", 
            "size": 10702
        }
    ], 
    "records": [
        {
            "malware_vt_report": "https://www.virustotal.com/file/d854809ded1ddc5845256eea0e913b1b9e24017648254d3e52d335564ef840d0/analysis/1475150830", 
            "malware_sha256": "d854809ded1ddc5845256eea0e913b1b9e24017648254d3e52d335564ef840d0", 
            "malware_md5": "cbc01c2425bf5441cb4b372f25b9b78f", 
            "malware_size": "11910 bytes", 
            "filename": "debit_card_86f7db1.zip", 
            "scanned": "2016-09-29 12:07:10", 
            "malware_sha1": "fa05ab45592f1fa743cc1090be6194015356df16"
        }
    ], 
    "_meta": {
        "tracking_code": "AUSCERT#20169485e", 
        "dates": {
            "report": {
                "yearly": "2016", 
                "hourly": "2016-09-30-09", 
                "monthly": "2016-09", 
                "daily": "2016-09-30", 
                "epoch": 1475198822.0, 
                "iso": "2016-09-30T09:27:02"
            }, 
            "creating": {
                "yearly": "2016", 
                "hourly": "2016-10-30-15", 
                "monthly": "2016-10", 
                "daily": "2016-10-30", 
                "epoch": 1477813738.0, 
                "iso": "2016-10-30T15:48:58.557515"
            }
        }, 
        "ids": {
            "origin_type_id": "auscert_ioc_sample", 
            "process_id": "c54f427a-c676-491c-a611-b789e2ca93eb", 
            "saving_dir_id": "auscert_ioc_sample/2016-10-30/c54f427a-c676-491c-a611-b789e2ca93eb", 
            "rule_id": "xxxxxxxxrule_id"
        }
    }, 
    "enrich": {
        "origin_type_id": "auscert_ioc_sample", 
        "origin_organization": {
            "brief_name": "AusCERT", 
            "category": "CERTS", 
            "name": "AusCERT"
        }, 
        "secret_level": "open", 
        "intelligence_type": {
            "category": "ioc", 
            "future_fields": {
                "url": [], 
                "ip": [], 
                "hash": [
                    "malware_md5", 
                    "malware_sha1", 
                    "malware_sha256"
                ]
            }, 
            "subcategory": "malware"
        }
    }, 
    "data_storage": {
        "saving_dir_id": "auscert_ioc_sample/2016-10-30/82b029c3-16da-4bd5-8ee7-52fddedb6def", 
        "disk_saving_strategy": "BaseDir|OriginTypeId|YYMMDD|ProcessId|Data", 
        "storage_used": 3, 
        "month_reserved": 3
    }, 
    "report_futures": {
        "url": [], 
        "ip": [], 
        "hash": [
            {
                "values": [
                    "cbc01c2425bf5441cb4b372f25b9b78f"
                ], 
                "name": "malware_md5"
            }, 
            {
                "values": [
                    "fa05ab45592f1fa743cc1090be6194015356df16"
                ], 
                "name": "malware_sha1"
            }, 
            {
                "values": [
                    "d854809ded1ddc5845256eea0e913b1b9e24017648254d3e52d335564ef840d0"
                ], 
                "name": "malware_sha256"
            }
        ]
    }
}