{
    "files": [
        {
            "actual_fn": "infected.zip", 
            "filename": "\"infected.zip\"", 
            "content-type": "application/x-zip-compressed", 
            "size": 12814
        }
    ], 
    "records": [
        {
            "malware_vt_report": "https://www.virustotal.com/file/5acbac6102747374e4e6bd9f8ce911e2fbece49155d0c33aaaa345db04cdba12/analysis/1475499740", 
            "malware_sha256": "5acbac6102747374e4e6bd9f8ce911e2fbece49155d0c33aaaa345db04cdba12", 
            "malware_md5": "aca417053b018ec6d073c322dff4b68b", 
            "malware_size": "10920 bytes", 
            "filename": "paperwork_scan_221e7eec.zip", 
            "scanned": "2016-10-03 13:02:20", 
            "malware_sha1": "7734a9ee4f4a3abf9c03d2c24e0b6522f688b2c1"
        }
    ], 
    "_meta": {
        "tracking_code": "AUSCERT#20167b437", 
        "dates": {
            "report": {
                "yearly": "2016", 
                "hourly": "2016-10-08-07", 
                "tz": null, 
                "monthly": "2016-10", 
                "daily": "2016-10-08", 
                "epoch": 1475883611.0, 
                "iso": "2016-10-08T07:40:11", 
                "obj": "2016-10-08T07:40:11"
            }, 
            "creating": {
                "yearly": "2016", 
                "hourly": "2016-10-31-15", 
                "tz": null, 
                "monthly": "2016-10", 
                "daily": "2016-10-31", 
                "epoch": 1477899828.0, 
                "iso": "2016-10-31T15:43:48.462627", 
                "obj": "2016-10-31T15:43:48.462627"
            }
        }, 
        "ids": {
            "origin_type_id": "auscert_ioc_sample", 
            "process_id": "f4f84d07-fa1b-4437-b37a-73b6341da2bd", 
            "saving_dir_id": "auscert_ioc_sample/2016-10-31/f4f84d07-fa1b-4437-b37a-73b6341da2bd", 
            "rule_id": "xxxxxxxxrule_id"
        }
    }, 
    "enrich": {
        "origin_type_id": "auscert_ioc_sample", 
        "origin_organization": {
            "brief_name": "AusCERT", 
            "category": "CERTS", 
            "name": "AusCERT"
        }, 
        "secret_level": "open", 
        "intelligence_type": {
            "category": "ioc", 
            "future_fields": {
                "url": [], 
                "ip": [], 
                "hash": [
                    "malware_md5", 
                    "malware_sha1", 
                    "malware_sha256"
                ]
            }, 
            "subcategory": "malware"
        }
    }, 
    "data_storage": {
        "saving_dir_id": "auscert_ioc_sample/2016-10-31/61173b8a-4b2b-4b52-a577-e53b6777d978", 
        "disk_saving_strategy": "BaseDir|OriginTypeId|YYMMDD|ProcessId|Data", 
        "storage_used": 3, 
        "month_reserved": 3
    }, 
    "report_futures": {
        "url": [], 
        "ip": [], 
        "hash": [
            {
                "values": [
                    "aca417053b018ec6d073c322dff4b68b"
                ], 
                "name": "malware_md5"
            }, 
            {
                "values": [
                    "7734a9ee4f4a3abf9c03d2c24e0b6522f688b2c1"
                ], 
                "name": "malware_sha1"
            }, 
            {
                "values": [
                    "5acbac6102747374e4e6bd9f8ce911e2fbece49155d0c33aaaa345db04cdba12"
                ], 
                "name": "malware_sha256"
            }
        ]
    }
}