{
    "files": [
        {
            "actual_fn": "infected.zip", 
            "filename": "\"infected.zip\"", 
            "content-type": "application/x-zip-compressed", 
            "size": 8137
        }
    ], 
    "records": [
        {
            "malware_vt_report": "https://www.virustotal.com/file/468d23468c03cd8f390235b1e0a39900c262e47bd24f1480dc2b915fbafa8b0e/analysis/1475717618", 
            "malware_sha256": "468d23468c03cd8f390235b1e0a39900c262e47bd24f1480dc2b915fbafa8b0e", 
            "malware_md5": "f4337d167d5634731e5b267b49ba3896", 
            "malware_size": "8085 bytes", 
            "filename": "File_0.zip", 
            "scanned": "2016-10-06 01:33:38", 
            "malware_sha1": "865a9c5facdae4b2a107c8cf0c3aa38c10676049"
        }
    ], 
    "_meta": {
        "tracking_code": "AUSCERT#201673921", 
        "dates": {
            "report": {
                "yearly": "2016", 
                "hourly": "2016-10-08-07", 
                "monthly": "2016-10", 
                "daily": "2016-10-08", 
                "epoch": 1475883618.0, 
                "iso": "2016-10-08T07:40:18"
            }, 
            "creating": {
                "yearly": "2016", 
                "hourly": "2016-10-30-15", 
                "monthly": "2016-10", 
                "daily": "2016-10-30", 
                "epoch": 1477813751.0, 
                "iso": "2016-10-30T15:49:11.977601"
            }
        }, 
        "ids": {
            "origin_type_id": "auscert_ioc_sample", 
            "process_id": "34bd8f47-f067-4ef6-a899-e3449b688599", 
            "saving_dir_id": "auscert_ioc_sample/2016-10-30/34bd8f47-f067-4ef6-a899-e3449b688599", 
            "rule_id": "xxxxxxxxrule_id"
        }
    }, 
    "enrich": {
        "origin_type_id": "auscert_ioc_sample", 
        "origin_organization": {
            "brief_name": "AusCERT", 
            "category": "CERTS", 
            "name": "AusCERT"
        }, 
        "secret_level": "open", 
        "intelligence_type": {
            "category": "ioc", 
            "future_fields": {
                "url": [], 
                "ip": [], 
                "hash": [
                    "malware_md5", 
                    "malware_sha1", 
                    "malware_sha256"
                ]
            }, 
            "subcategory": "malware"
        }
    }, 
    "data_storage": {
        "saving_dir_id": "auscert_ioc_sample/2016-10-30/82b029c3-16da-4bd5-8ee7-52fddedb6def", 
        "disk_saving_strategy": "BaseDir|OriginTypeId|YYMMDD|ProcessId|Data", 
        "storage_used": 3, 
        "month_reserved": 3
    }, 
    "report_futures": {
        "url": [], 
        "ip": [], 
        "hash": [
            {
                "values": [
                    "f4337d167d5634731e5b267b49ba3896"
                ], 
                "name": "malware_md5"
            }, 
            {
                "values": [
                    "865a9c5facdae4b2a107c8cf0c3aa38c10676049"
                ], 
                "name": "malware_sha1"
            }, 
            {
                "values": [
                    "468d23468c03cd8f390235b1e0a39900c262e47bd24f1480dc2b915fbafa8b0e"
                ], 
                "name": "malware_sha256"
            }
        ]
    }
}