{
    "files": [
        {
            "actual_fn": "infected.zip", 
            "filename": "\"infected.zip\"", 
            "content-type": "application/x-zip-compressed", 
            "size": 10716
        }
    ], 
    "records": [
        {
            "malware_vt_report": "https://www.virustotal.com/file/fb49884e1c95c75d08d64dbb3742fa0b7545120a710ac296528e958a43002161/analysis/1475164344", 
            "malware_sha256": "fb49884e1c95c75d08d64dbb3742fa0b7545120a710ac296528e958a43002161", 
            "malware_md5": "408b73ba47b6b4b19ebb60f5508b72ac", 
            "malware_size": "10735 bytes", 
            "filename": "debit_card_46e6addef.zip", 
            "scanned": "2016-09-29 15:52:24", 
            "malware_sha1": "03788bd73c721bd7cad17c231ebbec0209e4d40b"
        }
    ], 
    "_meta": {
        "tracking_code": "AUSCERT#2016d6042", 
        "dates": {
            "report": {
                "yearly": "2016", 
                "hourly": "2016-09-30-08", 
                "monthly": "2016-09", 
                "daily": "2016-09-30", 
                "epoch": 1475196342.0, 
                "iso": "2016-09-30T08:45:42"
            }, 
            "creating": {
                "yearly": "2016", 
                "hourly": "2016-10-30-15", 
                "monthly": "2016-10", 
                "daily": "2016-10-30", 
                "epoch": 1477813733.0, 
                "iso": "2016-10-30T15:48:53.670932"
            }
        }, 
        "ids": {
            "origin_type_id": "auscert_ioc_sample", 
            "process_id": "b615f486-1f7f-45a2-80ae-2a25de1bcbf6", 
            "saving_dir_id": "auscert_ioc_sample/2016-10-30/b615f486-1f7f-45a2-80ae-2a25de1bcbf6", 
            "rule_id": "xxxxxxxxrule_id"
        }
    }, 
    "enrich": {
        "origin_type_id": "auscert_ioc_sample", 
        "origin_organization": {
            "brief_name": "AusCERT", 
            "category": "CERTS", 
            "name": "AusCERT"
        }, 
        "secret_level": "open", 
        "intelligence_type": {
            "category": "ioc", 
            "future_fields": {
                "url": [], 
                "ip": [], 
                "hash": [
                    "malware_md5", 
                    "malware_sha1", 
                    "malware_sha256"
                ]
            }, 
            "subcategory": "malware"
        }
    }, 
    "data_storage": {
        "saving_dir_id": "auscert_ioc_sample/2016-10-30/82b029c3-16da-4bd5-8ee7-52fddedb6def", 
        "disk_saving_strategy": "BaseDir|OriginTypeId|YYMMDD|ProcessId|Data", 
        "storage_used": 3, 
        "month_reserved": 3
    }, 
    "report_futures": {
        "url": [], 
        "ip": [], 
        "hash": [
            {
                "values": [
                    "408b73ba47b6b4b19ebb60f5508b72ac"
                ], 
                "name": "malware_md5"
            }, 
            {
                "values": [
                    "03788bd73c721bd7cad17c231ebbec0209e4d40b"
                ], 
                "name": "malware_sha1"
            }, 
            {
                "values": [
                    "fb49884e1c95c75d08d64dbb3742fa0b7545120a710ac296528e958a43002161"
                ], 
                "name": "malware_sha256"
            }
        ]
    }
}