{
    "files": [
        {
            "actual_fn": "infected.zip", 
            "filename": "\"infected.zip\"", 
            "content-type": "application/x-zip-compressed", 
            "size": 6747
        }
    ], 
    "records": [
        {
            "malware_vt_report": "https://www.virustotal.com/file/a32f11a025df110cb58ba7c11717a4439080844382ce95e2e6e0de10871b0a1f/analysis/1475551611", 
            "malware_sha256": "a32f11a025df110cb58ba7c11717a4439080844382ce95e2e6e0de10871b0a1f", 
            "malware_md5": "cf7cd4999a9aa12f887fa094bbb889fd", 
            "malware_size": "5085 bytes", 
            "filename": "AUSPOST_parcel.zip", 
            "scanned": "2016-10-04 03:26:51", 
            "malware_sha1": "ba2274b46e603fd0ffd53c02b22f0cc20f20268c"
        }
    ], 
    "_meta": {
        "tracking_code": "AUSCERT#20165689f", 
        "dates": {
            "report": {
                "yearly": "2016", 
                "hourly": "2016-10-08-07", 
                "tz": null, 
                "monthly": "2016-10", 
                "daily": "2016-10-08", 
                "epoch": 1475883577.0, 
                "iso": "2016-10-08T07:39:37", 
                "obj": "2016-10-08T07:39:37"
            }, 
            "creating": {
                "yearly": "2016", 
                "hourly": "2016-10-31-15", 
                "tz": null, 
                "monthly": "2016-10", 
                "daily": "2016-10-31", 
                "epoch": 1477899816.0, 
                "iso": "2016-10-31T15:43:36.132340", 
                "obj": "2016-10-31T15:43:36.132340"
            }
        }, 
        "ids": {
            "origin_type_id": "auscert_ioc_sample", 
            "process_id": "65f67842-6ffb-4758-a610-5668e91dc0e3", 
            "saving_dir_id": "auscert_ioc_sample/2016-10-31/65f67842-6ffb-4758-a610-5668e91dc0e3", 
            "rule_id": "xxxxxxxxrule_id"
        }
    }, 
    "enrich": {
        "origin_type_id": "auscert_ioc_sample", 
        "origin_organization": {
            "brief_name": "AusCERT", 
            "category": "CERTS", 
            "name": "AusCERT"
        }, 
        "secret_level": "open", 
        "intelligence_type": {
            "category": "ioc", 
            "future_fields": {
                "url": [], 
                "ip": [], 
                "hash": [
                    "malware_md5", 
                    "malware_sha1", 
                    "malware_sha256"
                ]
            }, 
            "subcategory": "malware"
        }
    }, 
    "data_storage": {
        "saving_dir_id": "auscert_ioc_sample/2016-10-31/61173b8a-4b2b-4b52-a577-e53b6777d978", 
        "disk_saving_strategy": "BaseDir|OriginTypeId|YYMMDD|ProcessId|Data", 
        "storage_used": 3, 
        "month_reserved": 3
    }, 
    "report_futures": {
        "url": [], 
        "ip": [], 
        "hash": [
            {
                "values": [
                    "cf7cd4999a9aa12f887fa094bbb889fd"
                ], 
                "name": "malware_md5"
            }, 
            {
                "values": [
                    "ba2274b46e603fd0ffd53c02b22f0cc20f20268c"
                ], 
                "name": "malware_sha1"
            }, 
            {
                "values": [
                    "a32f11a025df110cb58ba7c11717a4439080844382ce95e2e6e0de10871b0a1f"
                ], 
                "name": "malware_sha256"
            }
        ]
    }
}