{
    "files": [
        {
            "actual_fn": "infected.zip", 
            "filename": "\"infected.zip\"", 
            "content-type": "application/x-zip-compressed", 
            "size": 9507
        }
    ], 
    "records": [
        {
            "malware_vt_report": "https://www.virustotal.com/file/2a8527eb4f1faa4b761c3276c7db25f92ae9db438d9e299c48c1cf4b2ee95fa7/analysis/1475666480", 
            "malware_sha256": "2a8527eb4f1faa4b761c3276c7db25f92ae9db438d9e299c48c1cf4b2ee95fa7", 
            "malware_md5": "1534add36fda815f354f3560dd74091d", 
            "malware_size": "9150 bytes", 
            "filename": "complaint_letter_f6d92b3f3.zip", 
            "scanned": "2016-10-05 11:21:20", 
            "malware_sha1": "abf09b874efa432aa29105c0c4c3598d92672b68"
        }
    ], 
    "_meta": {
        "tracking_code": "AUSCERT#2016fce84", 
        "dates": {
            "report": {
                "yearly": "2016", 
                "hourly": "2016-10-08-07", 
                "monthly": "2016-10", 
                "daily": "2016-10-08", 
                "epoch": 1475883629.0, 
                "iso": "2016-10-08T07:40:29"
            }, 
            "creating": {
                "yearly": "2016", 
                "hourly": "2016-10-30-15", 
                "monthly": "2016-10", 
                "daily": "2016-10-30", 
                "epoch": 1477813755.0, 
                "iso": "2016-10-30T15:49:15.291449"
            }
        }, 
        "ids": {
            "origin_type_id": "auscert_ioc_sample", 
            "process_id": "e7f9a0cd-d109-438e-b935-e32fad14baf6", 
            "saving_dir_id": "auscert_ioc_sample/2016-10-30/e7f9a0cd-d109-438e-b935-e32fad14baf6", 
            "rule_id": "xxxxxxxxrule_id"
        }
    }, 
    "enrich": {
        "origin_type_id": "auscert_ioc_sample", 
        "origin_organization": {
            "brief_name": "AusCERT", 
            "category": "CERTS", 
            "name": "AusCERT"
        }, 
        "secret_level": "open", 
        "intelligence_type": {
            "category": "ioc", 
            "future_fields": {
                "url": [], 
                "ip": [], 
                "hash": [
                    "malware_md5", 
                    "malware_sha1", 
                    "malware_sha256"
                ]
            }, 
            "subcategory": "malware"
        }
    }, 
    "data_storage": {
        "saving_dir_id": "auscert_ioc_sample/2016-10-30/82b029c3-16da-4bd5-8ee7-52fddedb6def", 
        "disk_saving_strategy": "BaseDir|OriginTypeId|YYMMDD|ProcessId|Data", 
        "storage_used": 3, 
        "month_reserved": 3
    }, 
    "report_futures": {
        "url": [], 
        "ip": [], 
        "hash": [
            {
                "values": [
                    "1534add36fda815f354f3560dd74091d"
                ], 
                "name": "malware_md5"
            }, 
            {
                "values": [
                    "abf09b874efa432aa29105c0c4c3598d92672b68"
                ], 
                "name": "malware_sha1"
            }, 
            {
                "values": [
                    "2a8527eb4f1faa4b761c3276c7db25f92ae9db438d9e299c48c1cf4b2ee95fa7"
                ], 
                "name": "malware_sha256"
            }
        ]
    }
}