{
    "files": [
        {
            "actual_fn": "infected.zip", 
            "filename": "\"infected.zip\"", 
            "content-type": "application/x-zip-compressed", 
            "size": 7434
        }
    ], 
    "records": [
        {
            "malware_vt_report": "https://www.virustotal.com/file/e9a152163658144656bf6cae3fb923199d307b625bb371c9e5a5903cf8fc58cc/analysis/1475802114", 
            "malware_sha256": "e9a152163658144656bf6cae3fb923199d307b625bb371c9e5a5903cf8fc58cc", 
            "malware_md5": "a802aa2500bdd1219fcb21ceaa894615", 
            "malware_size": "7406 bytes", 
            "filename": "<a href=\"mailto: office@auscert.org.au_20161007_013120.zip\">office@auscert.org.au_20161007_013120.zip</a>", 
            "scanned": "2016-10-07 01:01:54", 
            "malware_sha1": "5a1181b9f44847c126f7ade0cd6fb5d820f7bb35"
        }
    ], 
    "_meta": {
        "tracking_code": "AUSCERT#2016ee7c8", 
        "dates": {
            "report": {
                "yearly": "2016", 
                "hourly": "2016-10-08-07", 
                "monthly": "2016-10", 
                "daily": "2016-10-08", 
                "epoch": 1475883619.0, 
                "iso": "2016-10-08T07:40:19"
            }, 
            "creating": {
                "yearly": "2016", 
                "hourly": "2016-10-30-15", 
                "monthly": "2016-10", 
                "daily": "2016-10-30", 
                "epoch": 1477813752.0, 
                "iso": "2016-10-30T15:49:12.229882"
            }
        }, 
        "ids": {
            "origin_type_id": "auscert_ioc_sample", 
            "process_id": "8f51d07f-b5df-4644-a815-b6497c98f301", 
            "saving_dir_id": "auscert_ioc_sample/2016-10-30/8f51d07f-b5df-4644-a815-b6497c98f301", 
            "rule_id": "xxxxxxxxrule_id"
        }
    }, 
    "enrich": {
        "origin_type_id": "auscert_ioc_sample", 
        "origin_organization": {
            "brief_name": "AusCERT", 
            "category": "CERTS", 
            "name": "AusCERT"
        }, 
        "secret_level": "open", 
        "intelligence_type": {
            "category": "ioc", 
            "future_fields": {
                "url": [], 
                "ip": [], 
                "hash": [
                    "malware_md5", 
                    "malware_sha1", 
                    "malware_sha256"
                ]
            }, 
            "subcategory": "malware"
        }
    }, 
    "data_storage": {
        "saving_dir_id": "auscert_ioc_sample/2016-10-30/82b029c3-16da-4bd5-8ee7-52fddedb6def", 
        "disk_saving_strategy": "BaseDir|OriginTypeId|YYMMDD|ProcessId|Data", 
        "storage_used": 3, 
        "month_reserved": 3
    }, 
    "report_futures": {
        "url": [], 
        "ip": [], 
        "hash": [
            {
                "values": [
                    "a802aa2500bdd1219fcb21ceaa894615"
                ], 
                "name": "malware_md5"
            }, 
            {
                "values": [
                    "5a1181b9f44847c126f7ade0cd6fb5d820f7bb35"
                ], 
                "name": "malware_sha1"
            }, 
            {
                "values": [
                    "e9a152163658144656bf6cae3fb923199d307b625bb371c9e5a5903cf8fc58cc"
                ], 
                "name": "malware_sha256"
            }
        ]
    }
}