{
    "files": [
        {
            "actual_fn": "infected.zip", 
            "filename": "\"infected.zip\"", 
            "content-type": "application/x-zip-compressed", 
            "size": 11534
        }
    ], 
    "records": [
        {
            "malware_vt_report": "https://www.virustotal.com/file/be8328f5b55544e4140f9785394b9a3746bbf0a159c64124770fa841082f20f4/analysis/1475714210", 
            "malware_sha256": "be8328f5b55544e4140f9785394b9a3746bbf0a159c64124770fa841082f20f4", 
            "malware_md5": "ee344c35b4f77c3e04feac08a718f81c", 
            "malware_size": "11271 bytes", 
            "filename": "Cancellation_Form_f2e50f1.zip", 
            "scanned": "2016-10-06 00:36:50", 
            "malware_sha1": "274ed55a3adf8a2705b6ffac9ac09f1d4865a4b8"
        }
    ], 
    "_meta": {
        "tracking_code": "AUSCERT#2016a8389", 
        "dates": {
            "report": {
                "yearly": "2016", 
                "hourly": "2016-10-08-07", 
                "tz": null, 
                "monthly": "2016-10", 
                "daily": "2016-10-08", 
                "epoch": 1475883615.0, 
                "iso": "2016-10-08T07:40:15", 
                "obj": "2016-10-08T07:40:15"
            }, 
            "creating": {
                "yearly": "2016", 
                "hourly": "2016-10-31-15", 
                "tz": null, 
                "monthly": "2016-10", 
                "daily": "2016-10-31", 
                "epoch": 1477899829.0, 
                "iso": "2016-10-31T15:43:49.924874", 
                "obj": "2016-10-31T15:43:49.924874"
            }
        }, 
        "ids": {
            "origin_type_id": "auscert_ioc_sample", 
            "process_id": "b863d130-cc7f-43e5-800f-d16db605d808", 
            "saving_dir_id": "auscert_ioc_sample/2016-10-31/b863d130-cc7f-43e5-800f-d16db605d808", 
            "rule_id": "xxxxxxxxrule_id"
        }
    }, 
    "enrich": {
        "origin_type_id": "auscert_ioc_sample", 
        "origin_organization": {
            "brief_name": "AusCERT", 
            "category": "CERTS", 
            "name": "AusCERT"
        }, 
        "secret_level": "open", 
        "intelligence_type": {
            "category": "ioc", 
            "future_fields": {
                "url": [], 
                "ip": [], 
                "hash": [
                    "malware_md5", 
                    "malware_sha1", 
                    "malware_sha256"
                ]
            }, 
            "subcategory": "malware"
        }
    }, 
    "data_storage": {
        "saving_dir_id": "auscert_ioc_sample/2016-10-31/61173b8a-4b2b-4b52-a577-e53b6777d978", 
        "disk_saving_strategy": "BaseDir|OriginTypeId|YYMMDD|ProcessId|Data", 
        "storage_used": 3, 
        "month_reserved": 3
    }, 
    "report_futures": {
        "url": [], 
        "ip": [], 
        "hash": [
            {
                "values": [
                    "ee344c35b4f77c3e04feac08a718f81c"
                ], 
                "name": "malware_md5"
            }, 
            {
                "values": [
                    "274ed55a3adf8a2705b6ffac9ac09f1d4865a4b8"
                ], 
                "name": "malware_sha1"
            }, 
            {
                "values": [
                    "be8328f5b55544e4140f9785394b9a3746bbf0a159c64124770fa841082f20f4"
                ], 
                "name": "malware_sha256"
            }
        ]
    }
}