{
    "files": [
        {
            "actual_fn": "infected.zip", 
            "filename": "\"infected.zip\"", 
            "content-type": "application/x-zip-compressed", 
            "size": 11579
        }
    ], 
    "records": [
        {
            "malware_vt_report": "https://www.virustotal.com/file/8ef67c4564677d3c9cdb28f519139c06a3e5b2addde34c10d581fe812038774d/analysis/1475795702", 
            "malware_sha256": "8ef67c4564677d3c9cdb28f519139c06a3e5b2addde34c10d581fe812038774d", 
            "malware_md5": "9d29a228c70b8365937af6a24f689825", 
            "malware_size": "11335 bytes", 
            "filename": "paychecks_d8ba35a0.zip", 
            "scanned": "2016-10-06 23:15:02", 
            "malware_sha1": "8471083c282828db1c4ae0478d5e778caee834c6"
        }
    ], 
    "_meta": {
        "tracking_code": "AUSCERT#20162d312", 
        "dates": {
            "report": {
                "yearly": "2016", 
                "hourly": "2016-10-08-07", 
                "monthly": "2016-10", 
                "daily": "2016-10-08", 
                "epoch": 1475883634.0, 
                "iso": "2016-10-08T07:40:34"
            }, 
            "creating": {
                "yearly": "2016", 
                "hourly": "2016-10-30-15", 
                "monthly": "2016-10", 
                "daily": "2016-10-30", 
                "epoch": 1477813756.0, 
                "iso": "2016-10-30T15:49:16.602115"
            }
        }, 
        "ids": {
            "origin_type_id": "auscert_ioc_sample", 
            "process_id": "654e4fee-a813-4d88-9579-495c727dcf11", 
            "saving_dir_id": "auscert_ioc_sample/2016-10-30/654e4fee-a813-4d88-9579-495c727dcf11", 
            "rule_id": "xxxxxxxxrule_id"
        }
    }, 
    "enrich": {
        "origin_type_id": "auscert_ioc_sample", 
        "origin_organization": {
            "brief_name": "AusCERT", 
            "category": "CERTS", 
            "name": "AusCERT"
        }, 
        "secret_level": "open", 
        "intelligence_type": {
            "category": "ioc", 
            "future_fields": {
                "url": [], 
                "ip": [], 
                "hash": [
                    "malware_md5", 
                    "malware_sha1", 
                    "malware_sha256"
                ]
            }, 
            "subcategory": "malware"
        }
    }, 
    "data_storage": {
        "saving_dir_id": "auscert_ioc_sample/2016-10-30/82b029c3-16da-4bd5-8ee7-52fddedb6def", 
        "disk_saving_strategy": "BaseDir|OriginTypeId|YYMMDD|ProcessId|Data", 
        "storage_used": 3, 
        "month_reserved": 3
    }, 
    "report_futures": {
        "url": [], 
        "ip": [], 
        "hash": [
            {
                "values": [
                    "9d29a228c70b8365937af6a24f689825"
                ], 
                "name": "malware_md5"
            }, 
            {
                "values": [
                    "8471083c282828db1c4ae0478d5e778caee834c6"
                ], 
                "name": "malware_sha1"
            }, 
            {
                "values": [
                    "8ef67c4564677d3c9cdb28f519139c06a3e5b2addde34c10d581fe812038774d"
                ], 
                "name": "malware_sha256"
            }
        ]
    }
}