{
    "files": [
        {
            "actual_fn": "infected.zip", 
            "filename": "\"infected.zip\"", 
            "content-type": "application/x-zip-compressed", 
            "size": 11484
        }
    ], 
    "records": [
        {
            "malware_vt_report": "https://www.virustotal.com/file/71adc1d6953d4c8392f8eb41770267e34d5a559df003ff8f0e37f800652b88d2/analysis/1475756007", 
            "malware_sha256": "71adc1d6953d4c8392f8eb41770267e34d5a559df003ff8f0e37f800652b88d2", 
            "malware_md5": "94a4641a0635dd57722e5840a725642d", 
            "malware_size": "11334 bytes", 
            "filename": "order_details_f2dcf2d.zip", 
            "scanned": "2016-10-06 12:13:27", 
            "malware_sha1": "b29bd50203ad38bd292d2ae044712963a92fb017"
        }
    ], 
    "_meta": {
        "tracking_code": "AUSCERT#2016383bc", 
        "dates": {
            "report": {
                "yearly": "2016", 
                "hourly": "2016-10-08-07", 
                "tz": null, 
                "monthly": "2016-10", 
                "daily": "2016-10-08", 
                "epoch": 1475883625.0, 
                "iso": "2016-10-08T07:40:25", 
                "obj": "2016-10-08T07:40:25"
            }, 
            "creating": {
                "yearly": "2016", 
                "hourly": "2016-10-31-15", 
                "tz": null, 
                "monthly": "2016-10", 
                "daily": "2016-10-31", 
                "epoch": 1477899832.0, 
                "iso": "2016-10-31T15:43:52.740760", 
                "obj": "2016-10-31T15:43:52.740760"
            }
        }, 
        "ids": {
            "origin_type_id": "auscert_ioc_sample", 
            "process_id": "63d29e60-9af2-4498-bdbb-75de88c9667c", 
            "saving_dir_id": "auscert_ioc_sample/2016-10-31/63d29e60-9af2-4498-bdbb-75de88c9667c", 
            "rule_id": "xxxxxxxxrule_id"
        }
    }, 
    "enrich": {
        "origin_type_id": "auscert_ioc_sample", 
        "origin_organization": {
            "brief_name": "AusCERT", 
            "category": "CERTS", 
            "name": "AusCERT"
        }, 
        "secret_level": "open", 
        "intelligence_type": {
            "category": "ioc", 
            "future_fields": {
                "url": [], 
                "ip": [], 
                "hash": [
                    "malware_md5", 
                    "malware_sha1", 
                    "malware_sha256"
                ]
            }, 
            "subcategory": "malware"
        }
    }, 
    "data_storage": {
        "saving_dir_id": "auscert_ioc_sample/2016-10-31/61173b8a-4b2b-4b52-a577-e53b6777d978", 
        "disk_saving_strategy": "BaseDir|OriginTypeId|YYMMDD|ProcessId|Data", 
        "storage_used": 3, 
        "month_reserved": 3
    }, 
    "report_futures": {
        "url": [], 
        "ip": [], 
        "hash": [
            {
                "values": [
                    "94a4641a0635dd57722e5840a725642d"
                ], 
                "name": "malware_md5"
            }, 
            {
                "values": [
                    "b29bd50203ad38bd292d2ae044712963a92fb017"
                ], 
                "name": "malware_sha1"
            }, 
            {
                "values": [
                    "71adc1d6953d4c8392f8eb41770267e34d5a559df003ff8f0e37f800652b88d2"
                ], 
                "name": "malware_sha256"
            }
        ]
    }
}