{
    "files": [
        {
            "actual_fn": "infected.zip", 
            "filename": "\"infected.zip\"", 
            "content-type": "application/x-zip-compressed", 
            "size": 7406
        }
    ], 
    "records": [
        {
            "malware_vt_report": "https://www.virustotal.com/file/cda9ada00e14de6d2e3ae12d2f9fe985c9239d82cca9908b1a0dc36e02a133ba/analysis/1475027707", 
            "malware_sha256": "cda9ada00e14de6d2e3ae12d2f9fe985c9239d82cca9908b1a0dc36e02a133ba", 
            "malware_md5": "2141a578821443fc0b830063e694aeac", 
            "malware_size": "7342 bytes", 
            "filename": "Document_No_7973782890.zip", 
            "scanned": "2016-09-28 01:55:07", 
            "malware_sha1": "bd6d82d08ef47cbc5c8607a40be9f076592881a5"
        }
    ], 
    "_meta": {
        "tracking_code": "AUSCERT#201620d2f", 
        "dates": {
            "report": {
                "yearly": "2016", 
                "hourly": "2016-09-28-11", 
                "monthly": "2016-09", 
                "daily": "2016-09-28", 
                "epoch": 1475032091.0, 
                "iso": "2016-09-28T11:08:11"
            }, 
            "creating": {
                "yearly": "2016", 
                "hourly": "2016-10-30-15", 
                "monthly": "2016-10", 
                "daily": "2016-10-30", 
                "epoch": 1477813731.0, 
                "iso": "2016-10-30T15:48:51.366604"
            }
        }, 
        "ids": {
            "origin_type_id": "auscert_ioc_sample", 
            "process_id": "30275074-5b0e-481c-a70d-f55e10438100", 
            "saving_dir_id": "auscert_ioc_sample/2016-10-30/30275074-5b0e-481c-a70d-f55e10438100", 
            "rule_id": "xxxxxxxxrule_id"
        }
    }, 
    "enrich": {
        "origin_type_id": "auscert_ioc_sample", 
        "origin_organization": {
            "brief_name": "AusCERT", 
            "category": "CERTS", 
            "name": "AusCERT"
        }, 
        "secret_level": "open", 
        "intelligence_type": {
            "category": "ioc", 
            "future_fields": {
                "url": [], 
                "ip": [], 
                "hash": [
                    "malware_md5", 
                    "malware_sha1", 
                    "malware_sha256"
                ]
            }, 
            "subcategory": "malware"
        }
    }, 
    "data_storage": {
        "saving_dir_id": "auscert_ioc_sample/2016-10-30/82b029c3-16da-4bd5-8ee7-52fddedb6def", 
        "disk_saving_strategy": "BaseDir|OriginTypeId|YYMMDD|ProcessId|Data", 
        "storage_used": 3, 
        "month_reserved": 3
    }, 
    "report_futures": {
        "url": [], 
        "ip": [], 
        "hash": [
            {
                "values": [
                    "2141a578821443fc0b830063e694aeac"
                ], 
                "name": "malware_md5"
            }, 
            {
                "values": [
                    "bd6d82d08ef47cbc5c8607a40be9f076592881a5"
                ], 
                "name": "malware_sha1"
            }, 
            {
                "values": [
                    "cda9ada00e14de6d2e3ae12d2f9fe985c9239d82cca9908b1a0dc36e02a133ba"
                ], 
                "name": "malware_sha256"
            }
        ]
    }
}