{
    "files": [
        {
            "actual_fn": "infected.zip", 
            "filename": "\"infected.zip\"", 
            "content-type": "application/x-zip-compressed", 
            "size": 29362
        }
    ], 
    "records": [
        {
            "malware_vt_report": "https://www.virustotal.com/file/603fb132f9ef7658e2f09b46f4bebe58f19da51e0f18b08cd528ed5e1e879534/analysis/1475615084", 
            "malware_sha256": "603fb132f9ef7658e2f09b46f4bebe58f19da51e0f18b08cd528ed5e1e879534", 
            "malware_md5": "c6e36714f7e9d53fa05d3a729a364167", 
            "malware_size": "8083 bytes", 
            "filename": "938364573782.zip", 
            "scanned": "2016-10-04 21:04:44", 
            "malware_sha1": "be41182fe9ac1e8d96c0d27a3a10a8c244ffbd1e"
        }, 
        {
            "malware_vt_report": "https://www.virustotal.com/file/09042dffb23be4b281ac676fc6a19b708f3c850a4344d501b1f5623030be76dd/analysis/1475612148", 
            "malware_sha256": "09042dffb23be4b281ac676fc6a19b708f3c850a4344d501b1f5623030be76dd", 
            "malware_md5": "2b9c7db4b0295ff4d6263aa2d5036db9", 
            "malware_size": "8088 bytes", 
            "filename": "6055159551470134.zip", 
            "scanned": "2016-10-04 20:15:48", 
            "malware_sha1": "352309d5450ceb2143e19156352805b62ee5c048"
        }, 
        {
            "malware_vt_report": "https://www.virustotal.com/file/cc05213e28116a4dea20e0994b33b09d5969898d0dc1bb93aa01dcfd5e897d37/analysis/1475610357", 
            "malware_sha256": "cc05213e28116a4dea20e0994b33b09d5969898d0dc1bb93aa01dcfd5e897d37", 
            "malware_md5": "2b98400e590dc23de11fc6aca014090d", 
            "malware_size": "8096 bytes", 
            "filename": "1204982523744.zip", 
            "scanned": "2016-10-04 19:45:57", 
            "malware_sha1": "8dff3bb4d38b975b059a3fc0a15941b854c724e9"
        }
    ], 
    "_meta": {
        "tracking_code": "AUSCERT#2016167de", 
        "dates": {
            "report": {
                "yearly": "2016", 
                "hourly": "2016-10-08-07", 
                "monthly": "2016-10", 
                "daily": "2016-10-08", 
                "epoch": 1475883583.0, 
                "iso": "2016-10-08T07:39:43"
            }, 
            "creating": {
                "yearly": "2016", 
                "hourly": "2016-10-30-15", 
                "monthly": "2016-10", 
                "daily": "2016-10-30", 
                "epoch": 1477813742.0, 
                "iso": "2016-10-30T15:49:02.017586"
            }
        }, 
        "ids": {
            "origin_type_id": "auscert_ioc_sample", 
            "process_id": "f34f30cd-b106-4893-8160-3eb70d08c437", 
            "saving_dir_id": "auscert_ioc_sample/2016-10-30/f34f30cd-b106-4893-8160-3eb70d08c437", 
            "rule_id": "xxxxxxxxrule_id"
        }
    }, 
    "enrich": {
        "origin_type_id": "auscert_ioc_sample", 
        "origin_organization": {
            "brief_name": "AusCERT", 
            "category": "CERTS", 
            "name": "AusCERT"
        }, 
        "secret_level": "open", 
        "intelligence_type": {
            "category": "ioc", 
            "future_fields": {
                "url": [], 
                "ip": [], 
                "hash": [
                    "malware_md5", 
                    "malware_sha1", 
                    "malware_sha256"
                ]
            }, 
            "subcategory": "malware"
        }
    }, 
    "data_storage": {
        "saving_dir_id": "auscert_ioc_sample/2016-10-30/82b029c3-16da-4bd5-8ee7-52fddedb6def", 
        "disk_saving_strategy": "BaseDir|OriginTypeId|YYMMDD|ProcessId|Data", 
        "storage_used": 3, 
        "month_reserved": 3
    }, 
    "report_futures": {
        "url": [], 
        "ip": [], 
        "hash": [
            {
                "values": [
                    "c6e36714f7e9d53fa05d3a729a364167", 
                    "2b9c7db4b0295ff4d6263aa2d5036db9", 
                    "2b98400e590dc23de11fc6aca014090d"
                ], 
                "name": "malware_md5"
            }, 
            {
                "values": [
                    "be41182fe9ac1e8d96c0d27a3a10a8c244ffbd1e", 
                    "352309d5450ceb2143e19156352805b62ee5c048", 
                    "8dff3bb4d38b975b059a3fc0a15941b854c724e9"
                ], 
                "name": "malware_sha1"
            }, 
            {
                "values": [
                    "603fb132f9ef7658e2f09b46f4bebe58f19da51e0f18b08cd528ed5e1e879534", 
                    "09042dffb23be4b281ac676fc6a19b708f3c850a4344d501b1f5623030be76dd", 
                    "cc05213e28116a4dea20e0994b33b09d5969898d0dc1bb93aa01dcfd5e897d37"
                ], 
                "name": "malware_sha256"
            }
        ]
    }
}