{
    "files": [
        {
            "actual_fn": "infected.zip", 
            "filename": "\"infected.zip\"", 
            "content-type": "application/x-zip-compressed", 
            "size": 11482
        }
    ], 
    "records": [
        {
            "malware_vt_report": "https://www.virustotal.com/file/c850c9ef76f9c31b2c668f03cb598fe27e14496857b0774b2be23c27c81d2352/analysis/1475706456", 
            "malware_sha256": "c850c9ef76f9c31b2c668f03cb598fe27e14496857b0774b2be23c27c81d2352", 
            "malware_md5": "ab2cc330efc0169198fba3642e4abc65", 
            "malware_size": "11184 bytes", 
            "filename": "Cancellation_Form_8a0c9e62a.zip", 
            "scanned": "2016-10-05 22:27:36", 
            "malware_sha1": "78a1c9f90b234bb9ebf26bd1c0a0c687f40ee9c1"
        }
    ], 
    "_meta": {
        "tracking_code": "AUSCERT#20164451b", 
        "dates": {
            "report": {
                "yearly": "2016", 
                "hourly": "2016-10-08-07", 
                "tz": null, 
                "monthly": "2016-10", 
                "daily": "2016-10-08", 
                "epoch": 1475883636.0, 
                "iso": "2016-10-08T07:40:36", 
                "obj": "2016-10-08T07:40:36"
            }, 
            "creating": {
                "yearly": "2016", 
                "hourly": "2016-10-31-15", 
                "tz": null, 
                "monthly": "2016-10", 
                "daily": "2016-10-31", 
                "epoch": 1477899835.0, 
                "iso": "2016-10-31T15:43:55.601901", 
                "obj": "2016-10-31T15:43:55.601901"
            }
        }, 
        "ids": {
            "origin_type_id": "auscert_ioc_sample", 
            "process_id": "1685f1c6-1e4c-4f8a-8a92-3eeadd4415d6", 
            "saving_dir_id": "auscert_ioc_sample/2016-10-31/1685f1c6-1e4c-4f8a-8a92-3eeadd4415d6", 
            "rule_id": "xxxxxxxxrule_id"
        }
    }, 
    "enrich": {
        "origin_type_id": "auscert_ioc_sample", 
        "origin_organization": {
            "brief_name": "AusCERT", 
            "category": "CERTS", 
            "name": "AusCERT"
        }, 
        "secret_level": "open", 
        "intelligence_type": {
            "category": "ioc", 
            "future_fields": {
                "url": [], 
                "ip": [], 
                "hash": [
                    "malware_md5", 
                    "malware_sha1", 
                    "malware_sha256"
                ]
            }, 
            "subcategory": "malware"
        }
    }, 
    "data_storage": {
        "saving_dir_id": "auscert_ioc_sample/2016-10-31/61173b8a-4b2b-4b52-a577-e53b6777d978", 
        "disk_saving_strategy": "BaseDir|OriginTypeId|YYMMDD|ProcessId|Data", 
        "storage_used": 3, 
        "month_reserved": 3
    }, 
    "report_futures": {
        "url": [], 
        "ip": [], 
        "hash": [
            {
                "values": [
                    "ab2cc330efc0169198fba3642e4abc65"
                ], 
                "name": "malware_md5"
            }, 
            {
                "values": [
                    "78a1c9f90b234bb9ebf26bd1c0a0c687f40ee9c1"
                ], 
                "name": "malware_sha1"
            }, 
            {
                "values": [
                    "c850c9ef76f9c31b2c668f03cb598fe27e14496857b0774b2be23c27c81d2352"
                ], 
                "name": "malware_sha256"
            }
        ]
    }
}