{
    "files": [
        {
            "actual_fn": "infected.zip", 
            "filename": "\"infected.zip\"", 
            "content-type": "application/x-zip-compressed", 
            "size": 24071
        }
    ], 
    "records": [
        {
            "malware_vt_report": "https://www.virustotal.com/file/798354352a6323f167d804933ca594a5feee442b4fe11717a2a64059788abf95/analysis/1475598264", 
            "malware_sha256": "798354352a6323f167d804933ca594a5feee442b4fe11717a2a64059788abf95", 
            "malware_md5": "5b88d41a071178477a1c685acca94240", 
            "malware_size": "9950 bytes", 
            "filename": "refund_scan_3a8a6500c.zip", 
            "scanned": "2016-10-04 16:24:24", 
            "malware_sha1": "d620721a48852bbb6a112233841bffac846b1a19"
        }, 
        {
            "malware_vt_report": "https://www.virustotal.com/file/099a13e278963d024585642ab2e3688759c1810f3c870da26c234578dc85c0b6/analysis/1475597828", 
            "malware_sha256": "099a13e278963d024585642ab2e3688759c1810f3c870da26c234578dc85c0b6", 
            "malware_md5": "2543c7511db7a807901f5c8738f8a47a", 
            "malware_size": "9952 bytes", 
            "filename": "refund_scan_acdfbe5f1.zip", 
            "scanned": "2016-10-04 16:17:08", 
            "malware_sha1": "7dc9fc7c2ce833dc3ab17fcb18eaa1c002d70ceb"
        }
    ], 
    "_meta": {
        "tracking_code": "AUSCERT#20168ab45", 
        "dates": {
            "report": {
                "yearly": "2016", 
                "hourly": "2016-10-08-07", 
                "tz": null, 
                "monthly": "2016-10", 
                "daily": "2016-10-08", 
                "epoch": 1475883590.0, 
                "iso": "2016-10-08T07:39:50", 
                "obj": "2016-10-08T07:39:50"
            }, 
            "creating": {
                "yearly": "2016", 
                "hourly": "2016-10-31-15", 
                "tz": null, 
                "monthly": "2016-10", 
                "daily": "2016-10-31", 
                "epoch": 1477899820.0, 
                "iso": "2016-10-31T15:43:40.787397", 
                "obj": "2016-10-31T15:43:40.787397"
            }
        }, 
        "ids": {
            "origin_type_id": "auscert_ioc_sample", 
            "process_id": "c59d8376-12df-4ce5-89c6-84d973bb0b0d", 
            "saving_dir_id": "auscert_ioc_sample/2016-10-31/c59d8376-12df-4ce5-89c6-84d973bb0b0d", 
            "rule_id": "xxxxxxxxrule_id"
        }
    }, 
    "enrich": {
        "origin_type_id": "auscert_ioc_sample", 
        "origin_organization": {
            "brief_name": "AusCERT", 
            "category": "CERTS", 
            "name": "AusCERT"
        }, 
        "secret_level": "open", 
        "intelligence_type": {
            "category": "ioc", 
            "future_fields": {
                "url": [], 
                "ip": [], 
                "hash": [
                    "malware_md5", 
                    "malware_sha1", 
                    "malware_sha256"
                ]
            }, 
            "subcategory": "malware"
        }
    }, 
    "data_storage": {
        "saving_dir_id": "auscert_ioc_sample/2016-10-31/61173b8a-4b2b-4b52-a577-e53b6777d978", 
        "disk_saving_strategy": "BaseDir|OriginTypeId|YYMMDD|ProcessId|Data", 
        "storage_used": 3, 
        "month_reserved": 3
    }, 
    "report_futures": {
        "url": [], 
        "ip": [], 
        "hash": [
            {
                "values": [
                    "5b88d41a071178477a1c685acca94240", 
                    "2543c7511db7a807901f5c8738f8a47a"
                ], 
                "name": "malware_md5"
            }, 
            {
                "values": [
                    "d620721a48852bbb6a112233841bffac846b1a19", 
                    "7dc9fc7c2ce833dc3ab17fcb18eaa1c002d70ceb"
                ], 
                "name": "malware_sha1"
            }, 
            {
                "values": [
                    "798354352a6323f167d804933ca594a5feee442b4fe11717a2a64059788abf95", 
                    "099a13e278963d024585642ab2e3688759c1810f3c870da26c234578dc85c0b6"
                ], 
                "name": "malware_sha256"
            }
        ]
    }
}