{
    "files": [
        {
            "actual_fn": "infected.zip", 
            "filename": "\"infected.zip\"", 
            "content-type": "application/x-zip-compressed", 
            "size": 10109
        }
    ], 
    "records": [
        {
            "malware_vt_report": "https://www.virustotal.com/file/a704d0af418396bf4f936dd3578470e44a05cb60fa08c02ddfe4fee2807fccf6/analysis/1474929901", 
            "malware_sha256": "a704d0af418396bf4f936dd3578470e44a05cb60fa08c02ddfe4fee2807fccf6", 
            "malware_md5": "fc622d0b5cf86f97157ff832fb8a7699", 
            "malware_size": "10093 bytes", 
            "filename": "fff6760442e.zip", 
            "scanned": "2016-09-26 22:45:01", 
            "malware_sha1": "07f3677329520955ee0d9074f4453b59fd8c6274"
        }
    ], 
    "_meta": {
        "tracking_code": "AUSCERT#201635fc0", 
        "dates": {
            "report": {
                "yearly": "2016", 
                "hourly": "2016-09-27-08", 
                "tz": null, 
                "monthly": "2016-09", 
                "daily": "2016-09-27", 
                "epoch": 1474937407.0, 
                "iso": "2016-09-27T08:50:07", 
                "obj": "2016-09-27T08:50:07"
            }, 
            "creating": {
                "yearly": "2016", 
                "hourly": "2016-10-31-15", 
                "tz": null, 
                "monthly": "2016-10", 
                "daily": "2016-10-31", 
                "epoch": 1477899803.0, 
                "iso": "2016-10-31T15:43:23.632217", 
                "obj": "2016-10-31T15:43:23.632217"
            }
        }, 
        "ids": {
            "origin_type_id": "auscert_ioc_sample", 
            "process_id": "969f7acc-97f8-4438-869b-14d7e904e3d6", 
            "saving_dir_id": "auscert_ioc_sample/2016-10-31/969f7acc-97f8-4438-869b-14d7e904e3d6", 
            "rule_id": "xxxxxxxxrule_id"
        }
    }, 
    "enrich": {
        "origin_type_id": "auscert_ioc_sample", 
        "origin_organization": {
            "brief_name": "AusCERT", 
            "category": "CERTS", 
            "name": "AusCERT"
        }, 
        "secret_level": "open", 
        "intelligence_type": {
            "category": "ioc", 
            "future_fields": {
                "url": [], 
                "ip": [], 
                "hash": [
                    "malware_md5", 
                    "malware_sha1", 
                    "malware_sha256"
                ]
            }, 
            "subcategory": "malware"
        }
    }, 
    "data_storage": {
        "saving_dir_id": "auscert_ioc_sample/2016-10-31/61173b8a-4b2b-4b52-a577-e53b6777d978", 
        "disk_saving_strategy": "BaseDir|OriginTypeId|YYMMDD|ProcessId|Data", 
        "storage_used": 3, 
        "month_reserved": 3
    }, 
    "report_futures": {
        "url": [], 
        "ip": [], 
        "hash": [
            {
                "values": [
                    "fc622d0b5cf86f97157ff832fb8a7699"
                ], 
                "name": "malware_md5"
            }, 
            {
                "values": [
                    "07f3677329520955ee0d9074f4453b59fd8c6274"
                ], 
                "name": "malware_sha1"
            }, 
            {
                "values": [
                    "a704d0af418396bf4f936dd3578470e44a05cb60fa08c02ddfe4fee2807fccf6"
                ], 
                "name": "malware_sha256"
            }
        ]
    }
}