{
    "files": [
        {
            "actual_fn": "infected.zip", 
            "filename": "\"infected.zip\"", 
            "content-type": "application/x-zip-compressed", 
            "size": 235095
        }
    ], 
    "records": [
        {
            "malware_vt_report": "https://www.virustotal.com/file/6141b2ef7876f1035c38338212904e0e6133a71347a8220392592b19f5ae6575/analysis/1474924038", 
            "malware_sha256": "6141b2ef7876f1035c38338212904e0e6133a71347a8220392592b19f5ae6575", 
            "malware_md5": "efd92dd18d1b647b89469e5a5f62963a", 
            "malware_size": "235020 bytes", 
            "filename": "QUOTATION.zip", 
            "scanned": "2016-09-26 21:07:18", 
            "malware_sha1": "018ee588e7435a503de79f6a7d6b92d8ab4e531d"
        }
    ], 
    "_meta": {
        "tracking_code": "AUSCERT#2016628a5", 
        "dates": {
            "report": {
                "yearly": "2016", 
                "hourly": "2016-09-27-08", 
                "tz": null, 
                "monthly": "2016-09", 
                "daily": "2016-09-27", 
                "epoch": 1474937407.0, 
                "iso": "2016-09-27T08:50:07", 
                "obj": "2016-09-27T08:50:07"
            }, 
            "creating": {
                "yearly": "2016", 
                "hourly": "2016-10-31-15", 
                "tz": null, 
                "monthly": "2016-10", 
                "daily": "2016-10-31", 
                "epoch": 1477899804.0, 
                "iso": "2016-10-31T15:43:24.295515", 
                "obj": "2016-10-31T15:43:24.295515"
            }
        }, 
        "ids": {
            "origin_type_id": "auscert_ioc_sample", 
            "process_id": "d3aee4cd-6f20-4c87-b119-7f95e75257b5", 
            "saving_dir_id": "auscert_ioc_sample/2016-10-31/d3aee4cd-6f20-4c87-b119-7f95e75257b5", 
            "rule_id": "xxxxxxxxrule_id"
        }
    }, 
    "enrich": {
        "origin_type_id": "auscert_ioc_sample", 
        "origin_organization": {
            "brief_name": "AusCERT", 
            "category": "CERTS", 
            "name": "AusCERT"
        }, 
        "secret_level": "open", 
        "intelligence_type": {
            "category": "ioc", 
            "future_fields": {
                "url": [], 
                "ip": [], 
                "hash": [
                    "malware_md5", 
                    "malware_sha1", 
                    "malware_sha256"
                ]
            }, 
            "subcategory": "malware"
        }
    }, 
    "data_storage": {
        "saving_dir_id": "auscert_ioc_sample/2016-10-31/61173b8a-4b2b-4b52-a577-e53b6777d978", 
        "disk_saving_strategy": "BaseDir|OriginTypeId|YYMMDD|ProcessId|Data", 
        "storage_used": 3, 
        "month_reserved": 3
    }, 
    "report_futures": {
        "url": [], 
        "ip": [], 
        "hash": [
            {
                "values": [
                    "efd92dd18d1b647b89469e5a5f62963a"
                ], 
                "name": "malware_md5"
            }, 
            {
                "values": [
                    "018ee588e7435a503de79f6a7d6b92d8ab4e531d"
                ], 
                "name": "malware_sha1"
            }, 
            {
                "values": [
                    "6141b2ef7876f1035c38338212904e0e6133a71347a8220392592b19f5ae6575"
                ], 
                "name": "malware_sha256"
            }
        ]
    }
}