{
    "files": [
        {
            "actual_fn": "infected.zip", 
            "filename": "\"infected.zip\"", 
            "content-type": "application/x-zip-compressed", 
            "size": 12522
        }
    ], 
    "records": [
        {
            "malware_vt_report": "https://www.virustotal.com/file/069a8199e73d755e7eb0b9ef3402489013896408f6bb8f14b01c7cc9ab00356a/analysis/1475255085", 
            "malware_sha256": "069a8199e73d755e7eb0b9ef3402489013896408f6bb8f14b01c7cc9ab00356a", 
            "malware_md5": "3fc784aab3eea691578fecd6a3784c45", 
            "malware_size": "10571 bytes", 
            "filename": "DHL_parcel_906f8b908.zip", 
            "scanned": "2016-09-30 17:04:45", 
            "malware_sha1": "bba3d07b42699631ff1905e53e718acb7386aa4c"
        }
    ], 
    "_meta": {
        "tracking_code": "AUSCERT#2016247a9", 
        "dates": {
            "report": {
                "yearly": "2016", 
                "hourly": "2016-10-08-07", 
                "monthly": "2016-10", 
                "daily": "2016-10-08", 
                "epoch": 1475883608.0, 
                "iso": "2016-10-08T07:40:08"
            }, 
            "creating": {
                "yearly": "2016", 
                "hourly": "2016-10-30-15", 
                "monthly": "2016-10", 
                "daily": "2016-10-30", 
                "epoch": 1477813748.0, 
                "iso": "2016-10-30T15:49:08.920289"
            }
        }, 
        "ids": {
            "origin_type_id": "auscert_ioc_sample", 
            "process_id": "e4c88309-3ee9-4d60-8798-922cbbb2862e", 
            "saving_dir_id": "auscert_ioc_sample/2016-10-30/e4c88309-3ee9-4d60-8798-922cbbb2862e", 
            "rule_id": "xxxxxxxxrule_id"
        }
    }, 
    "enrich": {
        "origin_type_id": "auscert_ioc_sample", 
        "origin_organization": {
            "brief_name": "AusCERT", 
            "category": "CERTS", 
            "name": "AusCERT"
        }, 
        "secret_level": "open", 
        "intelligence_type": {
            "category": "ioc", 
            "future_fields": {
                "url": [], 
                "ip": [], 
                "hash": [
                    "malware_md5", 
                    "malware_sha1", 
                    "malware_sha256"
                ]
            }, 
            "subcategory": "malware"
        }
    }, 
    "data_storage": {
        "saving_dir_id": "auscert_ioc_sample/2016-10-30/82b029c3-16da-4bd5-8ee7-52fddedb6def", 
        "disk_saving_strategy": "BaseDir|OriginTypeId|YYMMDD|ProcessId|Data", 
        "storage_used": 3, 
        "month_reserved": 3
    }, 
    "report_futures": {
        "url": [], 
        "ip": [], 
        "hash": [
            {
                "values": [
                    "3fc784aab3eea691578fecd6a3784c45"
                ], 
                "name": "malware_md5"
            }, 
            {
                "values": [
                    "bba3d07b42699631ff1905e53e718acb7386aa4c"
                ], 
                "name": "malware_sha1"
            }, 
            {
                "values": [
                    "069a8199e73d755e7eb0b9ef3402489013896408f6bb8f14b01c7cc9ab00356a"
                ], 
                "name": "malware_sha256"
            }
        ]
    }
}