{
    "files": [
        {
            "actual_fn": "infected.zip", 
            "filename": "\"infected.zip\"", 
            "content-type": "application/x-zip-compressed", 
            "size": 10481
        }
    ], 
    "records": [
        {
            "malware_vt_report": "https://www.virustotal.com/file/b4d159c491e25df0328661a69c40fd16619b7a15e619c367e3c77c3234e839d2/analysis/1475170579", 
            "malware_sha256": "b4d159c491e25df0328661a69c40fd16619b7a15e619c367e3c77c3234e839d2", 
            "malware_md5": "b74230ff8095d35ab76c4d17a55378c7", 
            "malware_size": "10873 bytes", 
            "filename": "debit_card_65af8642b.zip", 
            "scanned": "2016-09-29 17:36:19", 
            "malware_sha1": "a511bc4ad7104ad1b7e320a8c170d4f90974fde7"
        }
    ], 
    "_meta": {
        "tracking_code": "AUSCERT#20163f92c", 
        "dates": {
            "report": {
                "yearly": "2016", 
                "hourly": "2016-09-30-08", 
                "tz": null, 
                "monthly": "2016-09", 
                "daily": "2016-09-30", 
                "epoch": 1475196353.0, 
                "iso": "2016-09-30T08:45:53", 
                "obj": "2016-09-30T08:45:53"
            }, 
            "creating": {
                "yearly": "2016", 
                "hourly": "2016-10-31-15", 
                "tz": null, 
                "monthly": "2016-10", 
                "daily": "2016-10-31", 
                "epoch": 1477899812.0, 
                "iso": "2016-10-31T15:43:32.748082", 
                "obj": "2016-10-31T15:43:32.748082"
            }
        }, 
        "ids": {
            "origin_type_id": "auscert_ioc_sample", 
            "process_id": "bc1ebb51-5953-43d5-b662-d42a46c5e789", 
            "saving_dir_id": "auscert_ioc_sample/2016-10-31/bc1ebb51-5953-43d5-b662-d42a46c5e789", 
            "rule_id": "xxxxxxxxrule_id"
        }
    }, 
    "enrich": {
        "origin_type_id": "auscert_ioc_sample", 
        "origin_organization": {
            "brief_name": "AusCERT", 
            "category": "CERTS", 
            "name": "AusCERT"
        }, 
        "secret_level": "open", 
        "intelligence_type": {
            "category": "ioc", 
            "future_fields": {
                "url": [], 
                "ip": [], 
                "hash": [
                    "malware_md5", 
                    "malware_sha1", 
                    "malware_sha256"
                ]
            }, 
            "subcategory": "malware"
        }
    }, 
    "data_storage": {
        "saving_dir_id": "auscert_ioc_sample/2016-10-31/61173b8a-4b2b-4b52-a577-e53b6777d978", 
        "disk_saving_strategy": "BaseDir|OriginTypeId|YYMMDD|ProcessId|Data", 
        "storage_used": 3, 
        "month_reserved": 3
    }, 
    "report_futures": {
        "url": [], 
        "ip": [], 
        "hash": [
            {
                "values": [
                    "b74230ff8095d35ab76c4d17a55378c7"
                ], 
                "name": "malware_md5"
            }, 
            {
                "values": [
                    "a511bc4ad7104ad1b7e320a8c170d4f90974fde7"
                ], 
                "name": "malware_sha1"
            }, 
            {
                "values": [
                    "b4d159c491e25df0328661a69c40fd16619b7a15e619c367e3c77c3234e839d2"
                ], 
                "name": "malware_sha256"
            }
        ]
    }
}