{
    "files": [
        {
            "actual_fn": "infected.zip", 
            "filename": "\"infected.zip\"", 
            "content-type": "application/x-zip-compressed", 
            "size": 8384
        }
    ], 
    "records": [
        {
            "malware_vt_report": "https://www.virustotal.com/file/9cdb10df419373005ececacb4ede274a6bc560df107693b447d37de89d4d0e34/analysis/1474980307", 
            "malware_sha256": "9cdb10df419373005ececacb4ede274a6bc560df107693b447d37de89d4d0e34", 
            "malware_md5": "116c0e1c55d01bd828e4c48c81477c48", 
            "malware_size": "8332 bytes", 
            "filename": "270920161324453343.pdf.zip", 
            "scanned": "2016-09-27 12:45:07", 
            "malware_sha1": "ccb04ff0fa9e1a6abed28ee3a9741b80122bc9c3"
        }
    ], 
    "_meta": {
        "tracking_code": "AUSCERT#20162c697", 
        "dates": {
            "report": {
                "yearly": "2016", 
                "hourly": "2016-09-28-08", 
                "monthly": "2016-09", 
                "daily": "2016-09-28", 
                "epoch": 1475022414.0, 
                "iso": "2016-09-28T08:26:54"
            }, 
            "creating": {
                "yearly": "2016", 
                "hourly": "2016-10-30-15", 
                "monthly": "2016-10", 
                "daily": "2016-10-30", 
                "epoch": 1477813730.0, 
                "iso": "2016-10-30T15:48:50.244400"
            }
        }, 
        "ids": {
            "origin_type_id": "auscert_ioc_sample", 
            "process_id": "b0235eaa-9e4c-4cda-985b-4ff76776d59f", 
            "saving_dir_id": "auscert_ioc_sample/2016-10-30/b0235eaa-9e4c-4cda-985b-4ff76776d59f", 
            "rule_id": "xxxxxxxxrule_id"
        }
    }, 
    "enrich": {
        "origin_type_id": "auscert_ioc_sample", 
        "origin_organization": {
            "brief_name": "AusCERT", 
            "category": "CERTS", 
            "name": "AusCERT"
        }, 
        "secret_level": "open", 
        "intelligence_type": {
            "category": "ioc", 
            "future_fields": {
                "url": [], 
                "ip": [], 
                "hash": [
                    "malware_md5", 
                    "malware_sha1", 
                    "malware_sha256"
                ]
            }, 
            "subcategory": "malware"
        }
    }, 
    "data_storage": {
        "saving_dir_id": "auscert_ioc_sample/2016-10-30/82b029c3-16da-4bd5-8ee7-52fddedb6def", 
        "disk_saving_strategy": "BaseDir|OriginTypeId|YYMMDD|ProcessId|Data", 
        "storage_used": 3, 
        "month_reserved": 3
    }, 
    "report_futures": {
        "url": [], 
        "ip": [], 
        "hash": [
            {
                "values": [
                    "116c0e1c55d01bd828e4c48c81477c48"
                ], 
                "name": "malware_md5"
            }, 
            {
                "values": [
                    "ccb04ff0fa9e1a6abed28ee3a9741b80122bc9c3"
                ], 
                "name": "malware_sha1"
            }, 
            {
                "values": [
                    "9cdb10df419373005ececacb4ede274a6bc560df107693b447d37de89d4d0e34"
                ], 
                "name": "malware_sha256"
            }
        ]
    }
}