{
    "files": [
        {
            "actual_fn": "infected.zip", 
            "filename": "\"infected.zip\"", 
            "content-type": "application/x-zip-compressed", 
            "size": 10973
        }
    ], 
    "records": [
        {
            "malware_vt_report": "https://www.virustotal.com/file/501a72bfabf440bff556f74a5d738819ae40982ca5328e054f9ebbf7e2efee20/analysis/1475191495", 
            "malware_sha256": "501a72bfabf440bff556f74a5d738819ae40982ca5328e054f9ebbf7e2efee20", 
            "malware_md5": "254eb1b1aeae376abc2b2913ef10cf06", 
            "malware_size": "10937 bytes", 
            "filename": "transaction_copy_e499109d.zip", 
            "scanned": "2016-09-29 23:24:55", 
            "malware_sha1": "a862dd6f3406d969058795b631141aae940f49b6"
        }
    ], 
    "_meta": {
        "tracking_code": "AUSCERT#201674595", 
        "dates": {
            "report": {
                "yearly": "2016", 
                "hourly": "2016-09-30-08", 
                "monthly": "2016-09", 
                "daily": "2016-09-30", 
                "epoch": 1475196357.0, 
                "iso": "2016-09-30T08:45:57"
            }, 
            "creating": {
                "yearly": "2016", 
                "hourly": "2016-10-30-15", 
                "monthly": "2016-10", 
                "daily": "2016-10-30", 
                "epoch": 1477813737.0, 
                "iso": "2016-10-30T15:48:57.314302"
            }
        }, 
        "ids": {
            "origin_type_id": "auscert_ioc_sample", 
            "process_id": "8897be01-e306-404c-8069-a217b84e0f79", 
            "saving_dir_id": "auscert_ioc_sample/2016-10-30/8897be01-e306-404c-8069-a217b84e0f79", 
            "rule_id": "xxxxxxxxrule_id"
        }
    }, 
    "enrich": {
        "origin_type_id": "auscert_ioc_sample", 
        "origin_organization": {
            "brief_name": "AusCERT", 
            "category": "CERTS", 
            "name": "AusCERT"
        }, 
        "secret_level": "open", 
        "intelligence_type": {
            "category": "ioc", 
            "future_fields": {
                "url": [], 
                "ip": [], 
                "hash": [
                    "malware_md5", 
                    "malware_sha1", 
                    "malware_sha256"
                ]
            }, 
            "subcategory": "malware"
        }
    }, 
    "data_storage": {
        "saving_dir_id": "auscert_ioc_sample/2016-10-30/82b029c3-16da-4bd5-8ee7-52fddedb6def", 
        "disk_saving_strategy": "BaseDir|OriginTypeId|YYMMDD|ProcessId|Data", 
        "storage_used": 3, 
        "month_reserved": 3
    }, 
    "report_futures": {
        "url": [], 
        "ip": [], 
        "hash": [
            {
                "values": [
                    "254eb1b1aeae376abc2b2913ef10cf06"
                ], 
                "name": "malware_md5"
            }, 
            {
                "values": [
                    "a862dd6f3406d969058795b631141aae940f49b6"
                ], 
                "name": "malware_sha1"
            }, 
            {
                "values": [
                    "501a72bfabf440bff556f74a5d738819ae40982ca5328e054f9ebbf7e2efee20"
                ], 
                "name": "malware_sha256"
            }
        ]
    }
}