{
    "files": null, 
    "records": [], 
    "_meta": {
        "tracking_code": null, 
        "dates": {
            "report": {
                "yearly": "2016", 
                "hourly": "2016-07-04-10", 
                "tz": null, 
                "monthly": "2016-07", 
                "daily": "2016-07-04", 
                "epoch": 1467598864.0, 
                "iso": "2016-07-04T10:21:04", 
                "obj": "2016-07-04T10:21:04"
            }, 
            "creating": {
                "yearly": "2016", 
                "hourly": "2016-10-31-15", 
                "tz": null, 
                "monthly": "2016-10", 
                "daily": "2016-10-31", 
                "epoch": 1477899761.0, 
                "iso": "2016-10-31T15:42:41.837343", 
                "obj": "2016-10-31T15:42:41.837343"
            }
        }, 
        "ids": {
            "origin_type_id": "google_ioc_url", 
            "process_id": "972a2e5d-95ea-40e5-8026-1c24d6fd0a43", 
            "saving_dir_id": "google_ioc_url/2016-10-31/972a2e5d-95ea-40e5-8026-1c24d6fd0a43", 
            "rule_id": "xxxxxxxx"
        }
    }, 
    "enrich": {
        "origin_type_id": "google_ioc_url", 
        "origin_organization": {
            "brief_name": "google", 
            "category": "open_feed", 
            "name": "google.com"
        }, 
        "secret_level": "open", 
        "intelligence_type": {
            "category": "ioc", 
            "future_fields": {
                "url": [
                    "url"
                ], 
                "ip": [], 
                "hash": []
            }, 
            "subcategory": "url"
        }
    }, 
    "data_storage": {
        "saving_dir_id": "google_ioc_url/2016-10-31/972a2e5d-95ea-40e5-8026-1c24d6fd0a43", 
        "M_storage_used": 3, 
        "disk_saving_strategy": "BaseDir|OriginTypeId|YYMMDD|ProcessId|Data", 
        "month_reserved": 3
    }, 
    "report_futures": {
        "url": [
            {
                "values": [], 
                "name": "url"
            }
        ], 
        "ip": [], 
        "hash": []
    }
}