{
    "files": [
        {
            "actual_fn": "infected.zip", 
            "filename": "\"infected.zip\"", 
            "content-type": "application/x-zip-compressed", 
            "size": 9465
        }
    ], 
    "records": [
        {
            "malware_vt_report": "https://www.virustotal.com/file/fc3fd9602b9ca737b3015f267ec588d5f5dfdb7a60a554699477d43ab47af4b2/analysis/1475668686", 
            "malware_sha256": "fc3fd9602b9ca737b3015f267ec588d5f5dfdb7a60a554699477d43ab47af4b2", 
            "malware_md5": "1d541c5332aceddc9616e3174af1d084", 
            "malware_size": "9127 bytes", 
            "filename": "complaint_letter_350ece441.zip", 
            "scanned": "2016-10-05 11:58:06", 
            "malware_sha1": "fa92ea320aed63154083e42f6e5e4bbc2fe19ab4"
        }
    ], 
    "_meta": {
        "tracking_code": "AUSCERT#2016dbfb7", 
        "dates": {
            "report": {
                "yearly": "2016", 
                "hourly": "2016-10-08-07", 
                "tz": null, 
                "monthly": "2016-10", 
                "daily": "2016-10-08", 
                "epoch": 1475883581.0, 
                "iso": "2016-10-08T07:39:41", 
                "obj": "2016-10-08T07:39:41"
            }, 
            "creating": {
                "yearly": "2016", 
                "hourly": "2016-10-31-15", 
                "tz": null, 
                "monthly": "2016-10", 
                "daily": "2016-10-31", 
                "epoch": 1477899817.0, 
                "iso": "2016-10-31T15:43:37.206630", 
                "obj": "2016-10-31T15:43:37.206630"
            }
        }, 
        "ids": {
            "origin_type_id": "auscert_ioc_sample", 
            "process_id": "bf9f852a-b4b8-42c7-b1f8-8ed2b025fdce", 
            "saving_dir_id": "auscert_ioc_sample/2016-10-31/bf9f852a-b4b8-42c7-b1f8-8ed2b025fdce", 
            "rule_id": "xxxxxxxxrule_id"
        }
    }, 
    "enrich": {
        "origin_type_id": "auscert_ioc_sample", 
        "origin_organization": {
            "brief_name": "AusCERT", 
            "category": "CERTS", 
            "name": "AusCERT"
        }, 
        "secret_level": "open", 
        "intelligence_type": {
            "category": "ioc", 
            "future_fields": {
                "url": [], 
                "ip": [], 
                "hash": [
                    "malware_md5", 
                    "malware_sha1", 
                    "malware_sha256"
                ]
            }, 
            "subcategory": "malware"
        }
    }, 
    "data_storage": {
        "saving_dir_id": "auscert_ioc_sample/2016-10-31/61173b8a-4b2b-4b52-a577-e53b6777d978", 
        "disk_saving_strategy": "BaseDir|OriginTypeId|YYMMDD|ProcessId|Data", 
        "storage_used": 3, 
        "month_reserved": 3
    }, 
    "report_futures": {
        "url": [], 
        "ip": [], 
        "hash": [
            {
                "values": [
                    "1d541c5332aceddc9616e3174af1d084"
                ], 
                "name": "malware_md5"
            }, 
            {
                "values": [
                    "fa92ea320aed63154083e42f6e5e4bbc2fe19ab4"
                ], 
                "name": "malware_sha1"
            }, 
            {
                "values": [
                    "fc3fd9602b9ca737b3015f267ec588d5f5dfdb7a60a554699477d43ab47af4b2"
                ], 
                "name": "malware_sha256"
            }
        ]
    }
}