{
    "files": [
        {
            "actual_fn": "infected.zip", 
            "filename": "\"infected.zip\"", 
            "content-type": "application/x-zip-compressed", 
            "size": 9598
        }
    ], 
    "records": [
        {
            "malware_vt_report": "https://www.virustotal.com/file/21209e524f2e075c9f21326d50d7d7563431440b5be9c081875f715a5cfdf7d3/analysis/1475687346", 
            "malware_sha256": "21209e524f2e075c9f21326d50d7d7563431440b5be9c081875f715a5cfdf7d3", 
            "malware_md5": "8411eee3cc6f25b3f46ee561d6816bd1", 
            "malware_size": "9262 bytes", 
            "filename": "complaint_letter_ef31a994.zip", 
            "scanned": "2016-10-05 17:09:06", 
            "malware_sha1": "e96ef31fe2261b3b47d387ef6a0f4f779f44609b"
        }
    ], 
    "_meta": {
        "tracking_code": "AUSCERT#20163c718", 
        "dates": {
            "report": {
                "yearly": "2016", 
                "hourly": "2016-10-08-07", 
                "tz": null, 
                "monthly": "2016-10", 
                "daily": "2016-10-08", 
                "epoch": 1475883632.0, 
                "iso": "2016-10-08T07:40:32", 
                "obj": "2016-10-08T07:40:32"
            }, 
            "creating": {
                "yearly": "2016", 
                "hourly": "2016-10-31-15", 
                "tz": null, 
                "monthly": "2016-10", 
                "daily": "2016-10-31", 
                "epoch": 1477899834.0, 
                "iso": "2016-10-31T15:43:54.431784", 
                "obj": "2016-10-31T15:43:54.431784"
            }
        }, 
        "ids": {
            "origin_type_id": "auscert_ioc_sample", 
            "process_id": "6c3b8f38-7c31-49c6-a137-5d274e340653", 
            "saving_dir_id": "auscert_ioc_sample/2016-10-31/6c3b8f38-7c31-49c6-a137-5d274e340653", 
            "rule_id": "xxxxxxxxrule_id"
        }
    }, 
    "enrich": {
        "origin_type_id": "auscert_ioc_sample", 
        "origin_organization": {
            "brief_name": "AusCERT", 
            "category": "CERTS", 
            "name": "AusCERT"
        }, 
        "secret_level": "open", 
        "intelligence_type": {
            "category": "ioc", 
            "future_fields": {
                "url": [], 
                "ip": [], 
                "hash": [
                    "malware_md5", 
                    "malware_sha1", 
                    "malware_sha256"
                ]
            }, 
            "subcategory": "malware"
        }
    }, 
    "data_storage": {
        "saving_dir_id": "auscert_ioc_sample/2016-10-31/61173b8a-4b2b-4b52-a577-e53b6777d978", 
        "disk_saving_strategy": "BaseDir|OriginTypeId|YYMMDD|ProcessId|Data", 
        "storage_used": 3, 
        "month_reserved": 3
    }, 
    "report_futures": {
        "url": [], 
        "ip": [], 
        "hash": [
            {
                "values": [
                    "8411eee3cc6f25b3f46ee561d6816bd1"
                ], 
                "name": "malware_md5"
            }, 
            {
                "values": [
                    "e96ef31fe2261b3b47d387ef6a0f4f779f44609b"
                ], 
                "name": "malware_sha1"
            }, 
            {
                "values": [
                    "21209e524f2e075c9f21326d50d7d7563431440b5be9c081875f715a5cfdf7d3"
                ], 
                "name": "malware_sha256"
            }
        ]
    }
}