{
    "files": [
        {
            "actual_fn": "infected.zip", 
            "filename": "\"infected.zip\"", 
            "content-type": "application/x-zip-compressed", 
            "size": 10709
        }
    ], 
    "records": [
        {
            "malware_vt_report": "https://www.virustotal.com/file/a9f1adf04f768e31441ac340bce850d3aadd84172591aaf34f0f00947023f804/analysis/1475185534", 
            "malware_sha256": "a9f1adf04f768e31441ac340bce850d3aadd84172591aaf34f0f00947023f804", 
            "malware_md5": "eedd8ab11c60ea8c91c3916b2f63311e", 
            "malware_size": "11442 bytes", 
            "filename": "transaction_copy_f92295d.zip", 
            "scanned": "2016-09-29 21:45:34", 
            "malware_sha1": "10eb6ebce68a71ec4918c368fe6595c61d66090a"
        }
    ], 
    "_meta": {
        "tracking_code": "AUSCERT#20168affd", 
        "dates": {
            "report": {
                "yearly": "2016", 
                "hourly": "2016-09-30-08", 
                "monthly": "2016-09", 
                "daily": "2016-09-30", 
                "epoch": 1475196348.0, 
                "iso": "2016-09-30T08:45:48"
            }, 
            "creating": {
                "yearly": "2016", 
                "hourly": "2016-10-30-15", 
                "monthly": "2016-10", 
                "daily": "2016-10-30", 
                "epoch": 1477813735.0, 
                "iso": "2016-10-30T15:48:55.086909"
            }
        }, 
        "ids": {
            "origin_type_id": "auscert_ioc_sample", 
            "process_id": "7ded50a6-dfc3-44fd-a448-37d74e620082", 
            "saving_dir_id": "auscert_ioc_sample/2016-10-30/7ded50a6-dfc3-44fd-a448-37d74e620082", 
            "rule_id": "xxxxxxxxrule_id"
        }
    }, 
    "enrich": {
        "origin_type_id": "auscert_ioc_sample", 
        "origin_organization": {
            "brief_name": "AusCERT", 
            "category": "CERTS", 
            "name": "AusCERT"
        }, 
        "secret_level": "open", 
        "intelligence_type": {
            "category": "ioc", 
            "future_fields": {
                "url": [], 
                "ip": [], 
                "hash": [
                    "malware_md5", 
                    "malware_sha1", 
                    "malware_sha256"
                ]
            }, 
            "subcategory": "malware"
        }
    }, 
    "data_storage": {
        "saving_dir_id": "auscert_ioc_sample/2016-10-30/82b029c3-16da-4bd5-8ee7-52fddedb6def", 
        "disk_saving_strategy": "BaseDir|OriginTypeId|YYMMDD|ProcessId|Data", 
        "storage_used": 3, 
        "month_reserved": 3
    }, 
    "report_futures": {
        "url": [], 
        "ip": [], 
        "hash": [
            {
                "values": [
                    "eedd8ab11c60ea8c91c3916b2f63311e"
                ], 
                "name": "malware_md5"
            }, 
            {
                "values": [
                    "10eb6ebce68a71ec4918c368fe6595c61d66090a"
                ], 
                "name": "malware_sha1"
            }, 
            {
                "values": [
                    "a9f1adf04f768e31441ac340bce850d3aadd84172591aaf34f0f00947023f804"
                ], 
                "name": "malware_sha256"
            }
        ]
    }
}