{
    "files": [
        {
            "actual_fn": "infected.zip", 
            "filename": "\"infected.zip\"", 
            "content-type": "application/x-zip-compressed", 
            "size": 9610
        }
    ], 
    "records": [
        {
            "malware_vt_report": "https://www.virustotal.com/file/5a70ce26fc9bccb3ff6fb9d89b260dafcfb34d1769a1ef38e690cde348183c40/analysis/1475669613", 
            "malware_sha256": "5a70ce26fc9bccb3ff6fb9d89b260dafcfb34d1769a1ef38e690cde348183c40", 
            "malware_md5": "ecd9458497db45383d977f4a78a93fcd", 
            "malware_size": "9252 bytes", 
            "filename": "complaint_letter_02e810d.zip", 
            "scanned": "2016-10-05 12:13:33", 
            "malware_sha1": "86e1e3b2a4e549ae01ecb52e56e73de6822ffa85"
        }
    ], 
    "_meta": {
        "tracking_code": "AUSCERT#201620852", 
        "dates": {
            "report": {
                "yearly": "2016", 
                "hourly": "2016-10-08-07", 
                "tz": null, 
                "monthly": "2016-10", 
                "daily": "2016-10-08", 
                "epoch": 1475883640.0, 
                "iso": "2016-10-08T07:40:40", 
                "obj": "2016-10-08T07:40:40"
            }, 
            "creating": {
                "yearly": "2016", 
                "hourly": "2016-10-31-15", 
                "tz": null, 
                "monthly": "2016-10", 
                "daily": "2016-10-31", 
                "epoch": 1477899836.0, 
                "iso": "2016-10-31T15:43:56.831275", 
                "obj": "2016-10-31T15:43:56.831275"
            }
        }, 
        "ids": {
            "origin_type_id": "auscert_ioc_sample", 
            "process_id": "76ae3de2-46e1-4d34-be6c-a92a4fa1f724", 
            "saving_dir_id": "auscert_ioc_sample/2016-10-31/76ae3de2-46e1-4d34-be6c-a92a4fa1f724", 
            "rule_id": "xxxxxxxxrule_id"
        }
    }, 
    "enrich": {
        "origin_type_id": "auscert_ioc_sample", 
        "origin_organization": {
            "brief_name": "AusCERT", 
            "category": "CERTS", 
            "name": "AusCERT"
        }, 
        "secret_level": "open", 
        "intelligence_type": {
            "category": "ioc", 
            "future_fields": {
                "url": [], 
                "ip": [], 
                "hash": [
                    "malware_md5", 
                    "malware_sha1", 
                    "malware_sha256"
                ]
            }, 
            "subcategory": "malware"
        }
    }, 
    "data_storage": {
        "saving_dir_id": "auscert_ioc_sample/2016-10-31/61173b8a-4b2b-4b52-a577-e53b6777d978", 
        "disk_saving_strategy": "BaseDir|OriginTypeId|YYMMDD|ProcessId|Data", 
        "storage_used": 3, 
        "month_reserved": 3
    }, 
    "report_futures": {
        "url": [], 
        "ip": [], 
        "hash": [
            {
                "values": [
                    "ecd9458497db45383d977f4a78a93fcd"
                ], 
                "name": "malware_md5"
            }, 
            {
                "values": [
                    "86e1e3b2a4e549ae01ecb52e56e73de6822ffa85"
                ], 
                "name": "malware_sha1"
            }, 
            {
                "values": [
                    "5a70ce26fc9bccb3ff6fb9d89b260dafcfb34d1769a1ef38e690cde348183c40"
                ], 
                "name": "malware_sha256"
            }
        ]
    }
}