{
    "files": [
        {
            "actual_fn": "infected.zip", 
            "filename": "\"infected.zip\"", 
            "content-type": "application/x-zip-compressed", 
            "size": 8593
        }
    ], 
    "records": [
        {
            "malware_vt_report": "https://www.virustotal.com/file/74329fcd271840d395c2391b3740b202d391da2cf4bb853229ddebedf08aab86/analysis/1475197516", 
            "malware_sha256": "74329fcd271840d395c2391b3740b202d391da2cf4bb853229ddebedf08aab86", 
            "malware_md5": "8137fd1c6d163beb6328f5cd8d1ba37c", 
            "malware_size": "8564 bytes", 
            "filename": "097654942136096.zip", 
            "scanned": "2016-09-30 01:05:16", 
            "malware_sha1": "1fd6b2d55f68f9e18c780c2fae9207d24c9a978f"
        }
    ], 
    "_meta": {
        "tracking_code": "AUSCERT#201639bb6", 
        "dates": {
            "report": {
                "yearly": "2016", 
                "hourly": "2016-10-08-07", 
                "monthly": "2016-10", 
                "daily": "2016-10-08", 
                "epoch": 1475883589.0, 
                "iso": "2016-10-08T07:39:49"
            }, 
            "creating": {
                "yearly": "2016", 
                "hourly": "2016-10-30-15", 
                "monthly": "2016-10", 
                "daily": "2016-10-30", 
                "epoch": 1477813743.0, 
                "iso": "2016-10-30T15:49:03.840044"
            }
        }, 
        "ids": {
            "origin_type_id": "auscert_ioc_sample", 
            "process_id": "eacb9560-d2ec-4ef1-b160-7d5773675cf1", 
            "saving_dir_id": "auscert_ioc_sample/2016-10-30/eacb9560-d2ec-4ef1-b160-7d5773675cf1", 
            "rule_id": "xxxxxxxxrule_id"
        }
    }, 
    "enrich": {
        "origin_type_id": "auscert_ioc_sample", 
        "origin_organization": {
            "brief_name": "AusCERT", 
            "category": "CERTS", 
            "name": "AusCERT"
        }, 
        "secret_level": "open", 
        "intelligence_type": {
            "category": "ioc", 
            "future_fields": {
                "url": [], 
                "ip": [], 
                "hash": [
                    "malware_md5", 
                    "malware_sha1", 
                    "malware_sha256"
                ]
            }, 
            "subcategory": "malware"
        }
    }, 
    "data_storage": {
        "saving_dir_id": "auscert_ioc_sample/2016-10-30/82b029c3-16da-4bd5-8ee7-52fddedb6def", 
        "disk_saving_strategy": "BaseDir|OriginTypeId|YYMMDD|ProcessId|Data", 
        "storage_used": 3, 
        "month_reserved": 3
    }, 
    "report_futures": {
        "url": [], 
        "ip": [], 
        "hash": [
            {
                "values": [
                    "8137fd1c6d163beb6328f5cd8d1ba37c"
                ], 
                "name": "malware_md5"
            }, 
            {
                "values": [
                    "1fd6b2d55f68f9e18c780c2fae9207d24c9a978f"
                ], 
                "name": "malware_sha1"
            }, 
            {
                "values": [
                    "74329fcd271840d395c2391b3740b202d391da2cf4bb853229ddebedf08aab86"
                ], 
                "name": "malware_sha256"
            }
        ]
    }
}