{
    "files": [
        {
            "actual_fn": "infected.zip", 
            "filename": "\"infected.zip\"", 
            "content-type": "application/x-zip-compressed", 
            "size": 7416
        }
    ], 
    "records": [
        {
            "malware_vt_report": "https://www.virustotal.com/file/ade26d3e82f8bfa4f45f03b0749ae460a59a76ecf95e8341c1f5737ae6e52c9d/analysis/1475032568", 
            "malware_sha256": "ade26d3e82f8bfa4f45f03b0749ae460a59a76ecf95e8341c1f5737ae6e52c9d", 
            "malware_md5": "13af9fd4e363c8b274361c3252b7a321", 
            "malware_size": "7353 bytes", 
            "filename": "Document_No_87717754.zip", 
            "scanned": "2016-09-28 03:16:08", 
            "malware_sha1": "6386ae0292112348d5a64a7da08a53a948bc3495"
        }
    ], 
    "_meta": {
        "tracking_code": "AUSCERT#2016d2474", 
        "dates": {
            "report": {
                "yearly": "2016", 
                "hourly": "2016-09-28-13", 
                "tz": null, 
                "monthly": "2016-09", 
                "daily": "2016-09-28", 
                "epoch": 1475041500.0, 
                "iso": "2016-09-28T13:45:00", 
                "obj": "2016-09-28T13:45:00"
            }, 
            "creating": {
                "yearly": "2016", 
                "hourly": "2016-10-31-15", 
                "tz": null, 
                "monthly": "2016-10", 
                "daily": "2016-10-31", 
                "epoch": 1477899808.0, 
                "iso": "2016-10-31T15:43:28.174498", 
                "obj": "2016-10-31T15:43:28.174498"
            }
        }, 
        "ids": {
            "origin_type_id": "auscert_ioc_sample", 
            "process_id": "db98c60d-1781-4533-87c5-24dc989689fa", 
            "saving_dir_id": "auscert_ioc_sample/2016-10-31/db98c60d-1781-4533-87c5-24dc989689fa", 
            "rule_id": "xxxxxxxxrule_id"
        }
    }, 
    "enrich": {
        "origin_type_id": "auscert_ioc_sample", 
        "origin_organization": {
            "brief_name": "AusCERT", 
            "category": "CERTS", 
            "name": "AusCERT"
        }, 
        "secret_level": "open", 
        "intelligence_type": {
            "category": "ioc", 
            "future_fields": {
                "url": [], 
                "ip": [], 
                "hash": [
                    "malware_md5", 
                    "malware_sha1", 
                    "malware_sha256"
                ]
            }, 
            "subcategory": "malware"
        }
    }, 
    "data_storage": {
        "saving_dir_id": "auscert_ioc_sample/2016-10-31/61173b8a-4b2b-4b52-a577-e53b6777d978", 
        "disk_saving_strategy": "BaseDir|OriginTypeId|YYMMDD|ProcessId|Data", 
        "storage_used": 3, 
        "month_reserved": 3
    }, 
    "report_futures": {
        "url": [], 
        "ip": [], 
        "hash": [
            {
                "values": [
                    "13af9fd4e363c8b274361c3252b7a321"
                ], 
                "name": "malware_md5"
            }, 
            {
                "values": [
                    "6386ae0292112348d5a64a7da08a53a948bc3495"
                ], 
                "name": "malware_sha1"
            }, 
            {
                "values": [
                    "ade26d3e82f8bfa4f45f03b0749ae460a59a76ecf95e8341c1f5737ae6e52c9d"
                ], 
                "name": "malware_sha256"
            }
        ]
    }
}