{
    "files": [
        {
            "actual_fn": "infected.zip", 
            "filename": "\"infected.zip\"", 
            "content-type": "application/x-zip-compressed", 
            "size": 8389
        }
    ], 
    "records": [
        {
            "malware_vt_report": "https://www.virustotal.com/file/e4471304051bce170fc234b81ae0f295d7f3cdba2e88c96385d86d07fc9ec807/analysis/1474939956", 
            "malware_sha256": "e4471304051bce170fc234b81ae0f295d7f3cdba2e88c96385d86d07fc9ec807", 
            "malware_md5": "39a94098a5feb5b1263563d656f448df", 
            "malware_size": "8343 bytes", 
            "filename": "New_Doc_538_9.pdf.zip", 
            "scanned": "2016-09-27 01:32:36", 
            "malware_sha1": "aefde6c34619e204fc7d8c35898d2a996bdf3ba2"
        }
    ], 
    "_meta": {
        "tracking_code": "AUSCERT#201689675", 
        "dates": {
            "report": {
                "yearly": "2016", 
                "hourly": "2016-09-27-10", 
                "monthly": "2016-09", 
                "daily": "2016-09-27", 
                "epoch": 1474942111.0, 
                "iso": "2016-09-27T10:08:31"
            }, 
            "creating": {
                "yearly": "2016", 
                "hourly": "2016-10-30-15", 
                "monthly": "2016-10", 
                "daily": "2016-10-30", 
                "epoch": 1477813728.0, 
                "iso": "2016-10-30T15:48:48.403258"
            }
        }, 
        "ids": {
            "origin_type_id": "auscert_ioc_sample", 
            "process_id": "8769ed98-1f64-4e13-9550-09fc2bd93baf", 
            "saving_dir_id": "auscert_ioc_sample/2016-10-30/8769ed98-1f64-4e13-9550-09fc2bd93baf", 
            "rule_id": "xxxxxxxxrule_id"
        }
    }, 
    "enrich": {
        "origin_type_id": "auscert_ioc_sample", 
        "origin_organization": {
            "brief_name": "AusCERT", 
            "category": "CERTS", 
            "name": "AusCERT"
        }, 
        "secret_level": "open", 
        "intelligence_type": {
            "category": "ioc", 
            "future_fields": {
                "url": [], 
                "ip": [], 
                "hash": [
                    "malware_md5", 
                    "malware_sha1", 
                    "malware_sha256"
                ]
            }, 
            "subcategory": "malware"
        }
    }, 
    "data_storage": {
        "saving_dir_id": "auscert_ioc_sample/2016-10-30/82b029c3-16da-4bd5-8ee7-52fddedb6def", 
        "disk_saving_strategy": "BaseDir|OriginTypeId|YYMMDD|ProcessId|Data", 
        "storage_used": 3, 
        "month_reserved": 3
    }, 
    "report_futures": {
        "url": [], 
        "ip": [], 
        "hash": [
            {
                "values": [
                    "39a94098a5feb5b1263563d656f448df"
                ], 
                "name": "malware_md5"
            }, 
            {
                "values": [
                    "aefde6c34619e204fc7d8c35898d2a996bdf3ba2"
                ], 
                "name": "malware_sha1"
            }, 
            {
                "values": [
                    "e4471304051bce170fc234b81ae0f295d7f3cdba2e88c96385d86d07fc9ec807"
                ], 
                "name": "malware_sha256"
            }
        ]
    }
}