{
    "files": [
        {
            "actual_fn": "infected.zip", 
            "filename": "\"infected.zip\"", 
            "content-type": "application/x-zip-compressed", 
            "size": 7429
        }
    ], 
    "records": [
        {
            "malware_vt_report": "https://www.virustotal.com/file/6f05bc4fe6b7d47271f8ee4321c06e3bdda590f88e8451bd56f2b9369f1912d8/analysis/1475031730", 
            "malware_sha256": "6f05bc4fe6b7d47271f8ee4321c06e3bdda590f88e8451bd56f2b9369f1912d8", 
            "malware_md5": "4ee5620c07b6d347e909b95c1e33b4f4", 
            "malware_size": "7370 bytes", 
            "filename": "Document_No_68681130.zip", 
            "scanned": "2016-09-28 03:02:10", 
            "malware_sha1": "0461fbffab24276e5876e6ed4d98a5d57c49e3a3"
        }
    ], 
    "_meta": {
        "tracking_code": "AUSCERT#201649dfb", 
        "dates": {
            "report": {
                "yearly": "2016", 
                "hourly": "2016-09-28-13", 
                "tz": null, 
                "monthly": "2016-09", 
                "daily": "2016-09-28", 
                "epoch": 1475041499.0, 
                "iso": "2016-09-28T13:44:59", 
                "obj": "2016-09-28T13:44:59"
            }, 
            "creating": {
                "yearly": "2016", 
                "hourly": "2016-10-31-15", 
                "tz": null, 
                "monthly": "2016-10", 
                "daily": "2016-10-31", 
                "epoch": 1477899807.0, 
                "iso": "2016-10-31T15:43:27.950987", 
                "obj": "2016-10-31T15:43:27.950987"
            }
        }, 
        "ids": {
            "origin_type_id": "auscert_ioc_sample", 
            "process_id": "05b70010-e633-44de-9053-099518707ed3", 
            "saving_dir_id": "auscert_ioc_sample/2016-10-31/05b70010-e633-44de-9053-099518707ed3", 
            "rule_id": "xxxxxxxxrule_id"
        }
    }, 
    "enrich": {
        "origin_type_id": "auscert_ioc_sample", 
        "origin_organization": {
            "brief_name": "AusCERT", 
            "category": "CERTS", 
            "name": "AusCERT"
        }, 
        "secret_level": "open", 
        "intelligence_type": {
            "category": "ioc", 
            "future_fields": {
                "url": [], 
                "ip": [], 
                "hash": [
                    "malware_md5", 
                    "malware_sha1", 
                    "malware_sha256"
                ]
            }, 
            "subcategory": "malware"
        }
    }, 
    "data_storage": {
        "saving_dir_id": "auscert_ioc_sample/2016-10-31/61173b8a-4b2b-4b52-a577-e53b6777d978", 
        "disk_saving_strategy": "BaseDir|OriginTypeId|YYMMDD|ProcessId|Data", 
        "storage_used": 3, 
        "month_reserved": 3
    }, 
    "report_futures": {
        "url": [], 
        "ip": [], 
        "hash": [
            {
                "values": [
                    "4ee5620c07b6d347e909b95c1e33b4f4"
                ], 
                "name": "malware_md5"
            }, 
            {
                "values": [
                    "0461fbffab24276e5876e6ed4d98a5d57c49e3a3"
                ], 
                "name": "malware_sha1"
            }, 
            {
                "values": [
                    "6f05bc4fe6b7d47271f8ee4321c06e3bdda590f88e8451bd56f2b9369f1912d8"
                ], 
                "name": "malware_sha256"
            }
        ]
    }
}