{
    "files": [
        {
            "actual_fn": "infected.zip", 
            "filename": "\"infected.zip\"", 
            "content-type": "application/x-zip-compressed", 
            "size": 10732
        }
    ], 
    "records": [
        {
            "malware_vt_report": "https://www.virustotal.com/file/f35e83078c0aec68fb6a97f7b9801e18537ad18f4adb3388c47e7240e87569c5/analysis/1475195516", 
            "malware_sha256": "f35e83078c0aec68fb6a97f7b9801e18537ad18f4adb3388c47e7240e87569c5", 
            "malware_md5": "b5a27ec5b4560bee62dcbab035cbbbb7", 
            "malware_size": "10763 bytes", 
            "filename": "transaction_copy_c82181d.zip", 
            "scanned": "2016-09-30 00:31:56", 
            "malware_sha1": "4e19819c4606c5a60cffc5933a3031cc444b476e"
        }
    ], 
    "_meta": {
        "tracking_code": "AUSCERT#2016c8a97", 
        "dates": {
            "report": {
                "yearly": "2016", 
                "hourly": "2016-09-30-08", 
                "tz": null, 
                "monthly": "2016-09", 
                "daily": "2016-09-30", 
                "epoch": 1475196343.0, 
                "iso": "2016-09-30T08:45:43", 
                "obj": "2016-09-30T08:45:43"
            }, 
            "creating": {
                "yearly": "2016", 
                "hourly": "2016-10-31-15", 
                "tz": null, 
                "monthly": "2016-10", 
                "daily": "2016-10-31", 
                "epoch": 1477899809.0, 
                "iso": "2016-10-31T15:43:29.965801", 
                "obj": "2016-10-31T15:43:29.965801"
            }
        }, 
        "ids": {
            "origin_type_id": "auscert_ioc_sample", 
            "process_id": "11e20d13-4f1c-4eeb-b2ac-694b464392a7", 
            "saving_dir_id": "auscert_ioc_sample/2016-10-31/11e20d13-4f1c-4eeb-b2ac-694b464392a7", 
            "rule_id": "xxxxxxxxrule_id"
        }
    }, 
    "enrich": {
        "origin_type_id": "auscert_ioc_sample", 
        "origin_organization": {
            "brief_name": "AusCERT", 
            "category": "CERTS", 
            "name": "AusCERT"
        }, 
        "secret_level": "open", 
        "intelligence_type": {
            "category": "ioc", 
            "future_fields": {
                "url": [], 
                "ip": [], 
                "hash": [
                    "malware_md5", 
                    "malware_sha1", 
                    "malware_sha256"
                ]
            }, 
            "subcategory": "malware"
        }
    }, 
    "data_storage": {
        "saving_dir_id": "auscert_ioc_sample/2016-10-31/61173b8a-4b2b-4b52-a577-e53b6777d978", 
        "disk_saving_strategy": "BaseDir|OriginTypeId|YYMMDD|ProcessId|Data", 
        "storage_used": 3, 
        "month_reserved": 3
    }, 
    "report_futures": {
        "url": [], 
        "ip": [], 
        "hash": [
            {
                "values": [
                    "b5a27ec5b4560bee62dcbab035cbbbb7"
                ], 
                "name": "malware_md5"
            }, 
            {
                "values": [
                    "4e19819c4606c5a60cffc5933a3031cc444b476e"
                ], 
                "name": "malware_sha1"
            }, 
            {
                "values": [
                    "f35e83078c0aec68fb6a97f7b9801e18537ad18f4adb3388c47e7240e87569c5"
                ], 
                "name": "malware_sha256"
            }
        ]
    }
}