{
    "files": [
        {
            "actual_fn": "infected.zip", 
            "filename": "\"infected.zip\"", 
            "content-type": "application/x-zip-compressed", 
            "size": 8619
        }
    ], 
    "records": [
        {
            "malware_vt_report": "https://www.virustotal.com/file/c9ebe55d9b50fed13a1c645c81083e7fe4ac29320a34bc15c9d648605c179f25/analysis/1475197273", 
            "malware_sha256": "c9ebe55d9b50fed13a1c645c81083e7fe4ac29320a34bc15c9d648605c179f25", 
            "malware_md5": "ff308476988fb706446e209ea4a94084", 
            "malware_size": "8590 bytes", 
            "filename": "4077587053328.zip", 
            "scanned": "2016-09-30 01:01:13", 
            "malware_sha1": "6899830d0e3e2806cd3a291eeb1de9f180be5b1f"
        }
    ], 
    "_meta": {
        "tracking_code": "AUSCERT#2016f5a8d", 
        "dates": {
            "report": {
                "yearly": "2016", 
                "hourly": "2016-09-30-09", 
                "monthly": "2016-09", 
                "daily": "2016-09-30", 
                "epoch": 1475198817.0, 
                "iso": "2016-09-30T09:26:57"
            }, 
            "creating": {
                "yearly": "2016", 
                "hourly": "2016-10-30-15", 
                "monthly": "2016-10", 
                "daily": "2016-10-30", 
                "epoch": 1477813737.0, 
                "iso": "2016-10-30T15:48:57.958985"
            }
        }, 
        "ids": {
            "origin_type_id": "auscert_ioc_sample", 
            "process_id": "32ef57b0-2065-42b7-ac37-461f1a34e35d", 
            "saving_dir_id": "auscert_ioc_sample/2016-10-30/32ef57b0-2065-42b7-ac37-461f1a34e35d", 
            "rule_id": "xxxxxxxxrule_id"
        }
    }, 
    "enrich": {
        "origin_type_id": "auscert_ioc_sample", 
        "origin_organization": {
            "brief_name": "AusCERT", 
            "category": "CERTS", 
            "name": "AusCERT"
        }, 
        "secret_level": "open", 
        "intelligence_type": {
            "category": "ioc", 
            "future_fields": {
                "url": [], 
                "ip": [], 
                "hash": [
                    "malware_md5", 
                    "malware_sha1", 
                    "malware_sha256"
                ]
            }, 
            "subcategory": "malware"
        }
    }, 
    "data_storage": {
        "saving_dir_id": "auscert_ioc_sample/2016-10-30/82b029c3-16da-4bd5-8ee7-52fddedb6def", 
        "disk_saving_strategy": "BaseDir|OriginTypeId|YYMMDD|ProcessId|Data", 
        "storage_used": 3, 
        "month_reserved": 3
    }, 
    "report_futures": {
        "url": [], 
        "ip": [], 
        "hash": [
            {
                "values": [
                    "ff308476988fb706446e209ea4a94084"
                ], 
                "name": "malware_md5"
            }, 
            {
                "values": [
                    "6899830d0e3e2806cd3a291eeb1de9f180be5b1f"
                ], 
                "name": "malware_sha1"
            }, 
            {
                "values": [
                    "c9ebe55d9b50fed13a1c645c81083e7fe4ac29320a34bc15c9d648605c179f25"
                ], 
                "name": "malware_sha256"
            }
        ]
    }
}