{
    "files": [
        {
            "actual_fn": "infected.zip", 
            "filename": "\"infected.zip\"", 
            "content-type": "application/x-zip-compressed", 
            "size": 8400
        }
    ], 
    "records": [
        {
            "malware_vt_report": "https://www.virustotal.com/file/9770a16cff519c7560ac0042379ced024578f5775591bac5885e82db4cd40dfb/analysis/1474933242", 
            "malware_sha256": "9770a16cff519c7560ac0042379ced024578f5775591bac5885e82db4cd40dfb", 
            "malware_md5": "8a3f07d85f3c2a75fabc08f1e7b246f5", 
            "malware_size": "8358 bytes", 
            "filename": "new_doc%28383%29.zip", 
            "scanned": "2016-09-26 23:40:42", 
            "malware_sha1": "6e92142eca976195fbdddefe6e58a850923a776b"
        }
    ], 
    "_meta": {
        "tracking_code": "AUSCERT#2016b1e86", 
        "dates": {
            "report": {
                "yearly": "2016", 
                "hourly": "2016-09-27-07", 
                "monthly": "2016-09", 
                "daily": "2016-09-27", 
                "epoch": 1474933468.0, 
                "iso": "2016-09-27T07:44:28"
            }, 
            "creating": {
                "yearly": "2016", 
                "hourly": "2016-10-30-15", 
                "monthly": "2016-10", 
                "daily": "2016-10-30", 
                "epoch": 1477813726.0, 
                "iso": "2016-10-30T15:48:46.877570"
            }
        }, 
        "ids": {
            "origin_type_id": "auscert_ioc_sample", 
            "process_id": "65f79fc0-ee2e-48f3-9f09-98ea7c313161", 
            "saving_dir_id": "auscert_ioc_sample/2016-10-30/65f79fc0-ee2e-48f3-9f09-98ea7c313161", 
            "rule_id": "xxxxxxxxrule_id"
        }
    }, 
    "enrich": {
        "origin_type_id": "auscert_ioc_sample", 
        "origin_organization": {
            "brief_name": "AusCERT", 
            "category": "CERTS", 
            "name": "AusCERT"
        }, 
        "secret_level": "open", 
        "intelligence_type": {
            "category": "ioc", 
            "future_fields": {
                "url": [], 
                "ip": [], 
                "hash": [
                    "malware_md5", 
                    "malware_sha1", 
                    "malware_sha256"
                ]
            }, 
            "subcategory": "malware"
        }
    }, 
    "data_storage": {
        "saving_dir_id": "auscert_ioc_sample/2016-10-30/82b029c3-16da-4bd5-8ee7-52fddedb6def", 
        "disk_saving_strategy": "BaseDir|OriginTypeId|YYMMDD|ProcessId|Data", 
        "storage_used": 3, 
        "month_reserved": 3
    }, 
    "report_futures": {
        "url": [], 
        "ip": [], 
        "hash": [
            {
                "values": [
                    "8a3f07d85f3c2a75fabc08f1e7b246f5"
                ], 
                "name": "malware_md5"
            }, 
            {
                "values": [
                    "6e92142eca976195fbdddefe6e58a850923a776b"
                ], 
                "name": "malware_sha1"
            }, 
            {
                "values": [
                    "9770a16cff519c7560ac0042379ced024578f5775591bac5885e82db4cd40dfb"
                ], 
                "name": "malware_sha256"
            }
        ]
    }
}