{
    "files": [
        {
            "actual_fn": "infected.zip", 
            "filename": "\"infected.zip\"", 
            "content-type": "application/x-zip-compressed", 
            "size": 8162
        }
    ], 
    "records": [
        {
            "malware_vt_report": "https://www.virustotal.com/file/070d66862a48936ec25fa1f0516da227e8e552ce9b690ab927058907c2bcfe93/analysis/1475691766", 
            "malware_sha256": "070d66862a48936ec25fa1f0516da227e8e552ce9b690ab927058907c2bcfe93", 
            "malware_md5": "d9c89315146acdac7af66f59bf83d470", 
            "malware_size": "8111 bytes", 
            "filename": "Document_592.zip", 
            "scanned": "2016-10-05 18:22:46", 
            "malware_sha1": "9541888d44a3c39e0b8df93a2fd6bae7fc122476"
        }
    ], 
    "_meta": {
        "tracking_code": "AUSCERT#201657d1c", 
        "dates": {
            "report": {
                "yearly": "2016", 
                "hourly": "2016-10-08-07", 
                "tz": null, 
                "monthly": "2016-10", 
                "daily": "2016-10-08", 
                "epoch": 1475883626.0, 
                "iso": "2016-10-08T07:40:26", 
                "obj": "2016-10-08T07:40:26"
            }, 
            "creating": {
                "yearly": "2016", 
                "hourly": "2016-10-31-15", 
                "tz": null, 
                "monthly": "2016-10", 
                "daily": "2016-10-31", 
                "epoch": 1477899832.0, 
                "iso": "2016-10-31T15:43:52.956124", 
                "obj": "2016-10-31T15:43:52.956124"
            }
        }, 
        "ids": {
            "origin_type_id": "auscert_ioc_sample", 
            "process_id": "07f648e8-43d2-4fc1-b3f5-8875acf786b4", 
            "saving_dir_id": "auscert_ioc_sample/2016-10-31/07f648e8-43d2-4fc1-b3f5-8875acf786b4", 
            "rule_id": "xxxxxxxxrule_id"
        }
    }, 
    "enrich": {
        "origin_type_id": "auscert_ioc_sample", 
        "origin_organization": {
            "brief_name": "AusCERT", 
            "category": "CERTS", 
            "name": "AusCERT"
        }, 
        "secret_level": "open", 
        "intelligence_type": {
            "category": "ioc", 
            "future_fields": {
                "url": [], 
                "ip": [], 
                "hash": [
                    "malware_md5", 
                    "malware_sha1", 
                    "malware_sha256"
                ]
            }, 
            "subcategory": "malware"
        }
    }, 
    "data_storage": {
        "saving_dir_id": "auscert_ioc_sample/2016-10-31/61173b8a-4b2b-4b52-a577-e53b6777d978", 
        "disk_saving_strategy": "BaseDir|OriginTypeId|YYMMDD|ProcessId|Data", 
        "storage_used": 3, 
        "month_reserved": 3
    }, 
    "report_futures": {
        "url": [], 
        "ip": [], 
        "hash": [
            {
                "values": [
                    "d9c89315146acdac7af66f59bf83d470"
                ], 
                "name": "malware_md5"
            }, 
            {
                "values": [
                    "9541888d44a3c39e0b8df93a2fd6bae7fc122476"
                ], 
                "name": "malware_sha1"
            }, 
            {
                "values": [
                    "070d66862a48936ec25fa1f0516da227e8e552ce9b690ab927058907c2bcfe93"
                ], 
                "name": "malware_sha256"
            }
        ]
    }
}