{
    "files": [
        {
            "actual_fn": "infected.zip", 
            "filename": "\"infected.zip\"", 
            "content-type": "application/x-zip-compressed", 
            "size": 10733
        }
    ], 
    "records": [
        {
            "malware_vt_report": "https://www.virustotal.com/file/0303846c545d8ae7aa881a58b4dad1109ae10a8682500c8b2a520ca22a74f7e7/analysis/1475184877", 
            "malware_sha256": "0303846c545d8ae7aa881a58b4dad1109ae10a8682500c8b2a520ca22a74f7e7", 
            "malware_md5": "944bd224cfc355fc75b2565a2d8eb56b", 
            "malware_size": "10944 bytes", 
            "filename": "transaction_copy_8348592ed.zip", 
            "scanned": "2016-09-29 21:34:37", 
            "malware_sha1": "505e1b7a7a9f8bda1bec1e2cca4b5a8077259526"
        }
    ], 
    "_meta": {
        "tracking_code": "AUSCERT#20162e561", 
        "dates": {
            "report": {
                "yearly": "2016", 
                "hourly": "2016-09-30-08", 
                "tz": null, 
                "monthly": "2016-09", 
                "daily": "2016-09-30", 
                "epoch": 1475196347.0, 
                "iso": "2016-09-30T08:45:47", 
                "obj": "2016-09-30T08:45:47"
            }, 
            "creating": {
                "yearly": "2016", 
                "hourly": "2016-10-31-15", 
                "tz": null, 
                "monthly": "2016-10", 
                "daily": "2016-10-31", 
                "epoch": 1477899810.0, 
                "iso": "2016-10-31T15:43:30.854198", 
                "obj": "2016-10-31T15:43:30.854198"
            }
        }, 
        "ids": {
            "origin_type_id": "auscert_ioc_sample", 
            "process_id": "1875ea19-87be-4dc7-89cf-5082afd43766", 
            "saving_dir_id": "auscert_ioc_sample/2016-10-31/1875ea19-87be-4dc7-89cf-5082afd43766", 
            "rule_id": "xxxxxxxxrule_id"
        }
    }, 
    "enrich": {
        "origin_type_id": "auscert_ioc_sample", 
        "origin_organization": {
            "brief_name": "AusCERT", 
            "category": "CERTS", 
            "name": "AusCERT"
        }, 
        "secret_level": "open", 
        "intelligence_type": {
            "category": "ioc", 
            "future_fields": {
                "url": [], 
                "ip": [], 
                "hash": [
                    "malware_md5", 
                    "malware_sha1", 
                    "malware_sha256"
                ]
            }, 
            "subcategory": "malware"
        }
    }, 
    "data_storage": {
        "saving_dir_id": "auscert_ioc_sample/2016-10-31/61173b8a-4b2b-4b52-a577-e53b6777d978", 
        "disk_saving_strategy": "BaseDir|OriginTypeId|YYMMDD|ProcessId|Data", 
        "storage_used": 3, 
        "month_reserved": 3
    }, 
    "report_futures": {
        "url": [], 
        "ip": [], 
        "hash": [
            {
                "values": [
                    "944bd224cfc355fc75b2565a2d8eb56b"
                ], 
                "name": "malware_md5"
            }, 
            {
                "values": [
                    "505e1b7a7a9f8bda1bec1e2cca4b5a8077259526"
                ], 
                "name": "malware_sha1"
            }, 
            {
                "values": [
                    "0303846c545d8ae7aa881a58b4dad1109ae10a8682500c8b2a520ca22a74f7e7"
                ], 
                "name": "malware_sha256"
            }
        ]
    }
}