{
    "files": [
        {
            "actual_fn": "infected.zip", 
            "filename": "\"infected.zip\"", 
            "content-type": "application/x-zip-compressed", 
            "size": 10681
        }
    ], 
    "records": [
        {
            "malware_vt_report": "https://www.virustotal.com/file/429712243e0ab6902d81499ea9b7b40ecc210e9c2972faa68d2e1d70b8fc8549/analysis/1475192285", 
            "malware_sha256": "429712243e0ab6902d81499ea9b7b40ecc210e9c2972faa68d2e1d70b8fc8549", 
            "malware_md5": "e09e5b4b3b7c16129869469a0fc4b099", 
            "malware_size": "10729 bytes", 
            "filename": "transaction_copy_13546f5d.zip", 
            "scanned": "2016-09-29 23:38:05", 
            "malware_sha1": "f7051056c1014a35d147876163a3276ebab52cd8"
        }
    ], 
    "_meta": {
        "tracking_code": "AUSCERT#2016ee134", 
        "dates": {
            "report": {
                "yearly": "2016", 
                "hourly": "2016-09-30-08", 
                "monthly": "2016-09", 
                "daily": "2016-09-30", 
                "epoch": 1475196352.0, 
                "iso": "2016-09-30T08:45:52"
            }, 
            "creating": {
                "yearly": "2016", 
                "hourly": "2016-10-30-15", 
                "monthly": "2016-10", 
                "daily": "2016-10-30", 
                "epoch": 1477813735.0, 
                "iso": "2016-10-30T15:48:55.965842"
            }
        }, 
        "ids": {
            "origin_type_id": "auscert_ioc_sample", 
            "process_id": "09c5ee42-0cbd-480d-9dbd-6b9d93b6822f", 
            "saving_dir_id": "auscert_ioc_sample/2016-10-30/09c5ee42-0cbd-480d-9dbd-6b9d93b6822f", 
            "rule_id": "xxxxxxxxrule_id"
        }
    }, 
    "enrich": {
        "origin_type_id": "auscert_ioc_sample", 
        "origin_organization": {
            "brief_name": "AusCERT", 
            "category": "CERTS", 
            "name": "AusCERT"
        }, 
        "secret_level": "open", 
        "intelligence_type": {
            "category": "ioc", 
            "future_fields": {
                "url": [], 
                "ip": [], 
                "hash": [
                    "malware_md5", 
                    "malware_sha1", 
                    "malware_sha256"
                ]
            }, 
            "subcategory": "malware"
        }
    }, 
    "data_storage": {
        "saving_dir_id": "auscert_ioc_sample/2016-10-30/82b029c3-16da-4bd5-8ee7-52fddedb6def", 
        "disk_saving_strategy": "BaseDir|OriginTypeId|YYMMDD|ProcessId|Data", 
        "storage_used": 3, 
        "month_reserved": 3
    }, 
    "report_futures": {
        "url": [], 
        "ip": [], 
        "hash": [
            {
                "values": [
                    "e09e5b4b3b7c16129869469a0fc4b099"
                ], 
                "name": "malware_md5"
            }, 
            {
                "values": [
                    "f7051056c1014a35d147876163a3276ebab52cd8"
                ], 
                "name": "malware_sha1"
            }, 
            {
                "values": [
                    "429712243e0ab6902d81499ea9b7b40ecc210e9c2972faa68d2e1d70b8fc8549"
                ], 
                "name": "malware_sha256"
            }
        ]
    }
}