{
    "files": [
        {
            "actual_fn": "infected.zip", 
            "filename": "\"infected.zip\"", 
            "content-type": "application/x-zip-compressed", 
            "size": 8110
        }
    ], 
    "records": [
        {
            "malware_vt_report": "https://www.virustotal.com/file/8d91819e7559e1eff6cfb7e3a437bdc10218d1876c6796aab29cdd70e5d56b80/analysis/1475760423", 
            "malware_sha256": "8d91819e7559e1eff6cfb7e3a437bdc10218d1876c6796aab29cdd70e5d56b80", 
            "malware_md5": "b830fa8338b7c01ed3dd469d840f594c", 
            "malware_size": "8051 bytes", 
            "filename": "Receipt_882-1601.zip", 
            "scanned": "2016-10-06 13:27:03", 
            "malware_sha1": "3b33c4fa3a66423f32393de51aa2bcc1f9edd9f0"
        }
    ], 
    "_meta": {
        "tracking_code": "AUSCERT#201630c0a", 
        "dates": {
            "report": {
                "yearly": "2016", 
                "hourly": "2016-10-08-07", 
                "monthly": "2016-10", 
                "daily": "2016-10-08", 
                "epoch": 1475883617.0, 
                "iso": "2016-10-08T07:40:17"
            }, 
            "creating": {
                "yearly": "2016", 
                "hourly": "2016-10-30-15", 
                "monthly": "2016-10", 
                "daily": "2016-10-30", 
                "epoch": 1477813751.0, 
                "iso": "2016-10-30T15:49:11.686209"
            }
        }, 
        "ids": {
            "origin_type_id": "auscert_ioc_sample", 
            "process_id": "da0e5d58-203d-4d7e-9b83-a4f993f560c0", 
            "saving_dir_id": "auscert_ioc_sample/2016-10-30/da0e5d58-203d-4d7e-9b83-a4f993f560c0", 
            "rule_id": "xxxxxxxxrule_id"
        }
    }, 
    "enrich": {
        "origin_type_id": "auscert_ioc_sample", 
        "origin_organization": {
            "brief_name": "AusCERT", 
            "category": "CERTS", 
            "name": "AusCERT"
        }, 
        "secret_level": "open", 
        "intelligence_type": {
            "category": "ioc", 
            "future_fields": {
                "url": [], 
                "ip": [], 
                "hash": [
                    "malware_md5", 
                    "malware_sha1", 
                    "malware_sha256"
                ]
            }, 
            "subcategory": "malware"
        }
    }, 
    "data_storage": {
        "saving_dir_id": "auscert_ioc_sample/2016-10-30/82b029c3-16da-4bd5-8ee7-52fddedb6def", 
        "disk_saving_strategy": "BaseDir|OriginTypeId|YYMMDD|ProcessId|Data", 
        "storage_used": 3, 
        "month_reserved": 3
    }, 
    "report_futures": {
        "url": [], 
        "ip": [], 
        "hash": [
            {
                "values": [
                    "b830fa8338b7c01ed3dd469d840f594c"
                ], 
                "name": "malware_md5"
            }, 
            {
                "values": [
                    "3b33c4fa3a66423f32393de51aa2bcc1f9edd9f0"
                ], 
                "name": "malware_sha1"
            }, 
            {
                "values": [
                    "8d91819e7559e1eff6cfb7e3a437bdc10218d1876c6796aab29cdd70e5d56b80"
                ], 
                "name": "malware_sha256"
            }
        ]
    }
}