{
    "files": [
        {
            "actual_fn": "infected.zip", 
            "filename": "\"infected.zip\"", 
            "content-type": "application/x-zip-compressed", 
            "size": 8133
        }
    ], 
    "records": [
        {
            "malware_vt_report": "https://www.virustotal.com/file/9a772df1f4d9e8697ef8d39e905a32a56f7e90538c9906f272f65881e875bb03/analysis/1475687324", 
            "malware_sha256": "9a772df1f4d9e8697ef8d39e905a32a56f7e90538c9906f272f65881e875bb03", 
            "malware_md5": "9b8466f3f0b06e654289796605163d01", 
            "malware_size": "8083 bytes", 
            "filename": "IMG_3.zip", 
            "scanned": "2016-10-05 17:08:44", 
            "malware_sha1": "0dd151483e020ac6995dad9c5e180545b9ca74db"
        }
    ], 
    "_meta": {
        "tracking_code": "AUSCERT#2016cab74", 
        "dates": {
            "report": {
                "yearly": "2016", 
                "hourly": "2016-10-08-07", 
                "tz": null, 
                "monthly": "2016-10", 
                "daily": "2016-10-08", 
                "epoch": 1475883631.0, 
                "iso": "2016-10-08T07:40:31", 
                "obj": "2016-10-08T07:40:31"
            }, 
            "creating": {
                "yearly": "2016", 
                "hourly": "2016-10-31-15", 
                "tz": null, 
                "monthly": "2016-10", 
                "daily": "2016-10-31", 
                "epoch": 1477899834.0, 
                "iso": "2016-10-31T15:43:54.221262", 
                "obj": "2016-10-31T15:43:54.221262"
            }
        }, 
        "ids": {
            "origin_type_id": "auscert_ioc_sample", 
            "process_id": "daa77c63-9bd6-4467-b91c-00ed270ed710", 
            "saving_dir_id": "auscert_ioc_sample/2016-10-31/daa77c63-9bd6-4467-b91c-00ed270ed710", 
            "rule_id": "xxxxxxxxrule_id"
        }
    }, 
    "enrich": {
        "origin_type_id": "auscert_ioc_sample", 
        "origin_organization": {
            "brief_name": "AusCERT", 
            "category": "CERTS", 
            "name": "AusCERT"
        }, 
        "secret_level": "open", 
        "intelligence_type": {
            "category": "ioc", 
            "future_fields": {
                "url": [], 
                "ip": [], 
                "hash": [
                    "malware_md5", 
                    "malware_sha1", 
                    "malware_sha256"
                ]
            }, 
            "subcategory": "malware"
        }
    }, 
    "data_storage": {
        "saving_dir_id": "auscert_ioc_sample/2016-10-31/61173b8a-4b2b-4b52-a577-e53b6777d978", 
        "disk_saving_strategy": "BaseDir|OriginTypeId|YYMMDD|ProcessId|Data", 
        "storage_used": 3, 
        "month_reserved": 3
    }, 
    "report_futures": {
        "url": [], 
        "ip": [], 
        "hash": [
            {
                "values": [
                    "9b8466f3f0b06e654289796605163d01"
                ], 
                "name": "malware_md5"
            }, 
            {
                "values": [
                    "0dd151483e020ac6995dad9c5e180545b9ca74db"
                ], 
                "name": "malware_sha1"
            }, 
            {
                "values": [
                    "9a772df1f4d9e8697ef8d39e905a32a56f7e90538c9906f272f65881e875bb03"
                ], 
                "name": "malware_sha256"
            }
        ]
    }
}