{
    "files": [
        {
            "actual_fn": "infected.zip", 
            "filename": "\"infected.zip\"", 
            "content-type": "application/x-zip-compressed", 
            "size": 51455
        }
    ], 
    "records": [
        {
            "malware_vt_report": "https://www.virustotal.com/file/fb0b8bfad14207df960cc16325b29b1f8e65ef0330d4fbc6fffad1c7dae679ed/analysis/1475504030", 
            "malware_sha256": "fb0b8bfad14207df960cc16325b29b1f8e65ef0330d4fbc6fffad1c7dae679ed", 
            "malware_md5": "0294d1660dbff7624f87aca5c980959c", 
            "malware_size": "10905 bytes", 
            "filename": "paperwork_scan_6bc99fc.zip", 
            "scanned": "2016-10-03 14:13:50", 
            "malware_sha1": "b9f64512c90d4c7ee76b7771b870cf60eb074dda"
        }, 
        {
            "malware_vt_report": "https://www.virustotal.com/file/857ab742c16ecadaabf2085bb79249d6832cf6675679e7e6889670fb90412143/analysis/1475502644", 
            "malware_sha256": "857ab742c16ecadaabf2085bb79249d6832cf6675679e7e6889670fb90412143", 
            "malware_md5": "85e429602e983d2ca18351a48eca0294", 
            "malware_size": "10998 bytes", 
            "filename": "paperwork_scan_e8bc217.zip", 
            "scanned": "2016-10-03 13:50:44", 
            "malware_sha1": "94bd67d707306c685206f320621a7036bbe04d6a"
        }, 
        {
            "malware_vt_report": "https://www.virustotal.com/file/a52f18ef9632264f8c41365d2b90cf6ff1ab33416cccac71d8d59838775dd359/analysis/1475499735", 
            "malware_sha256": "a52f18ef9632264f8c41365d2b90cf6ff1ab33416cccac71d8d59838775dd359", 
            "malware_md5": "b37132adc06eb8315b63ddd1c3b00760", 
            "malware_size": "11051 bytes", 
            "filename": "paperwork_scan_5e2405e.zip", 
            "scanned": "2016-10-03 13:02:15", 
            "malware_sha1": "4e24fdf113bd758d1bcec6b8c0686d87fcbbdece"
        }, 
        {
            "malware_vt_report": "https://www.virustotal.com/file/a806275243a195ba51e064475c30b6c1603b1553677b8f1bf0d6014dd6c672f1/analysis/1475503900", 
            "malware_sha256": "a806275243a195ba51e064475c30b6c1603b1553677b8f1bf0d6014dd6c672f1", 
            "malware_md5": "0fc5b0598241ed903f8b7e3bdbca57d6", 
            "malware_size": "10872 bytes", 
            "filename": "paperwork_scan_cd4b25b0.zip", 
            "scanned": "2016-10-03 14:11:40", 
            "malware_sha1": "203872fd7671d47bedb21e2e36f657f9fd0d0020"
        }
    ], 
    "_meta": {
        "tracking_code": "AUSCERT#2016248bb", 
        "dates": {
            "report": {
                "yearly": "2016", 
                "hourly": "2016-10-08-07", 
                "monthly": "2016-10", 
                "daily": "2016-10-08", 
                "epoch": 1475883604.0, 
                "iso": "2016-10-08T07:40:04"
            }, 
            "creating": {
                "yearly": "2016", 
                "hourly": "2016-10-30-15", 
                "monthly": "2016-10", 
                "daily": "2016-10-30", 
                "epoch": 1477813747.0, 
                "iso": "2016-10-30T15:49:07.918160"
            }
        }, 
        "ids": {
            "origin_type_id": "auscert_ioc_sample", 
            "process_id": "5000e071-8b87-43df-ad4e-92a8b59a1e38", 
            "saving_dir_id": "auscert_ioc_sample/2016-10-30/5000e071-8b87-43df-ad4e-92a8b59a1e38", 
            "rule_id": "xxxxxxxxrule_id"
        }
    }, 
    "enrich": {
        "origin_type_id": "auscert_ioc_sample", 
        "origin_organization": {
            "brief_name": "AusCERT", 
            "category": "CERTS", 
            "name": "AusCERT"
        }, 
        "secret_level": "open", 
        "intelligence_type": {
            "category": "ioc", 
            "future_fields": {
                "url": [], 
                "ip": [], 
                "hash": [
                    "malware_md5", 
                    "malware_sha1", 
                    "malware_sha256"
                ]
            }, 
            "subcategory": "malware"
        }
    }, 
    "data_storage": {
        "saving_dir_id": "auscert_ioc_sample/2016-10-30/82b029c3-16da-4bd5-8ee7-52fddedb6def", 
        "disk_saving_strategy": "BaseDir|OriginTypeId|YYMMDD|ProcessId|Data", 
        "storage_used": 3, 
        "month_reserved": 3
    }, 
    "report_futures": {
        "url": [], 
        "ip": [], 
        "hash": [
            {
                "values": [
                    "0294d1660dbff7624f87aca5c980959c", 
                    "85e429602e983d2ca18351a48eca0294", 
                    "b37132adc06eb8315b63ddd1c3b00760", 
                    "0fc5b0598241ed903f8b7e3bdbca57d6"
                ], 
                "name": "malware_md5"
            }, 
            {
                "values": [
                    "b9f64512c90d4c7ee76b7771b870cf60eb074dda", 
                    "94bd67d707306c685206f320621a7036bbe04d6a", 
                    "4e24fdf113bd758d1bcec6b8c0686d87fcbbdece", 
                    "203872fd7671d47bedb21e2e36f657f9fd0d0020"
                ], 
                "name": "malware_sha1"
            }, 
            {
                "values": [
                    "fb0b8bfad14207df960cc16325b29b1f8e65ef0330d4fbc6fffad1c7dae679ed", 
                    "857ab742c16ecadaabf2085bb79249d6832cf6675679e7e6889670fb90412143", 
                    "a52f18ef9632264f8c41365d2b90cf6ff1ab33416cccac71d8d59838775dd359", 
                    "a806275243a195ba51e064475c30b6c1603b1553677b8f1bf0d6014dd6c672f1"
                ], 
                "name": "malware_sha256"
            }
        ]
    }
}