{
    "files": [
        {
            "actual_fn": "infected.zip", 
            "filename": "\"infected.zip\"", 
            "content-type": "application/x-zip-compressed", 
            "size": 10719
        }
    ], 
    "records": [
        {
            "malware_vt_report": "https://www.virustotal.com/file/9d167cf98443a38112c5b1548f2807373d6d67d223fb9845db70cf801ceb5c63/analysis/1475157502", 
            "malware_sha256": "9d167cf98443a38112c5b1548f2807373d6d67d223fb9845db70cf801ceb5c63", 
            "malware_md5": "bab188dcf6bfed5280d8573d3a0a8441", 
            "malware_size": "10721 bytes", 
            "filename": "debit_card_8069e99f.zip", 
            "scanned": "2016-09-29 13:58:22", 
            "malware_sha1": "925dc3a9ec6c1d85c13da2d7e1a3d405bb061a2e"
        }
    ], 
    "_meta": {
        "tracking_code": "AUSCERT#201665da2", 
        "dates": {
            "report": {
                "yearly": "2016", 
                "hourly": "2016-09-30-08", 
                "tz": null, 
                "monthly": "2016-09", 
                "daily": "2016-09-30", 
                "epoch": 1475196349.0, 
                "iso": "2016-09-30T08:45:49", 
                "obj": "2016-09-30T08:45:49"
            }, 
            "creating": {
                "yearly": "2016", 
                "hourly": "2016-10-31-15", 
                "tz": null, 
                "monthly": "2016-10", 
                "daily": "2016-10-31", 
                "epoch": 1477899811.0, 
                "iso": "2016-10-31T15:43:31.285037", 
                "obj": "2016-10-31T15:43:31.285037"
            }
        }, 
        "ids": {
            "origin_type_id": "auscert_ioc_sample", 
            "process_id": "0f462cf3-5058-462c-8e7d-f30a9e93d96a", 
            "saving_dir_id": "auscert_ioc_sample/2016-10-31/0f462cf3-5058-462c-8e7d-f30a9e93d96a", 
            "rule_id": "xxxxxxxxrule_id"
        }
    }, 
    "enrich": {
        "origin_type_id": "auscert_ioc_sample", 
        "origin_organization": {
            "brief_name": "AusCERT", 
            "category": "CERTS", 
            "name": "AusCERT"
        }, 
        "secret_level": "open", 
        "intelligence_type": {
            "category": "ioc", 
            "future_fields": {
                "url": [], 
                "ip": [], 
                "hash": [
                    "malware_md5", 
                    "malware_sha1", 
                    "malware_sha256"
                ]
            }, 
            "subcategory": "malware"
        }
    }, 
    "data_storage": {
        "saving_dir_id": "auscert_ioc_sample/2016-10-31/61173b8a-4b2b-4b52-a577-e53b6777d978", 
        "disk_saving_strategy": "BaseDir|OriginTypeId|YYMMDD|ProcessId|Data", 
        "storage_used": 3, 
        "month_reserved": 3
    }, 
    "report_futures": {
        "url": [], 
        "ip": [], 
        "hash": [
            {
                "values": [
                    "bab188dcf6bfed5280d8573d3a0a8441"
                ], 
                "name": "malware_md5"
            }, 
            {
                "values": [
                    "925dc3a9ec6c1d85c13da2d7e1a3d405bb061a2e"
                ], 
                "name": "malware_sha1"
            }, 
            {
                "values": [
                    "9d167cf98443a38112c5b1548f2807373d6d67d223fb9845db70cf801ceb5c63"
                ], 
                "name": "malware_sha256"
            }
        ]
    }
}