{
    "files": [
        {
            "actual_fn": "infected.zip", 
            "filename": "\"infected.zip\"", 
            "content-type": "application/x-zip-compressed", 
            "size": 8236
        }
    ], 
    "records": [
        {
            "malware_vt_report": "https://www.virustotal.com/file/360e6463bdfb1139676fbb295005f28b846c31cf9ee0ea50a92e7e9314c4cbb4/analysis/1475803674", 
            "malware_sha256": "360e6463bdfb1139676fbb295005f28b846c31cf9ee0ea50a92e7e9314c4cbb4", 
            "malware_md5": "4c487518f124499921624b10ec5a1fb1", 
            "malware_size": "8208 bytes", 
            "filename": "Receipt_67621-061_.zip", 
            "scanned": "2016-10-07 01:27:54", 
            "malware_sha1": "a0bbe34b53d95412694719402856cdda760dfc3f"
        }
    ], 
    "_meta": {
        "tracking_code": "AUSCERT#2016daee6", 
        "dates": {
            "report": {
                "yearly": "2016", 
                "hourly": "2016-10-08-07", 
                "tz": null, 
                "monthly": "2016-10", 
                "daily": "2016-10-08", 
                "epoch": 1475883623.0, 
                "iso": "2016-10-08T07:40:23", 
                "obj": "2016-10-08T07:40:23"
            }, 
            "creating": {
                "yearly": "2016", 
                "hourly": "2016-10-31-15", 
                "tz": null, 
                "monthly": "2016-10", 
                "daily": "2016-10-31", 
                "epoch": 1477899832.0, 
                "iso": "2016-10-31T15:43:52.282694", 
                "obj": "2016-10-31T15:43:52.282694"
            }
        }, 
        "ids": {
            "origin_type_id": "auscert_ioc_sample", 
            "process_id": "2dac3d9b-add4-46aa-9dc2-1cc571556857", 
            "saving_dir_id": "auscert_ioc_sample/2016-10-31/2dac3d9b-add4-46aa-9dc2-1cc571556857", 
            "rule_id": "xxxxxxxxrule_id"
        }
    }, 
    "enrich": {
        "origin_type_id": "auscert_ioc_sample", 
        "origin_organization": {
            "brief_name": "AusCERT", 
            "category": "CERTS", 
            "name": "AusCERT"
        }, 
        "secret_level": "open", 
        "intelligence_type": {
            "category": "ioc", 
            "future_fields": {
                "url": [], 
                "ip": [], 
                "hash": [
                    "malware_md5", 
                    "malware_sha1", 
                    "malware_sha256"
                ]
            }, 
            "subcategory": "malware"
        }
    }, 
    "data_storage": {
        "saving_dir_id": "auscert_ioc_sample/2016-10-31/61173b8a-4b2b-4b52-a577-e53b6777d978", 
        "disk_saving_strategy": "BaseDir|OriginTypeId|YYMMDD|ProcessId|Data", 
        "storage_used": 3, 
        "month_reserved": 3
    }, 
    "report_futures": {
        "url": [], 
        "ip": [], 
        "hash": [
            {
                "values": [
                    "4c487518f124499921624b10ec5a1fb1"
                ], 
                "name": "malware_md5"
            }, 
            {
                "values": [
                    "a0bbe34b53d95412694719402856cdda760dfc3f"
                ], 
                "name": "malware_sha1"
            }, 
            {
                "values": [
                    "360e6463bdfb1139676fbb295005f28b846c31cf9ee0ea50a92e7e9314c4cbb4"
                ], 
                "name": "malware_sha256"
            }
        ]
    }
}