{
    "files": [
        {
            "actual_fn": "infected.zip", 
            "filename": "\"infected.zip\"", 
            "content-type": "application/x-zip-compressed", 
            "size": 11499
        }
    ], 
    "records": [
        {
            "malware_vt_report": "https://www.virustotal.com/file/e52c0039ca77b1d117a421d4bf7df5ca7a79700ac64acb58a0110ea6ebef9a51/analysis/1475707081", 
            "malware_sha256": "e52c0039ca77b1d117a421d4bf7df5ca7a79700ac64acb58a0110ea6ebef9a51", 
            "malware_md5": "fdd649870b1ec7c3ae8cfe891519f2f3", 
            "malware_size": "11231 bytes", 
            "filename": "Cancellation_Form_a34cd3cb2.zip", 
            "scanned": "2016-10-05 22:38:01", 
            "malware_sha1": "9087f3c6a4983003ecbb3674320e2c7edca60945"
        }
    ], 
    "_meta": {
        "tracking_code": "AUSCERT#201620d77", 
        "dates": {
            "report": {
                "yearly": "2016", 
                "hourly": "2016-10-08-07", 
                "monthly": "2016-10", 
                "daily": "2016-10-08", 
                "epoch": 1475883620.0, 
                "iso": "2016-10-08T07:40:20"
            }, 
            "creating": {
                "yearly": "2016", 
                "hourly": "2016-10-30-15", 
                "monthly": "2016-10", 
                "daily": "2016-10-30", 
                "epoch": 1477813752.0, 
                "iso": "2016-10-30T15:49:12.491382"
            }
        }, 
        "ids": {
            "origin_type_id": "auscert_ioc_sample", 
            "process_id": "84a5df40-3382-460d-b3ce-1424fcee67bd", 
            "saving_dir_id": "auscert_ioc_sample/2016-10-30/84a5df40-3382-460d-b3ce-1424fcee67bd", 
            "rule_id": "xxxxxxxxrule_id"
        }
    }, 
    "enrich": {
        "origin_type_id": "auscert_ioc_sample", 
        "origin_organization": {
            "brief_name": "AusCERT", 
            "category": "CERTS", 
            "name": "AusCERT"
        }, 
        "secret_level": "open", 
        "intelligence_type": {
            "category": "ioc", 
            "future_fields": {
                "url": [], 
                "ip": [], 
                "hash": [
                    "malware_md5", 
                    "malware_sha1", 
                    "malware_sha256"
                ]
            }, 
            "subcategory": "malware"
        }
    }, 
    "data_storage": {
        "saving_dir_id": "auscert_ioc_sample/2016-10-30/82b029c3-16da-4bd5-8ee7-52fddedb6def", 
        "disk_saving_strategy": "BaseDir|OriginTypeId|YYMMDD|ProcessId|Data", 
        "storage_used": 3, 
        "month_reserved": 3
    }, 
    "report_futures": {
        "url": [], 
        "ip": [], 
        "hash": [
            {
                "values": [
                    "fdd649870b1ec7c3ae8cfe891519f2f3"
                ], 
                "name": "malware_md5"
            }, 
            {
                "values": [
                    "9087f3c6a4983003ecbb3674320e2c7edca60945"
                ], 
                "name": "malware_sha1"
            }, 
            {
                "values": [
                    "e52c0039ca77b1d117a421d4bf7df5ca7a79700ac64acb58a0110ea6ebef9a51"
                ], 
                "name": "malware_sha256"
            }
        ]
    }
}