{
    "files": [
        {
            "actual_fn": "infected.zip", 
            "filename": "\"infected.zip\"", 
            "content-type": "application/x-zip-compressed", 
            "size": 8394
        }
    ], 
    "records": [
        {
            "malware_vt_report": "https://www.virustotal.com/file/7a963ecf149b3c0d4c9860b2dc199b2d7c45978460d30880d835e0fde7b5fe86/analysis/1474952325", 
            "malware_sha256": "7a963ecf149b3c0d4c9860b2dc199b2d7c45978460d30880d835e0fde7b5fe86", 
            "malware_md5": "b31509182f62b2875e24a1a644309e61", 
            "malware_size": "8344 bytes", 
            "filename": "New_Doc_015_2.pdf.zip", 
            "scanned": "2016-09-27 04:58:45", 
            "malware_sha1": "22221845269956250b3090ba8a13edbe14efdc52"
        }
    ], 
    "_meta": {
        "tracking_code": "AUSCERT#20168a79a", 
        "dates": {
            "report": {
                "yearly": "2016", 
                "hourly": "2016-09-27-13", 
                "tz": null, 
                "monthly": "2016-09", 
                "daily": "2016-09-27", 
                "epoch": 1474955321.0, 
                "iso": "2016-09-27T13:48:41", 
                "obj": "2016-09-27T13:48:41"
            }, 
            "creating": {
                "yearly": "2016", 
                "hourly": "2016-10-31-15", 
                "tz": null, 
                "monthly": "2016-10", 
                "daily": "2016-10-31", 
                "epoch": 1477899805.0, 
                "iso": "2016-10-31T15:43:25.102726", 
                "obj": "2016-10-31T15:43:25.102726"
            }
        }, 
        "ids": {
            "origin_type_id": "auscert_ioc_sample", 
            "process_id": "50d867ac-0359-4248-b751-ebcc949b96d4", 
            "saving_dir_id": "auscert_ioc_sample/2016-10-31/50d867ac-0359-4248-b751-ebcc949b96d4", 
            "rule_id": "xxxxxxxxrule_id"
        }
    }, 
    "enrich": {
        "origin_type_id": "auscert_ioc_sample", 
        "origin_organization": {
            "brief_name": "AusCERT", 
            "category": "CERTS", 
            "name": "AusCERT"
        }, 
        "secret_level": "open", 
        "intelligence_type": {
            "category": "ioc", 
            "future_fields": {
                "url": [], 
                "ip": [], 
                "hash": [
                    "malware_md5", 
                    "malware_sha1", 
                    "malware_sha256"
                ]
            }, 
            "subcategory": "malware"
        }
    }, 
    "data_storage": {
        "saving_dir_id": "auscert_ioc_sample/2016-10-31/61173b8a-4b2b-4b52-a577-e53b6777d978", 
        "disk_saving_strategy": "BaseDir|OriginTypeId|YYMMDD|ProcessId|Data", 
        "storage_used": 3, 
        "month_reserved": 3
    }, 
    "report_futures": {
        "url": [], 
        "ip": [], 
        "hash": [
            {
                "values": [
                    "b31509182f62b2875e24a1a644309e61"
                ], 
                "name": "malware_md5"
            }, 
            {
                "values": [
                    "22221845269956250b3090ba8a13edbe14efdc52"
                ], 
                "name": "malware_sha1"
            }, 
            {
                "values": [
                    "7a963ecf149b3c0d4c9860b2dc199b2d7c45978460d30880d835e0fde7b5fe86"
                ], 
                "name": "malware_sha256"
            }
        ]
    }
}