{
    "files": [
        {
            "actual_fn": "infected.zip", 
            "filename": "\"infected.zip\"", 
            "content-type": "application/x-zip-compressed", 
            "size": 11572
        }
    ], 
    "records": [
        {
            "malware_vt_report": "https://www.virustotal.com/file/19fa3e12a96bad7b90526e296c00e00bb413b6063c7e1badd33e010d1ababa12/analysis/1475714745", 
            "malware_sha256": "19fa3e12a96bad7b90526e296c00e00bb413b6063c7e1badd33e010d1ababa12", 
            "malware_md5": "cda8e3ba1915d087ef9e59af69bbdb23", 
            "malware_size": "11246 bytes", 
            "filename": "Cancellation_Form_7b84b1b6.zip", 
            "scanned": "2016-10-06 00:45:45", 
            "malware_sha1": "c3853ae1584c5207a9ba91acf211f313ae730055"
        }
    ], 
    "_meta": {
        "tracking_code": "AUSCERT#201687c6c", 
        "dates": {
            "report": {
                "yearly": "2016", 
                "hourly": "2016-10-08-07", 
                "monthly": "2016-10", 
                "daily": "2016-10-08", 
                "epoch": 1475883638.0, 
                "iso": "2016-10-08T07:40:38"
            }, 
            "creating": {
                "yearly": "2016", 
                "hourly": "2016-10-30-15", 
                "monthly": "2016-10", 
                "daily": "2016-10-30", 
                "epoch": 1477813757.0, 
                "iso": "2016-10-30T15:49:17.794107"
            }
        }, 
        "ids": {
            "origin_type_id": "auscert_ioc_sample", 
            "process_id": "6a8c7258-791d-4577-acec-e8b91706952b", 
            "saving_dir_id": "auscert_ioc_sample/2016-10-30/6a8c7258-791d-4577-acec-e8b91706952b", 
            "rule_id": "xxxxxxxxrule_id"
        }
    }, 
    "enrich": {
        "origin_type_id": "auscert_ioc_sample", 
        "origin_organization": {
            "brief_name": "AusCERT", 
            "category": "CERTS", 
            "name": "AusCERT"
        }, 
        "secret_level": "open", 
        "intelligence_type": {
            "category": "ioc", 
            "future_fields": {
                "url": [], 
                "ip": [], 
                "hash": [
                    "malware_md5", 
                    "malware_sha1", 
                    "malware_sha256"
                ]
            }, 
            "subcategory": "malware"
        }
    }, 
    "data_storage": {
        "saving_dir_id": "auscert_ioc_sample/2016-10-30/82b029c3-16da-4bd5-8ee7-52fddedb6def", 
        "disk_saving_strategy": "BaseDir|OriginTypeId|YYMMDD|ProcessId|Data", 
        "storage_used": 3, 
        "month_reserved": 3
    }, 
    "report_futures": {
        "url": [], 
        "ip": [], 
        "hash": [
            {
                "values": [
                    "cda8e3ba1915d087ef9e59af69bbdb23"
                ], 
                "name": "malware_md5"
            }, 
            {
                "values": [
                    "c3853ae1584c5207a9ba91acf211f313ae730055"
                ], 
                "name": "malware_sha1"
            }, 
            {
                "values": [
                    "19fa3e12a96bad7b90526e296c00e00bb413b6063c7e1badd33e010d1ababa12"
                ], 
                "name": "malware_sha256"
            }
        ]
    }
}