{
    "files": [
        {
            "actual_fn": "infected.zip", 
            "filename": "\"infected.zip\"", 
            "content-type": "application/x-zip-compressed", 
            "size": 10714
        }
    ], 
    "records": [
        {
            "malware_vt_report": "https://www.virustotal.com/file/cd16c98ed2a9490c8715b2e3bc33c5ba6c798d034cdbef588e14e77836074701/analysis/1475185376", 
            "malware_sha256": "cd16c98ed2a9490c8715b2e3bc33c5ba6c798d034cdbef588e14e77836074701", 
            "malware_md5": "65d2174425398aff0dcbd21cf0ab2960", 
            "malware_size": "11088 bytes", 
            "filename": "transaction_copy_cba25d4.zip", 
            "scanned": "2016-09-29 21:42:56", 
            "malware_sha1": "c3d41c04c07fec34cc7cfdca56e59bcb5f758190"
        }
    ], 
    "_meta": {
        "tracking_code": "AUSCERT#20161ec06", 
        "dates": {
            "report": {
                "yearly": "2016", 
                "hourly": "2016-09-30-08", 
                "monthly": "2016-09", 
                "daily": "2016-09-30", 
                "epoch": 1475196345.0, 
                "iso": "2016-09-30T08:45:45"
            }, 
            "creating": {
                "yearly": "2016", 
                "hourly": "2016-10-30-15", 
                "monthly": "2016-10", 
                "daily": "2016-10-30", 
                "epoch": 1477813734.0, 
                "iso": "2016-10-30T15:48:54.395299"
            }
        }, 
        "ids": {
            "origin_type_id": "auscert_ioc_sample", 
            "process_id": "f2691301-9426-4ad9-8600-b6d502cadb17", 
            "saving_dir_id": "auscert_ioc_sample/2016-10-30/f2691301-9426-4ad9-8600-b6d502cadb17", 
            "rule_id": "xxxxxxxxrule_id"
        }
    }, 
    "enrich": {
        "origin_type_id": "auscert_ioc_sample", 
        "origin_organization": {
            "brief_name": "AusCERT", 
            "category": "CERTS", 
            "name": "AusCERT"
        }, 
        "secret_level": "open", 
        "intelligence_type": {
            "category": "ioc", 
            "future_fields": {
                "url": [], 
                "ip": [], 
                "hash": [
                    "malware_md5", 
                    "malware_sha1", 
                    "malware_sha256"
                ]
            }, 
            "subcategory": "malware"
        }
    }, 
    "data_storage": {
        "saving_dir_id": "auscert_ioc_sample/2016-10-30/82b029c3-16da-4bd5-8ee7-52fddedb6def", 
        "disk_saving_strategy": "BaseDir|OriginTypeId|YYMMDD|ProcessId|Data", 
        "storage_used": 3, 
        "month_reserved": 3
    }, 
    "report_futures": {
        "url": [], 
        "ip": [], 
        "hash": [
            {
                "values": [
                    "65d2174425398aff0dcbd21cf0ab2960"
                ], 
                "name": "malware_md5"
            }, 
            {
                "values": [
                    "c3d41c04c07fec34cc7cfdca56e59bcb5f758190"
                ], 
                "name": "malware_sha1"
            }, 
            {
                "values": [
                    "cd16c98ed2a9490c8715b2e3bc33c5ba6c798d034cdbef588e14e77836074701"
                ], 
                "name": "malware_sha256"
            }
        ]
    }
}