{
    "files": [
        {
            "actual_fn": "infected.zip", 
            "filename": "\"infected.zip\"", 
            "content-type": "application/x-zip-compressed", 
            "size": 8162
        }
    ], 
    "records": [
        {
            "malware_vt_report": "https://www.virustotal.com/file/e917a52a846fb2a6eddf6d0f1c8ca8bbca2d1e6b45fd228b6c74089ea2ea52e1/analysis/1475777745", 
            "malware_sha256": "e917a52a846fb2a6eddf6d0f1c8ca8bbca2d1e6b45fd228b6c74089ea2ea52e1", 
            "malware_md5": "0b564fcc76f936bc6038ae3f46d8aede", 
            "malware_size": "8107 bytes", 
            "filename": "Receipt_8514-771.zip", 
            "scanned": "2016-10-06 18:15:45", 
            "malware_sha1": "139de37b321a67a6c309f35097bb26e3fa9eeb03"
        }
    ], 
    "_meta": {
        "tracking_code": "AUSCERT#2016abc72", 
        "dates": {
            "report": {
                "yearly": "2016", 
                "hourly": "2016-10-08-07", 
                "tz": null, 
                "monthly": "2016-10", 
                "daily": "2016-10-08", 
                "epoch": 1475883612.0, 
                "iso": "2016-10-08T07:40:12", 
                "obj": "2016-10-08T07:40:12"
            }, 
            "creating": {
                "yearly": "2016", 
                "hourly": "2016-10-31-15", 
                "tz": null, 
                "monthly": "2016-10", 
                "daily": "2016-10-31", 
                "epoch": 1477899828.0, 
                "iso": "2016-10-31T15:43:48.746727", 
                "obj": "2016-10-31T15:43:48.746727"
            }
        }, 
        "ids": {
            "origin_type_id": "auscert_ioc_sample", 
            "process_id": "4a10879d-46ef-45b3-a0c9-8a37775b1937", 
            "saving_dir_id": "auscert_ioc_sample/2016-10-31/4a10879d-46ef-45b3-a0c9-8a37775b1937", 
            "rule_id": "xxxxxxxxrule_id"
        }
    }, 
    "enrich": {
        "origin_type_id": "auscert_ioc_sample", 
        "origin_organization": {
            "brief_name": "AusCERT", 
            "category": "CERTS", 
            "name": "AusCERT"
        }, 
        "secret_level": "open", 
        "intelligence_type": {
            "category": "ioc", 
            "future_fields": {
                "url": [], 
                "ip": [], 
                "hash": [
                    "malware_md5", 
                    "malware_sha1", 
                    "malware_sha256"
                ]
            }, 
            "subcategory": "malware"
        }
    }, 
    "data_storage": {
        "saving_dir_id": "auscert_ioc_sample/2016-10-31/61173b8a-4b2b-4b52-a577-e53b6777d978", 
        "disk_saving_strategy": "BaseDir|OriginTypeId|YYMMDD|ProcessId|Data", 
        "storage_used": 3, 
        "month_reserved": 3
    }, 
    "report_futures": {
        "url": [], 
        "ip": [], 
        "hash": [
            {
                "values": [
                    "0b564fcc76f936bc6038ae3f46d8aede"
                ], 
                "name": "malware_md5"
            }, 
            {
                "values": [
                    "139de37b321a67a6c309f35097bb26e3fa9eeb03"
                ], 
                "name": "malware_sha1"
            }, 
            {
                "values": [
                    "e917a52a846fb2a6eddf6d0f1c8ca8bbca2d1e6b45fd228b6c74089ea2ea52e1"
                ], 
                "name": "malware_sha256"
            }
        ]
    }
}