{
    "files": [
        {
            "actual_fn": "infected.zip", 
            "filename": "\"infected.zip\"", 
            "content-type": "application/x-zip-compressed", 
            "size": 9624
        }
    ], 
    "records": [
        {
            "malware_vt_report": "https://www.virustotal.com/file/d8f1d7d836d0f9216b9c2d56bef4e51c0d9ae4169b817eb0134e9759b76ee61e/analysis/1475672679", 
            "malware_sha256": "d8f1d7d836d0f9216b9c2d56bef4e51c0d9ae4169b817eb0134e9759b76ee61e", 
            "malware_md5": "698322c91a2b2826737b364324aa26f7", 
            "malware_size": "9269 bytes", 
            "filename": "complaint_letter_a9fabd99.zip", 
            "scanned": "2016-10-05 13:04:39", 
            "malware_sha1": "ed59ab6da898bc4afbd1bceb68a9ca7a49ba7238"
        }
    ], 
    "_meta": {
        "tracking_code": "AUSCERT#2016fc63a", 
        "dates": {
            "report": {
                "yearly": "2016", 
                "hourly": "2016-10-08-07", 
                "monthly": "2016-10", 
                "daily": "2016-10-08", 
                "epoch": 1475883637.0, 
                "iso": "2016-10-08T07:40:37"
            }, 
            "creating": {
                "yearly": "2016", 
                "hourly": "2016-10-30-15", 
                "monthly": "2016-10", 
                "daily": "2016-10-30", 
                "epoch": 1477813757.0, 
                "iso": "2016-10-30T15:49:17.354393"
            }
        }, 
        "ids": {
            "origin_type_id": "auscert_ioc_sample", 
            "process_id": "012443b5-c8e1-4a9d-8fca-5634e8e1c4d1", 
            "saving_dir_id": "auscert_ioc_sample/2016-10-30/012443b5-c8e1-4a9d-8fca-5634e8e1c4d1", 
            "rule_id": "xxxxxxxxrule_id"
        }
    }, 
    "enrich": {
        "origin_type_id": "auscert_ioc_sample", 
        "origin_organization": {
            "brief_name": "AusCERT", 
            "category": "CERTS", 
            "name": "AusCERT"
        }, 
        "secret_level": "open", 
        "intelligence_type": {
            "category": "ioc", 
            "future_fields": {
                "url": [], 
                "ip": [], 
                "hash": [
                    "malware_md5", 
                    "malware_sha1", 
                    "malware_sha256"
                ]
            }, 
            "subcategory": "malware"
        }
    }, 
    "data_storage": {
        "saving_dir_id": "auscert_ioc_sample/2016-10-30/82b029c3-16da-4bd5-8ee7-52fddedb6def", 
        "disk_saving_strategy": "BaseDir|OriginTypeId|YYMMDD|ProcessId|Data", 
        "storage_used": 3, 
        "month_reserved": 3
    }, 
    "report_futures": {
        "url": [], 
        "ip": [], 
        "hash": [
            {
                "values": [
                    "698322c91a2b2826737b364324aa26f7"
                ], 
                "name": "malware_md5"
            }, 
            {
                "values": [
                    "ed59ab6da898bc4afbd1bceb68a9ca7a49ba7238"
                ], 
                "name": "malware_sha1"
            }, 
            {
                "values": [
                    "d8f1d7d836d0f9216b9c2d56bef4e51c0d9ae4169b817eb0134e9759b76ee61e"
                ], 
                "name": "malware_sha256"
            }
        ]
    }
}