{
    "files": [
        {
            "actual_fn": "infected.zip", 
            "filename": "\"infected.zip\"", 
            "content-type": "application/x-zip-compressed", 
            "size": 10514
        }
    ], 
    "records": [
        {
            "malware_vt_report": "https://www.virustotal.com/file/c6723e229fa46a121936e9fa52574bd25b93c6e7a7946866f20111f7c8f58e6e/analysis/1475156376", 
            "malware_sha256": "c6723e229fa46a121936e9fa52574bd25b93c6e7a7946866f20111f7c8f58e6e", 
            "malware_md5": "13a33900d38a509b9b296e5e38578245", 
            "malware_size": "11647 bytes", 
            "filename": "debit_card_bb5469458.zip", 
            "scanned": "2016-09-29 13:39:36", 
            "malware_sha1": "7cd7b827d617e91b876892c7c9997d79c4072ef5"
        }
    ], 
    "_meta": {
        "tracking_code": "AUSCERT#2016eeda8", 
        "dates": {
            "report": {
                "yearly": "2016", 
                "hourly": "2016-09-30-09", 
                "monthly": "2016-09", 
                "daily": "2016-09-30", 
                "epoch": 1475198821.0, 
                "iso": "2016-09-30T09:27:01"
            }, 
            "creating": {
                "yearly": "2016", 
                "hourly": "2016-10-30-15", 
                "monthly": "2016-10", 
                "daily": "2016-10-30", 
                "epoch": 1477813738.0, 
                "iso": "2016-10-30T15:48:58.230176"
            }
        }, 
        "ids": {
            "origin_type_id": "auscert_ioc_sample", 
            "process_id": "34fddd08-057c-470f-b3dc-1e4e8acb15af", 
            "saving_dir_id": "auscert_ioc_sample/2016-10-30/34fddd08-057c-470f-b3dc-1e4e8acb15af", 
            "rule_id": "xxxxxxxxrule_id"
        }
    }, 
    "enrich": {
        "origin_type_id": "auscert_ioc_sample", 
        "origin_organization": {
            "brief_name": "AusCERT", 
            "category": "CERTS", 
            "name": "AusCERT"
        }, 
        "secret_level": "open", 
        "intelligence_type": {
            "category": "ioc", 
            "future_fields": {
                "url": [], 
                "ip": [], 
                "hash": [
                    "malware_md5", 
                    "malware_sha1", 
                    "malware_sha256"
                ]
            }, 
            "subcategory": "malware"
        }
    }, 
    "data_storage": {
        "saving_dir_id": "auscert_ioc_sample/2016-10-30/82b029c3-16da-4bd5-8ee7-52fddedb6def", 
        "disk_saving_strategy": "BaseDir|OriginTypeId|YYMMDD|ProcessId|Data", 
        "storage_used": 3, 
        "month_reserved": 3
    }, 
    "report_futures": {
        "url": [], 
        "ip": [], 
        "hash": [
            {
                "values": [
                    "13a33900d38a509b9b296e5e38578245"
                ], 
                "name": "malware_md5"
            }, 
            {
                "values": [
                    "7cd7b827d617e91b876892c7c9997d79c4072ef5"
                ], 
                "name": "malware_sha1"
            }, 
            {
                "values": [
                    "c6723e229fa46a121936e9fa52574bd25b93c6e7a7946866f20111f7c8f58e6e"
                ], 
                "name": "malware_sha256"
            }
        ]
    }
}