{
    "files": [
        {
            "actual_fn": "infected.zip", 
            "filename": "\"infected.zip\"", 
            "content-type": "application/x-zip-compressed", 
            "size": 8409
        }
    ], 
    "records": [
        {
            "malware_vt_report": "https://www.virustotal.com/file/4c0b8dcc37fc92458293a0ed26c3cec7b162fe354182dba6f0ab2f5a90a0c755/analysis/1474950324", 
            "malware_sha256": "4c0b8dcc37fc92458293a0ed26c3cec7b162fe354182dba6f0ab2f5a90a0c755", 
            "malware_md5": "22c8c868db283a53648f9d71bc076c84", 
            "malware_size": "8364 bytes", 
            "filename": "New_Doc_64_1.pdf.zip", 
            "scanned": "2016-09-27 04:25:24", 
            "malware_sha1": "7a16011c0167ea6dfd5eaaa21ff525f69f1084b5"
        }
    ], 
    "_meta": {
        "tracking_code": "AUSCERT#2016ab17e", 
        "dates": {
            "report": {
                "yearly": "2016", 
                "hourly": "2016-09-27-13", 
                "monthly": "2016-09", 
                "daily": "2016-09-27", 
                "epoch": 1474955322.0, 
                "iso": "2016-09-27T13:48:42"
            }, 
            "creating": {
                "yearly": "2016", 
                "hourly": "2016-10-30-15", 
                "monthly": "2016-10", 
                "daily": "2016-10-30", 
                "epoch": 1477813728.0, 
                "iso": "2016-10-30T15:48:48.891074"
            }
        }, 
        "ids": {
            "origin_type_id": "auscert_ioc_sample", 
            "process_id": "d536fb7c-5658-466f-9c16-f500d32510df", 
            "saving_dir_id": "auscert_ioc_sample/2016-10-30/d536fb7c-5658-466f-9c16-f500d32510df", 
            "rule_id": "xxxxxxxxrule_id"
        }
    }, 
    "enrich": {
        "origin_type_id": "auscert_ioc_sample", 
        "origin_organization": {
            "brief_name": "AusCERT", 
            "category": "CERTS", 
            "name": "AusCERT"
        }, 
        "secret_level": "open", 
        "intelligence_type": {
            "category": "ioc", 
            "future_fields": {
                "url": [], 
                "ip": [], 
                "hash": [
                    "malware_md5", 
                    "malware_sha1", 
                    "malware_sha256"
                ]
            }, 
            "subcategory": "malware"
        }
    }, 
    "data_storage": {
        "saving_dir_id": "auscert_ioc_sample/2016-10-30/82b029c3-16da-4bd5-8ee7-52fddedb6def", 
        "disk_saving_strategy": "BaseDir|OriginTypeId|YYMMDD|ProcessId|Data", 
        "storage_used": 3, 
        "month_reserved": 3
    }, 
    "report_futures": {
        "url": [], 
        "ip": [], 
        "hash": [
            {
                "values": [
                    "22c8c868db283a53648f9d71bc076c84"
                ], 
                "name": "malware_md5"
            }, 
            {
                "values": [
                    "7a16011c0167ea6dfd5eaaa21ff525f69f1084b5"
                ], 
                "name": "malware_sha1"
            }, 
            {
                "values": [
                    "4c0b8dcc37fc92458293a0ed26c3cec7b162fe354182dba6f0ab2f5a90a0c755"
                ], 
                "name": "malware_sha256"
            }
        ]
    }
}