{
    "files": [
        {
            "actual_fn": "infected.zip", 
            "filename": "\"infected.zip\"", 
            "content-type": "application/x-zip-compressed", 
            "size": 26119
        }
    ], 
    "records": [
        {
            "malware_vt_report": "https://www.virustotal.com/file/ac7b06c4892cc49a0971bb6dc2d467450636b9b082052f494e889077dad8c4e6/analysis/1475021616", 
            "malware_sha256": "ac7b06c4892cc49a0971bb6dc2d467450636b9b082052f494e889077dad8c4e6", 
            "malware_md5": "422787b0e505bcc4baf7e6003c24c4f0", 
            "malware_size": "26035 bytes", 
            "filename": "AUSPOST_parcel.zip", 
            "scanned": "2016-09-28 00:13:36", 
            "malware_sha1": "e9e58e57435a6813cd494e0f460ff70aa006f196"
        }
    ], 
    "_meta": {
        "tracking_code": "AUSCERT#201643b0a", 
        "dates": {
            "report": {
                "yearly": "2016", 
                "hourly": "2016-09-28-08", 
                "monthly": "2016-09", 
                "daily": "2016-09-28", 
                "epoch": 1475022970.0, 
                "iso": "2016-09-28T08:36:10"
            }, 
            "creating": {
                "yearly": "2016", 
                "hourly": "2016-10-30-15", 
                "monthly": "2016-10", 
                "daily": "2016-10-30", 
                "epoch": 1477813731.0, 
                "iso": "2016-10-30T15:48:51.079762"
            }
        }, 
        "ids": {
            "origin_type_id": "auscert_ioc_sample", 
            "process_id": "b9e0fb45-d6d5-4d88-9165-8e1e5a0d54c0", 
            "saving_dir_id": "auscert_ioc_sample/2016-10-30/b9e0fb45-d6d5-4d88-9165-8e1e5a0d54c0", 
            "rule_id": "xxxxxxxxrule_id"
        }
    }, 
    "enrich": {
        "origin_type_id": "auscert_ioc_sample", 
        "origin_organization": {
            "brief_name": "AusCERT", 
            "category": "CERTS", 
            "name": "AusCERT"
        }, 
        "secret_level": "open", 
        "intelligence_type": {
            "category": "ioc", 
            "future_fields": {
                "url": [], 
                "ip": [], 
                "hash": [
                    "malware_md5", 
                    "malware_sha1", 
                    "malware_sha256"
                ]
            }, 
            "subcategory": "malware"
        }
    }, 
    "data_storage": {
        "saving_dir_id": "auscert_ioc_sample/2016-10-30/82b029c3-16da-4bd5-8ee7-52fddedb6def", 
        "disk_saving_strategy": "BaseDir|OriginTypeId|YYMMDD|ProcessId|Data", 
        "storage_used": 3, 
        "month_reserved": 3
    }, 
    "report_futures": {
        "url": [], 
        "ip": [], 
        "hash": [
            {
                "values": [
                    "422787b0e505bcc4baf7e6003c24c4f0"
                ], 
                "name": "malware_md5"
            }, 
            {
                "values": [
                    "e9e58e57435a6813cd494e0f460ff70aa006f196"
                ], 
                "name": "malware_sha1"
            }, 
            {
                "values": [
                    "ac7b06c4892cc49a0971bb6dc2d467450636b9b082052f494e889077dad8c4e6"
                ], 
                "name": "malware_sha256"
            }
        ]
    }
}