{
    "files": [
        {
            "actual_fn": "infected.zip", 
            "filename": "\"infected.zip\"", 
            "content-type": "application/x-zip-compressed", 
            "size": 8156
        }
    ], 
    "records": [
        {
            "malware_vt_report": "https://www.virustotal.com/file/b134e20da131806da9c885941f2829782cf2ec8594c98dbb2fa1153e40061db6/analysis/1475693940", 
            "malware_sha256": "b134e20da131806da9c885941f2829782cf2ec8594c98dbb2fa1153e40061db6", 
            "malware_md5": "5b3813aea8cc366ad93a8fa0ca4537e9", 
            "malware_size": "8103 bytes", 
            "filename": "img_86.zip", 
            "scanned": "2016-10-05 18:59:00", 
            "malware_sha1": "f0c13cbbce479ee73e4f8e9ad0158c9e6259e19a"
        }
    ], 
    "_meta": {
        "tracking_code": "AUSCERT#201600a4f", 
        "dates": {
            "report": {
                "yearly": "2016", 
                "hourly": "2016-10-08-07", 
                "monthly": "2016-10", 
                "daily": "2016-10-08", 
                "epoch": 1475883613.0, 
                "iso": "2016-10-08T07:40:13"
            }, 
            "creating": {
                "yearly": "2016", 
                "hourly": "2016-10-30-15", 
                "monthly": "2016-10", 
                "daily": "2016-10-30", 
                "epoch": 1477813749.0, 
                "iso": "2016-10-30T15:49:09.996006"
            }
        }, 
        "ids": {
            "origin_type_id": "auscert_ioc_sample", 
            "process_id": "bbb75844-8a72-4ba7-a64f-7190b0912f18", 
            "saving_dir_id": "auscert_ioc_sample/2016-10-30/bbb75844-8a72-4ba7-a64f-7190b0912f18", 
            "rule_id": "xxxxxxxxrule_id"
        }
    }, 
    "enrich": {
        "origin_type_id": "auscert_ioc_sample", 
        "origin_organization": {
            "brief_name": "AusCERT", 
            "category": "CERTS", 
            "name": "AusCERT"
        }, 
        "secret_level": "open", 
        "intelligence_type": {
            "category": "ioc", 
            "future_fields": {
                "url": [], 
                "ip": [], 
                "hash": [
                    "malware_md5", 
                    "malware_sha1", 
                    "malware_sha256"
                ]
            }, 
            "subcategory": "malware"
        }
    }, 
    "data_storage": {
        "saving_dir_id": "auscert_ioc_sample/2016-10-30/82b029c3-16da-4bd5-8ee7-52fddedb6def", 
        "disk_saving_strategy": "BaseDir|OriginTypeId|YYMMDD|ProcessId|Data", 
        "storage_used": 3, 
        "month_reserved": 3
    }, 
    "report_futures": {
        "url": [], 
        "ip": [], 
        "hash": [
            {
                "values": [
                    "5b3813aea8cc366ad93a8fa0ca4537e9"
                ], 
                "name": "malware_md5"
            }, 
            {
                "values": [
                    "f0c13cbbce479ee73e4f8e9ad0158c9e6259e19a"
                ], 
                "name": "malware_sha1"
            }, 
            {
                "values": [
                    "b134e20da131806da9c885941f2829782cf2ec8594c98dbb2fa1153e40061db6"
                ], 
                "name": "malware_sha256"
            }
        ]
    }
}