{
    "files": [
        {
            "actual_fn": "infected.zip", 
            "filename": "\"infected.zip\"", 
            "content-type": "application/x-zip-compressed", 
            "size": 10218
        }
    ], 
    "records": [
        {
            "malware_vt_report": "https://www.virustotal.com/file/73b25157172241123b118a3e2f5b48c0b1e9aeb70cc88a49739ce1ef837aa326/analysis/1474918261", 
            "malware_sha256": "73b25157172241123b118a3e2f5b48c0b1e9aeb70cc88a49739ce1ef837aa326", 
            "malware_md5": "efdec1f55fa3a4766faa197f75243314", 
            "malware_size": "10253 bytes", 
            "filename": "3c79ec398ce.zip", 
            "scanned": "2016-09-26 19:31:01", 
            "malware_sha1": "37a7a801c2273f8c9db4ef3bf4450ca8cb95df1f"
        }
    ], 
    "_meta": {
        "tracking_code": "AUSCERT#2016bd65a", 
        "dates": {
            "report": {
                "yearly": "2016", 
                "hourly": "2016-09-27-07", 
                "tz": null, 
                "monthly": "2016-09", 
                "daily": "2016-09-27", 
                "epoch": 1474933463.0, 
                "iso": "2016-09-27T07:44:23", 
                "obj": "2016-09-27T07:44:23"
            }, 
            "creating": {
                "yearly": "2016", 
                "hourly": "2016-10-31-15", 
                "tz": null, 
                "monthly": "2016-10", 
                "daily": "2016-10-31", 
                "epoch": 1477899802.0, 
                "iso": "2016-10-31T15:43:22.085002", 
                "obj": "2016-10-31T15:43:22.085002"
            }
        }, 
        "ids": {
            "origin_type_id": "auscert_ioc_sample", 
            "process_id": "689cf617-e600-4de8-a3b8-623faa2e308f", 
            "saving_dir_id": "auscert_ioc_sample/2016-10-31/689cf617-e600-4de8-a3b8-623faa2e308f", 
            "rule_id": "xxxxxxxxrule_id"
        }
    }, 
    "enrich": {
        "origin_type_id": "auscert_ioc_sample", 
        "origin_organization": {
            "brief_name": "AusCERT", 
            "category": "CERTS", 
            "name": "AusCERT"
        }, 
        "secret_level": "open", 
        "intelligence_type": {
            "category": "ioc", 
            "future_fields": {
                "url": [], 
                "ip": [], 
                "hash": [
                    "malware_md5", 
                    "malware_sha1", 
                    "malware_sha256"
                ]
            }, 
            "subcategory": "malware"
        }
    }, 
    "data_storage": {
        "saving_dir_id": "auscert_ioc_sample/2016-10-31/61173b8a-4b2b-4b52-a577-e53b6777d978", 
        "disk_saving_strategy": "BaseDir|OriginTypeId|YYMMDD|ProcessId|Data", 
        "storage_used": 3, 
        "month_reserved": 3
    }, 
    "report_futures": {
        "url": [], 
        "ip": [], 
        "hash": [
            {
                "values": [
                    "efdec1f55fa3a4766faa197f75243314"
                ], 
                "name": "malware_md5"
            }, 
            {
                "values": [
                    "37a7a801c2273f8c9db4ef3bf4450ca8cb95df1f"
                ], 
                "name": "malware_sha1"
            }, 
            {
                "values": [
                    "73b25157172241123b118a3e2f5b48c0b1e9aeb70cc88a49739ce1ef837aa326"
                ], 
                "name": "malware_sha256"
            }
        ]
    }
}