{
    "files": [
        {
            "actual_fn": "infected.zip", 
            "filename": "\"infected.zip\"", 
            "content-type": "application/x-zip-compressed", 
            "size": 235155
        }
    ], 
    "records": [
        {
            "malware_vt_report": "https://www.virustotal.com/file/e227cc1828453011e2885cb8456aab27d23a48e6b0043871d9ccd91cfa015cae/analysis/1474915045", 
            "malware_sha256": "e227cc1828453011e2885cb8456aab27d23a48e6b0043871d9ccd91cfa015cae", 
            "malware_md5": "65c9beb79aa3852e56a3bbad5ce82fdd", 
            "malware_size": "235075 bytes", 
            "filename": "QUOTATION.zip", 
            "scanned": "2016-09-26 18:37:25", 
            "malware_sha1": "06492af59cf93ee654879365964fb2984c3672ea"
        }
    ], 
    "_meta": {
        "tracking_code": "AUSCERT#2016a4004", 
        "dates": {
            "report": {
                "yearly": "2016", 
                "hourly": "2016-09-27-07", 
                "monthly": "2016-09", 
                "daily": "2016-09-27", 
                "epoch": 1474933469.0, 
                "iso": "2016-09-27T07:44:29"
            }, 
            "creating": {
                "yearly": "2016", 
                "hourly": "2016-10-30-15", 
                "monthly": "2016-10", 
                "daily": "2016-10-30", 
                "epoch": 1477813727.0, 
                "iso": "2016-10-30T15:48:47.317801"
            }
        }, 
        "ids": {
            "origin_type_id": "auscert_ioc_sample", 
            "process_id": "6a36a4aa-b638-480e-8820-1fffeaf3df32", 
            "saving_dir_id": "auscert_ioc_sample/2016-10-30/6a36a4aa-b638-480e-8820-1fffeaf3df32", 
            "rule_id": "xxxxxxxxrule_id"
        }
    }, 
    "enrich": {
        "origin_type_id": "auscert_ioc_sample", 
        "origin_organization": {
            "brief_name": "AusCERT", 
            "category": "CERTS", 
            "name": "AusCERT"
        }, 
        "secret_level": "open", 
        "intelligence_type": {
            "category": "ioc", 
            "future_fields": {
                "url": [], 
                "ip": [], 
                "hash": [
                    "malware_md5", 
                    "malware_sha1", 
                    "malware_sha256"
                ]
            }, 
            "subcategory": "malware"
        }
    }, 
    "data_storage": {
        "saving_dir_id": "auscert_ioc_sample/2016-10-30/82b029c3-16da-4bd5-8ee7-52fddedb6def", 
        "disk_saving_strategy": "BaseDir|OriginTypeId|YYMMDD|ProcessId|Data", 
        "storage_used": 3, 
        "month_reserved": 3
    }, 
    "report_futures": {
        "url": [], 
        "ip": [], 
        "hash": [
            {
                "values": [
                    "65c9beb79aa3852e56a3bbad5ce82fdd"
                ], 
                "name": "malware_md5"
            }, 
            {
                "values": [
                    "06492af59cf93ee654879365964fb2984c3672ea"
                ], 
                "name": "malware_sha1"
            }, 
            {
                "values": [
                    "e227cc1828453011e2885cb8456aab27d23a48e6b0043871d9ccd91cfa015cae"
                ], 
                "name": "malware_sha256"
            }
        ]
    }
}