{
    "files": [
        {
            "actual_fn": "infected.zip", 
            "filename": "\"infected.zip\"", 
            "content-type": "application/x-zip-compressed", 
            "size": 10852
        }
    ], 
    "records": [
        {
            "malware_vt_report": "https://www.virustotal.com/file/f6e1c289b7190555c726df205fb1b2fe15243000d9f94166c754ad1f4a6ca2f7/analysis/1475188017", 
            "malware_sha256": "f6e1c289b7190555c726df205fb1b2fe15243000d9f94166c754ad1f4a6ca2f7", 
            "malware_md5": "05a2e304e4873a69a0a2ffd4397d5887", 
            "malware_size": "11383 bytes", 
            "filename": "transaction_copy_9b36982.zip", 
            "scanned": "2016-09-29 22:26:57", 
            "malware_sha1": "219ad1953199e7b1b49146942a0191ebf6238fd1"
        }
    ], 
    "_meta": {
        "tracking_code": "AUSCERT#2016dd5e6", 
        "dates": {
            "report": {
                "yearly": "2016", 
                "hourly": "2016-09-30-08", 
                "monthly": "2016-09", 
                "daily": "2016-09-30", 
                "epoch": 1475196344.0, 
                "iso": "2016-09-30T08:45:44"
            }, 
            "creating": {
                "yearly": "2016", 
                "hourly": "2016-10-30-15", 
                "monthly": "2016-10", 
                "daily": "2016-10-30", 
                "epoch": 1477813734.0, 
                "iso": "2016-10-30T15:48:54.106288"
            }
        }, 
        "ids": {
            "origin_type_id": "auscert_ioc_sample", 
            "process_id": "8ad4e154-6751-4095-a8e1-3356d0bbca01", 
            "saving_dir_id": "auscert_ioc_sample/2016-10-30/8ad4e154-6751-4095-a8e1-3356d0bbca01", 
            "rule_id": "xxxxxxxxrule_id"
        }
    }, 
    "enrich": {
        "origin_type_id": "auscert_ioc_sample", 
        "origin_organization": {
            "brief_name": "AusCERT", 
            "category": "CERTS", 
            "name": "AusCERT"
        }, 
        "secret_level": "open", 
        "intelligence_type": {
            "category": "ioc", 
            "future_fields": {
                "url": [], 
                "ip": [], 
                "hash": [
                    "malware_md5", 
                    "malware_sha1", 
                    "malware_sha256"
                ]
            }, 
            "subcategory": "malware"
        }
    }, 
    "data_storage": {
        "saving_dir_id": "auscert_ioc_sample/2016-10-30/82b029c3-16da-4bd5-8ee7-52fddedb6def", 
        "disk_saving_strategy": "BaseDir|OriginTypeId|YYMMDD|ProcessId|Data", 
        "storage_used": 3, 
        "month_reserved": 3
    }, 
    "report_futures": {
        "url": [], 
        "ip": [], 
        "hash": [
            {
                "values": [
                    "05a2e304e4873a69a0a2ffd4397d5887"
                ], 
                "name": "malware_md5"
            }, 
            {
                "values": [
                    "219ad1953199e7b1b49146942a0191ebf6238fd1"
                ], 
                "name": "malware_sha1"
            }, 
            {
                "values": [
                    "f6e1c289b7190555c726df205fb1b2fe15243000d9f94166c754ad1f4a6ca2f7"
                ], 
                "name": "malware_sha256"
            }
        ]
    }
}