{
    "files": [
        {
            "actual_fn": "infected.zip", 
            "filename": "\"infected.zip\"", 
            "content-type": "application/x-zip-compressed", 
            "size": 8601
        }
    ], 
    "records": [
        {
            "malware_vt_report": "https://www.virustotal.com/file/d83192fc77656cf3c4cd2a180695c52afb774e9d1da8c7f3663659d0c50ff5e7/analysis/1475190051", 
            "malware_sha256": "d83192fc77656cf3c4cd2a180695c52afb774e9d1da8c7f3663659d0c50ff5e7", 
            "malware_md5": "87f8fbd664575a03f53aeb8470a553e8", 
            "malware_size": "8568 bytes", 
            "filename": "7097738360848503.zip", 
            "scanned": "2016-09-29 23:00:51", 
            "malware_sha1": "eae6f91df1e92840758f09bf5ba3d5ae862c4abc"
        }
    ], 
    "_meta": {
        "tracking_code": "AUSCERT#201641cf9", 
        "dates": {
            "report": {
                "yearly": "2016", 
                "hourly": "2016-09-30-08", 
                "monthly": "2016-09", 
                "daily": "2016-09-30", 
                "epoch": 1475196355.0, 
                "iso": "2016-09-30T08:45:55"
            }, 
            "creating": {
                "yearly": "2016", 
                "hourly": "2016-10-30-15", 
                "monthly": "2016-10", 
                "daily": "2016-10-30", 
                "epoch": 1477813736.0, 
                "iso": "2016-10-30T15:48:56.880067"
            }
        }, 
        "ids": {
            "origin_type_id": "auscert_ioc_sample", 
            "process_id": "ae623799-b2c7-490e-85aa-56638c8bc81d", 
            "saving_dir_id": "auscert_ioc_sample/2016-10-30/ae623799-b2c7-490e-85aa-56638c8bc81d", 
            "rule_id": "xxxxxxxxrule_id"
        }
    }, 
    "enrich": {
        "origin_type_id": "auscert_ioc_sample", 
        "origin_organization": {
            "brief_name": "AusCERT", 
            "category": "CERTS", 
            "name": "AusCERT"
        }, 
        "secret_level": "open", 
        "intelligence_type": {
            "category": "ioc", 
            "future_fields": {
                "url": [], 
                "ip": [], 
                "hash": [
                    "malware_md5", 
                    "malware_sha1", 
                    "malware_sha256"
                ]
            }, 
            "subcategory": "malware"
        }
    }, 
    "data_storage": {
        "saving_dir_id": "auscert_ioc_sample/2016-10-30/82b029c3-16da-4bd5-8ee7-52fddedb6def", 
        "disk_saving_strategy": "BaseDir|OriginTypeId|YYMMDD|ProcessId|Data", 
        "storage_used": 3, 
        "month_reserved": 3
    }, 
    "report_futures": {
        "url": [], 
        "ip": [], 
        "hash": [
            {
                "values": [
                    "87f8fbd664575a03f53aeb8470a553e8"
                ], 
                "name": "malware_md5"
            }, 
            {
                "values": [
                    "eae6f91df1e92840758f09bf5ba3d5ae862c4abc"
                ], 
                "name": "malware_sha1"
            }, 
            {
                "values": [
                    "d83192fc77656cf3c4cd2a180695c52afb774e9d1da8c7f3663659d0c50ff5e7"
                ], 
                "name": "malware_sha256"
            }
        ]
    }
}