{
    "files": [
        {
            "actual_fn": "infected.zip", 
            "filename": "\"infected.zip\"", 
            "content-type": "application/x-zip-compressed", 
            "size": 8114
        }
    ], 
    "records": [
        {
            "malware_vt_report": "https://www.virustotal.com/file/f793c4e6300fd7ebe88d0c33e6f5e6f5e79e11e79f435d1dfc422815745323f4/analysis/1475760306", 
            "malware_sha256": "f793c4e6300fd7ebe88d0c33e6f5e6f5e79e11e79f435d1dfc422815745323f4", 
            "malware_md5": "a1f087ecd35578496efb8c8a82179227", 
            "malware_size": "8057 bytes", 
            "filename": "Receipt_30-62301.zip", 
            "scanned": "2016-10-06 13:25:06", 
            "malware_sha1": "c859f80d46bc3d4c4842d245b2711e22e643148a"
        }
    ], 
    "_meta": {
        "tracking_code": "AUSCERT#2016ea369", 
        "dates": {
            "report": {
                "yearly": "2016", 
                "hourly": "2016-10-08-07", 
                "monthly": "2016-10", 
                "daily": "2016-10-08", 
                "epoch": 1475883621.0, 
                "iso": "2016-10-08T07:40:21"
            }, 
            "creating": {
                "yearly": "2016", 
                "hourly": "2016-10-30-15", 
                "monthly": "2016-10", 
                "daily": "2016-10-30", 
                "epoch": 1477813752.0, 
                "iso": "2016-10-30T15:49:12.784187"
            }
        }, 
        "ids": {
            "origin_type_id": "auscert_ioc_sample", 
            "process_id": "b4f4c1d9-e30c-4554-9698-c8b98417443b", 
            "saving_dir_id": "auscert_ioc_sample/2016-10-30/b4f4c1d9-e30c-4554-9698-c8b98417443b", 
            "rule_id": "xxxxxxxxrule_id"
        }
    }, 
    "enrich": {
        "origin_type_id": "auscert_ioc_sample", 
        "origin_organization": {
            "brief_name": "AusCERT", 
            "category": "CERTS", 
            "name": "AusCERT"
        }, 
        "secret_level": "open", 
        "intelligence_type": {
            "category": "ioc", 
            "future_fields": {
                "url": [], 
                "ip": [], 
                "hash": [
                    "malware_md5", 
                    "malware_sha1", 
                    "malware_sha256"
                ]
            }, 
            "subcategory": "malware"
        }
    }, 
    "data_storage": {
        "saving_dir_id": "auscert_ioc_sample/2016-10-30/82b029c3-16da-4bd5-8ee7-52fddedb6def", 
        "disk_saving_strategy": "BaseDir|OriginTypeId|YYMMDD|ProcessId|Data", 
        "storage_used": 3, 
        "month_reserved": 3
    }, 
    "report_futures": {
        "url": [], 
        "ip": [], 
        "hash": [
            {
                "values": [
                    "a1f087ecd35578496efb8c8a82179227"
                ], 
                "name": "malware_md5"
            }, 
            {
                "values": [
                    "c859f80d46bc3d4c4842d245b2711e22e643148a"
                ], 
                "name": "malware_sha1"
            }, 
            {
                "values": [
                    "f793c4e6300fd7ebe88d0c33e6f5e6f5e79e11e79f435d1dfc422815745323f4"
                ], 
                "name": "malware_sha256"
            }
        ]
    }
}