{
    "files": [
        {
            "actual_fn": "infected.zip", 
            "filename": "\"infected.zip\"", 
            "content-type": "application/x-zip-compressed", 
            "size": 21180
        }
    ], 
    "records": [
        {
            "malware_vt_report": "https://www.virustotal.com/file/cb944391e906c513f33ea2eb422baf5b4133875070ab1389a52160e0b0d8b279/analysis/1475635629", 
            "malware_sha256": "cb944391e906c513f33ea2eb422baf5b4133875070ab1389a52160e0b0d8b279", 
            "malware_md5": "c962f61cd345ea3b69984c4c0b699475", 
            "malware_size": "19528 bytes", 
            "filename": "AUSPOST_parcel.zip", 
            "scanned": "2016-10-05 02:47:09", 
            "malware_sha1": "dc6524a1d36c916ce676a5ca9bd0da62b6dcb055"
        }
    ], 
    "_meta": {
        "tracking_code": "AUSCERT#2016911b3", 
        "dates": {
            "report": {
                "yearly": "2016", 
                "hourly": "2016-10-08-07", 
                "monthly": "2016-10", 
                "daily": "2016-10-08", 
                "epoch": 1475883584.0, 
                "iso": "2016-10-08T07:39:44"
            }, 
            "creating": {
                "yearly": "2016", 
                "hourly": "2016-10-30-15", 
                "monthly": "2016-10", 
                "daily": "2016-10-30", 
                "epoch": 1477813742.0, 
                "iso": "2016-10-30T15:49:02.576754"
            }
        }, 
        "ids": {
            "origin_type_id": "auscert_ioc_sample", 
            "process_id": "d73ff9e4-68ab-41d4-af6e-30cc9b8fe50e", 
            "saving_dir_id": "auscert_ioc_sample/2016-10-30/d73ff9e4-68ab-41d4-af6e-30cc9b8fe50e", 
            "rule_id": "xxxxxxxxrule_id"
        }
    }, 
    "enrich": {
        "origin_type_id": "auscert_ioc_sample", 
        "origin_organization": {
            "brief_name": "AusCERT", 
            "category": "CERTS", 
            "name": "AusCERT"
        }, 
        "secret_level": "open", 
        "intelligence_type": {
            "category": "ioc", 
            "future_fields": {
                "url": [], 
                "ip": [], 
                "hash": [
                    "malware_md5", 
                    "malware_sha1", 
                    "malware_sha256"
                ]
            }, 
            "subcategory": "malware"
        }
    }, 
    "data_storage": {
        "saving_dir_id": "auscert_ioc_sample/2016-10-30/82b029c3-16da-4bd5-8ee7-52fddedb6def", 
        "disk_saving_strategy": "BaseDir|OriginTypeId|YYMMDD|ProcessId|Data", 
        "storage_used": 3, 
        "month_reserved": 3
    }, 
    "report_futures": {
        "url": [], 
        "ip": [], 
        "hash": [
            {
                "values": [
                    "c962f61cd345ea3b69984c4c0b699475"
                ], 
                "name": "malware_md5"
            }, 
            {
                "values": [
                    "dc6524a1d36c916ce676a5ca9bd0da62b6dcb055"
                ], 
                "name": "malware_sha1"
            }, 
            {
                "values": [
                    "cb944391e906c513f33ea2eb422baf5b4133875070ab1389a52160e0b0d8b279"
                ], 
                "name": "malware_sha256"
            }
        ]
    }
}