{
    "files": [
        {
            "actual_fn": "2016-10-10-spam_url-china-geo.csv.zip", 
            "filename": "2016-10-10-spam_url-china-geo.csv.zip", 
            "content-type": "application/octet-stream", 
            "size": 1109
        }
    ], 
    "records": [
        {
            "city": "GUANGZHOU", 
            "src_region": "GUANGDONG", 
            "src_city": "GUANGZHOU", 
            "sender": "ss13751871470@yeah.net", 
            "src": "211.97.29.186", 
            "url": "http://www.horsehr.com/ImageUpload/sale/5/6/8/8/1475983201800.doc", 
            "timestamp": "2016-10-10 00:00:01", 
            "region": "GUANGDONG", 
            "src_geo": "CN", 
            "src_sic": "0", 
            "src_asn": "17622", 
            "naics": "0", 
            "sic": "0", 
            "host": "www.horsehr.com", 
            "ip": "183.57.83.5", 
            "src_naics": "0", 
            "geo": "CN", 
            "asn": "58543", 
            "subject": "=?utf-8?B?5qCh5LyB5bCx5Lia5aSn5Lya?="
        }, 
        {
            "city": "HARBIN", 
            "src_region": "HONG KONG", 
            "src_city": "HONG KONG", 
            "sender": "postfix", 
            "src": "103.198.44.82", 
            "url": "http://domainsregist.com/?k=qltA20KKw0NIhtRTFehkQDpCJatWbhhC", 
            "timestamp": "2016-10-10 00:00:16", 
            "region": "HEILONGJIANG", 
            "src_geo": "HK", 
            "src_sic": "0", 
            "src_asn": "26658", 
            "naics": "0", 
            "sic": "0", 
            "host": "domainsregist.com", 
            "ip": "103.55.26.116", 
            "src_naics": "0", 
            "geo": "CN", 
            "asn": "134121", 
            "subject": "RE: Domain registration =?UTF-8?Q?=E2=9C=94?="
        }, 
        {
            "city": "HARBIN", 
            "src_region": "HONG KONG", 
            "src_city": "HONG KONG", 
            "sender": "postfix", 
            "src": "103.198.44.83", 
            "url": "http://domainsregist.com/?k=zikPN9HbovDq1be7pzjXliATQmzFkTeT", 
            "timestamp": "2016-10-10 00:00:19", 
            "region": "HEILONGJIANG", 
            "src_geo": "HK", 
            "src_sic": "0", 
            "src_asn": "26658", 
            "naics": "0", 
            "sic": "0", 
            "host": "domainsregist.com", 
            "ip": "103.55.26.116", 
            "src_naics": "0", 
            "geo": "CN", 
            "asn": "134121", 
            "subject": "RE: Domain registration =?UTF-8?Q?=E2=9C=94?="
        }, 
        {
            "city": "HARBIN", 
            "src_region": "HONG KONG", 
            "src_city": "HONG KONG", 
            "sender": "postfix", 
            "src": "103.198.44.84", 
            "url": "http://domainsregist.com/?k=xUHe5npI8y1nbrBvbkrcrDxnvVkP7MbF", 
            "timestamp": "2016-10-10 00:00:46", 
            "region": "HEILONGJIANG", 
            "src_geo": "HK", 
            "src_sic": "0", 
            "src_asn": "26658", 
            "naics": "0", 
            "sic": "0", 
            "host": "domainsregist.com", 
            "ip": "103.55.26.116", 
            "src_naics": "0", 
            "geo": "CN", 
            "asn": "134121", 
            "subject": "RE: Domain registration =?UTF-8?Q?=E2=9C=94?="
        }, 
        {
            "city": "HARBIN", 
            "src_region": "HONG KONG", 
            "src_city": "HONG KONG", 
            "sender": "admin@142", 
            "src": "103.198.44.85", 
            "url": "http://domainsregist.com/?k=FIKFmXU0nDMdJng5XpfmO7Tj6YoOhfPX", 
            "timestamp": "2016-10-10 00:03:19", 
            "region": "HEILONGJIANG", 
            "src_geo": "HK", 
            "src_sic": "0", 
            "src_asn": "26658", 
            "naics": "0", 
            "sic": "0", 
            "host": "domainsregist.com", 
            "ip": "103.55.26.116", 
            "src_naics": "0", 
            "geo": "CN", 
            "asn": "134121", 
            "subject": "RE: Domain registration =?UTF-8?Q?=E2=9C=94?="
        }, 
        {
            "city": "HARBIN", 
            "src_region": "LUBELSKIE", 
            "src_city": "TUROBIN", 
            "sender": "postfix", 
            "src": "185.125.4.230", 
            "url": "http://domainsregist.com/?k=3FhxHPcLUoeD6dmAg1JZj2D1oAw23Lw7", 
            "timestamp": "2016-10-10 00:05:26", 
            "region": "HEILONGJIANG", 
            "src_geo": "PL", 
            "src_sic": "0", 
            "src_asn": "197226", 
            "naics": "0", 
            "sic": "0", 
            "host": "domainsregist.com", 
            "ip": "103.55.26.116", 
            "src_naics": "0", 
            "geo": "CN", 
            "asn": "134121", 
            "subject": "RE: Domain registration =?UTF-8?Q?=E2=9C=94?="
        }, 
        {
            "city": "GUANGZHOU", 
            "src_region": "GUANGDONG", 
            "src_city": "GUANGZHOU", 
            "sender": "ss13751871470@yeah.net", 
            "src": "211.97.29.218", 
            "url": "http://www.horsehr.com/ImageUpload/sale/5/6/8/8/1475983201800.doc", 
            "timestamp": "2016-10-10 16:12:59", 
            "region": "GUANGDONG", 
            "src_geo": "CN", 
            "src_sic": "0", 
            "src_asn": "17622", 
            "naics": "0", 
            "sic": "0", 
            "host": "www.horsehr.com", 
            "ip": "183.57.83.5", 
            "src_naics": "0", 
            "geo": "CN", 
            "asn": "58543", 
            "subject": "=?utf-8?B?5pyA5paw5qCh5Zut5oub6IGY5L+h5oGv?="
        }, 
        {
            "city": "HARBIN", 
            "src_region": "POMORSKIE", 
            "src_city": "SLUPSK", 
            "sender": "postfix", 
            "src": "155.133.38.35", 
            "url": "http://domainsregist.com/?k=45PPxxMyjoZAbC3cCznlxFGfrocBUOcZ", 
            "timestamp": "2016-10-10 20:54:03", 
            "region": "HEILONGJIANG", 
            "src_geo": "PL", 
            "src_sic": "0", 
            "src_asn": "197226", 
            "naics": "0", 
            "sic": "0", 
            "host": "domainsregist.com", 
            "ip": "103.55.26.116", 
            "src_naics": "0", 
            "geo": "CN", 
            "asn": "134121", 
            "subject": "RE: Domain registration =?UTF-8?Q?=E2=9C=94?="
        }, 
        {
            "city": "HARBIN", 
            "src_region": "POMORSKIE", 
            "src_city": "SLUPSK", 
            "sender": "postfix", 
            "src": "155.133.38.36", 
            "url": "http://domainsregist.com/?k=4ICO5bLEMlAh7snJMHjfuaZkuEayk3vp", 
            "timestamp": "2016-10-10 21:40:55", 
            "region": "HEILONGJIANG", 
            "src_geo": "PL", 
            "src_sic": "0", 
            "src_asn": "197226", 
            "naics": "0", 
            "sic": "0", 
            "host": "domainsregist.com", 
            "ip": "103.55.26.116", 
            "src_naics": "0", 
            "geo": "CN", 
            "asn": "134121", 
            "subject": "RE: Domain registration =?UTF-8?Q?=E2=9C=94?="
        }, 
        {
            "city": "HARBIN", 
            "src_region": "POMORSKIE", 
            "src_city": "SLUPSK", 
            "sender": "test", 
            "src": "155.133.38.29", 
            "url": "http://domainsregist.com/?k=xWCput8JD8xS9CFZwhwvgpQbSLX69FbG", 
            "timestamp": "2016-10-10 21:50:55", 
            "region": "HEILONGJIANG", 
            "src_geo": "PL", 
            "src_sic": "0", 
            "src_asn": "197226", 
            "naics": "0", 
            "sic": "0", 
            "host": "domainsregist.com", 
            "ip": "103.55.26.116", 
            "src_naics": "0", 
            "geo": "CN", 
            "asn": "134121", 
            "subject": "RE: Domain registration =?UTF-8?Q?=E2=9C=94?="
        }, 
        {
            "city": "HARBIN", 
            "src_region": "POMORSKIE", 
            "src_city": "SLUPSK", 
            "sender": "postfix", 
            "src": "155.133.38.34", 
            "url": "http://domainsregist.com/?k=8tzFSyvIGBVZylGzAevidBVTgUSQUkp2", 
            "timestamp": "2016-10-10 21:56:30", 
            "region": "HEILONGJIANG", 
            "src_geo": "PL", 
            "src_sic": "0", 
            "src_asn": "197226", 
            "naics": "0", 
            "sic": "0", 
            "host": "domainsregist.com", 
            "ip": "103.55.26.116", 
            "src_naics": "0", 
            "geo": "CN", 
            "asn": "134121", 
            "subject": "RE: Domain registration =?UTF-8?Q?=E2=9C=94?="
        }, 
        {
            "city": "HARBIN", 
            "src_region": "POMORSKIE", 
            "src_city": "SLUPSK", 
            "sender": "postfix", 
            "src": "155.133.38.33", 
            "url": "http://domainsregist.com/?k=bnw5UjRvAmVmvIq54ffElJvvU6ep8MTj", 
            "timestamp": "2016-10-10 22:08:29", 
            "region": "HEILONGJIANG", 
            "src_geo": "PL", 
            "src_sic": "0", 
            "src_asn": "197226", 
            "naics": "0", 
            "sic": "0", 
            "host": "domainsregist.com", 
            "ip": "103.55.26.116", 
            "src_naics": "0", 
            "geo": "CN", 
            "asn": "134121", 
            "subject": "RE: Domain registration =?UTF-8?Q?=E2=9C=94?="
        }
    ], 
    "_meta": {
        "dates": {
            "report": {
                "yearly": "2016", 
                "hourly": "2016-10-10-00", 
                "tz": null, 
                "monthly": "2016-10", 
                "daily": "2016-10-10", 
                "epoch": 1476028800.0, 
                "iso": "2016-10-10T00:00:00", 
                "obj": "2016-10-10T00:00:00"
            }, 
            "creating": {
                "yearly": "2016", 
                "hourly": "2016-11-02-12", 
                "tz": null, 
                "monthly": "2016-11", 
                "daily": "2016-11-02", 
                "epoch": 1478061593.0, 
                "iso": "2016-11-02T12:39:53.364897", 
                "obj": "2016-11-02T12:39:53.364897"
            }
        }, 
        "ids": {
            "origin_type_id": "shadowserver_ioc_spamurl", 
            "process_id": "602c6c39-69a1-4544-a03e-2bb8980bafd5", 
            "saving_dir_id": "shadowserver_ioc_spamurl/2016-11-02/602c6c39-69a1-4544-a03e-2bb8980bafd5", 
            "rule_id": "xxxxxxxx"
        }
    }, 
    "enrich": {
        "origin_type_id": "shadowserver_ioc_spamurl", 
        "origin_organization": {
            "brief_name": "shadowserver", 
            "category": "open_feed", 
            "name": "shadowserver.org"
        }, 
        "secret_level": "secret", 
        "intelligence_type": {
            "category": "ioc", 
            "future_fields": {
                "url": [
                    "url", 
                    "host"
                ], 
                "ip": [
                    "ip", 
                    "src"
                ], 
                "hash": []
            }, 
            "subcategory": "spamurl"
        }
    }, 
    "data_storage": {
        "saving_dir_id": "shadowserver_ioc_spamurl/2016-11-02/602c6c39-69a1-4544-a03e-2bb8980bafd5", 
        "M_storage_used": 3, 
        "disk_saving_strategy": "BaseDir|OriginTypeId|YYMMDD|ProcessId|Data", 
        "month_reserved": 3
    }, 
    "report_futures": {
        "url": [
            {
                "values": [
                    "http://www.horsehr.com/ImageUpload/sale/5/6/8/8/1475983201800.doc", 
                    "http://domainsregist.com/?k=qltA20KKw0NIhtRTFehkQDpCJatWbhhC", 
                    "http://domainsregist.com/?k=zikPN9HbovDq1be7pzjXliATQmzFkTeT", 
                    "http://domainsregist.com/?k=xUHe5npI8y1nbrBvbkrcrDxnvVkP7MbF", 
                    "http://domainsregist.com/?k=FIKFmXU0nDMdJng5XpfmO7Tj6YoOhfPX", 
                    "http://domainsregist.com/?k=3FhxHPcLUoeD6dmAg1JZj2D1oAw23Lw7", 
                    "http://www.horsehr.com/ImageUpload/sale/5/6/8/8/1475983201800.doc", 
                    "http://domainsregist.com/?k=45PPxxMyjoZAbC3cCznlxFGfrocBUOcZ", 
                    "http://domainsregist.com/?k=4ICO5bLEMlAh7snJMHjfuaZkuEayk3vp", 
                    "http://domainsregist.com/?k=xWCput8JD8xS9CFZwhwvgpQbSLX69FbG", 
                    "http://domainsregist.com/?k=8tzFSyvIGBVZylGzAevidBVTgUSQUkp2", 
                    "http://domainsregist.com/?k=bnw5UjRvAmVmvIq54ffElJvvU6ep8MTj"
                ], 
                "name": "url"
            }, 
            {
                "values": [
                    "www.horsehr.com", 
                    "domainsregist.com", 
                    "domainsregist.com", 
                    "domainsregist.com", 
                    "domainsregist.com", 
                    "domainsregist.com", 
                    "www.horsehr.com", 
                    "domainsregist.com", 
                    "domainsregist.com", 
                    "domainsregist.com", 
                    "domainsregist.com", 
                    "domainsregist.com"
                ], 
                "name": "host"
            }
        ], 
        "ip": [
            {
                "values": [
                    "183.57.83.5", 
                    "103.55.26.116", 
                    "103.55.26.116", 
                    "103.55.26.116", 
                    "103.55.26.116", 
                    "103.55.26.116", 
                    "183.57.83.5", 
                    "103.55.26.116", 
                    "103.55.26.116", 
                    "103.55.26.116", 
                    "103.55.26.116", 
                    "103.55.26.116"
                ], 
                "name": "ip"
            }, 
            {
                "values": [
                    "211.97.29.186", 
                    "103.198.44.82", 
                    "103.198.44.83", 
                    "103.198.44.84", 
                    "103.198.44.85", 
                    "185.125.4.230", 
                    "211.97.29.218", 
                    "155.133.38.35", 
                    "155.133.38.36", 
                    "155.133.38.29", 
                    "155.133.38.34", 
                    "155.133.38.33"
                ], 
                "name": "src"
            }
        ], 
        "hash": []
    }
}