{
    "files": [
        {
            "actual_fn": "infected.zip", 
            "filename": "\"infected.zip\"", 
            "content-type": "application/x-zip-compressed", 
            "size": 36201
        }
    ], 
    "records": [
        {
            "malware_vt_report": "https://www.virustotal.com/file/e88066c0e916005514815cb0e823bcb1405198e548d6cf3882241bbe5a1f731d/analysis/1475591615", 
            "malware_sha256": "e88066c0e916005514815cb0e823bcb1405198e548d6cf3882241bbe5a1f731d", 
            "malware_md5": "11c41ca755e372f51a345ffc5ebf3e87", 
            "malware_size": "10070 bytes", 
            "filename": "refund_scan_ec72a90.zip", 
            "scanned": "2016-10-04 14:33:35", 
            "malware_sha1": "e01de96a6976acffe2a941f620a845f33c050f76"
        }, 
        {
            "malware_vt_report": "https://www.virustotal.com/file/1e300a13fcfca6f033735d61f1fea1a400781ea248ce7a5820ac52507b8a655a/analysis/1475585592", 
            "malware_sha256": "1e300a13fcfca6f033735d61f1fea1a400781ea248ce7a5820ac52507b8a655a", 
            "malware_md5": "ab71553824494160ceef38ca0fba30c5", 
            "malware_size": "10048 bytes", 
            "filename": "refund_scan_08acdc411.zip", 
            "scanned": "2016-10-04 12:53:12", 
            "malware_sha1": "d7b62ffa275e3806acaa0fa435b4fc3f50cb56b4"
        }, 
        {
            "malware_vt_report": "https://www.virustotal.com/file/e1815305abeab78f9dac404cdb2625e48403f772f9abfd582a67546a110f3f81/analysis/1475587445", 
            "malware_sha256": "e1815305abeab78f9dac404cdb2625e48403f772f9abfd582a67546a110f3f81", 
            "malware_md5": "f8404ebe5d64a380fde626de852da20d", 
            "malware_size": "9958 bytes", 
            "filename": "refund_scan_7172fd95b.zip", 
            "scanned": "2016-10-04 13:24:05", 
            "malware_sha1": "b2a8ea75a04108e2a23056ed70eb8d4078649997"
        }
    ], 
    "_meta": {
        "tracking_code": "AUSCERT#201624524", 
        "dates": {
            "report": {
                "yearly": "2016", 
                "hourly": "2016-10-08-07", 
                "tz": null, 
                "monthly": "2016-10", 
                "daily": "2016-10-08", 
                "epoch": 1475883579.0, 
                "iso": "2016-10-08T07:39:39", 
                "obj": "2016-10-08T07:39:39"
            }, 
            "creating": {
                "yearly": "2016", 
                "hourly": "2016-10-31-15", 
                "tz": null, 
                "monthly": "2016-10", 
                "daily": "2016-10-31", 
                "epoch": 1477899816.0, 
                "iso": "2016-10-31T15:43:36.507344", 
                "obj": "2016-10-31T15:43:36.507344"
            }
        }, 
        "ids": {
            "origin_type_id": "auscert_ioc_sample", 
            "process_id": "845159a9-ea6d-40e8-9d7d-eb77ecd0ed25", 
            "saving_dir_id": "auscert_ioc_sample/2016-10-31/845159a9-ea6d-40e8-9d7d-eb77ecd0ed25", 
            "rule_id": "xxxxxxxxrule_id"
        }
    }, 
    "enrich": {
        "origin_type_id": "auscert_ioc_sample", 
        "origin_organization": {
            "brief_name": "AusCERT", 
            "category": "CERTS", 
            "name": "AusCERT"
        }, 
        "secret_level": "open", 
        "intelligence_type": {
            "category": "ioc", 
            "future_fields": {
                "url": [], 
                "ip": [], 
                "hash": [
                    "malware_md5", 
                    "malware_sha1", 
                    "malware_sha256"
                ]
            }, 
            "subcategory": "malware"
        }
    }, 
    "data_storage": {
        "saving_dir_id": "auscert_ioc_sample/2016-10-31/61173b8a-4b2b-4b52-a577-e53b6777d978", 
        "disk_saving_strategy": "BaseDir|OriginTypeId|YYMMDD|ProcessId|Data", 
        "storage_used": 3, 
        "month_reserved": 3
    }, 
    "report_futures": {
        "url": [], 
        "ip": [], 
        "hash": [
            {
                "values": [
                    "11c41ca755e372f51a345ffc5ebf3e87", 
                    "ab71553824494160ceef38ca0fba30c5", 
                    "f8404ebe5d64a380fde626de852da20d"
                ], 
                "name": "malware_md5"
            }, 
            {
                "values": [
                    "e01de96a6976acffe2a941f620a845f33c050f76", 
                    "d7b62ffa275e3806acaa0fa435b4fc3f50cb56b4", 
                    "b2a8ea75a04108e2a23056ed70eb8d4078649997"
                ], 
                "name": "malware_sha1"
            }, 
            {
                "values": [
                    "e88066c0e916005514815cb0e823bcb1405198e548d6cf3882241bbe5a1f731d", 
                    "1e300a13fcfca6f033735d61f1fea1a400781ea248ce7a5820ac52507b8a655a", 
                    "e1815305abeab78f9dac404cdb2625e48403f772f9abfd582a67546a110f3f81"
                ], 
                "name": "malware_sha256"
            }
        ]
    }
}