{
    "files": [
        {
            "actual_fn": "2016-10-10-spam_url-china-geo.csv.zip", 
            "filename": "\"2016-10-10-spam_url-china-geo.csv.zip\"", 
            "content-type": "application/octet-stream", 
            "size": 1109
        }
    ], 
    "records": [], 
    "_meta": {
        "dates": {
            "report": {
                "yearly": "2016", 
                "hourly": "2016-10-10-00", 
                "tz": null, 
                "monthly": "2016-10", 
                "daily": "2016-10-10", 
                "epoch": 1476028800.0, 
                "iso": "2016-10-10T00:00:00", 
                "obj": "2016-10-10T00:00:00"
            }, 
            "creating": {
                "yearly": "2016", 
                "hourly": "2016-11-01-10", 
                "tz": null, 
                "monthly": "2016-11", 
                "daily": "2016-11-01", 
                "epoch": 1477969021.0, 
                "iso": "2016-11-01T10:57:01.042259", 
                "obj": "2016-11-01T10:57:01.042259"
            }
        }, 
        "ids": {
            "origin_type_id": "shadowserver_ioc_spamurl", 
            "process_id": "5b9f865a-2eff-4c93-a99d-4cc4433fb917", 
            "saving_dir_id": "shadowserver_ioc_spamurl/2016-11-01/5b9f865a-2eff-4c93-a99d-4cc4433fb917", 
            "rule_id": "xxxxxxxx"
        }
    }, 
    "enrich": {
        "origin_type_id": "shadowserver_ioc_spamurl", 
        "origin_organization": {
            "brief_name": "shadowserver", 
            "category": "open_feed", 
            "name": "shadowserver.org"
        }, 
        "secret_level": "secret", 
        "intelligence_type": {
            "category": "ioc", 
            "future_fields": {
                "url": [
                    "url", 
                    "host"
                ], 
                "ip": [
                    "ip", 
                    "src"
                ], 
                "hash": []
            }, 
            "subcategory": "spamurl"
        }
    }, 
    "data_storage": {
        "saving_dir_id": "shadowserver_ioc_spamurl/2016-11-01/5b9f865a-2eff-4c93-a99d-4cc4433fb917", 
        "M_storage_used": 3, 
        "disk_saving_strategy": "BaseDir|OriginTypeId|YYMMDD|ProcessId|Data", 
        "month_reserved": 3
    }, 
    "report_futures": {
        "url": [
            {
                "values": [], 
                "name": "url"
            }, 
            {
                "values": [], 
                "name": "host"
            }
        ], 
        "ip": [
            {
                "values": [], 
                "name": "ip"
            }, 
            {
                "values": [], 
                "name": "src"
            }
        ], 
        "hash": []
    }
}