{
    "files": [
        {
            "actual_fn": "infected.zip", 
            "filename": "\"infected.zip\"", 
            "content-type": "application/x-zip-compressed", 
            "size": 10325
        }
    ], 
    "records": [
        {
            "malware_vt_report": "https://www.virustotal.com/file/00dec0f0ed8a66b5d187aa8d9c2bbd05e7e3ba25fa6af90c7381e5bbf2838a27/analysis/1475017817", 
            "malware_sha256": "00dec0f0ed8a66b5d187aa8d9c2bbd05e7e3ba25fa6af90c7381e5bbf2838a27", 
            "malware_md5": "6985c4735bd199a6585f3698de740dc3", 
            "malware_size": "11127 bytes", 
            "filename": "9857d8c440.zip", 
            "scanned": "2016-09-27 23:10:17", 
            "malware_sha1": "6fa07d98cf4432c7789fbb6ceb012b5deb763bc9"
        }
    ], 
    "_meta": {
        "tracking_code": "AUSCERT#20165b165", 
        "dates": {
            "report": {
                "yearly": "2016", 
                "hourly": "2016-09-28-08", 
                "monthly": "2016-09", 
                "daily": "2016-09-28", 
                "epoch": 1475022410.0, 
                "iso": "2016-09-28T08:26:50"
            }, 
            "creating": {
                "yearly": "2016", 
                "hourly": "2016-10-30-15", 
                "monthly": "2016-10", 
                "daily": "2016-10-30", 
                "epoch": 1477813729.0, 
                "iso": "2016-10-30T15:48:49.678532"
            }
        }, 
        "ids": {
            "origin_type_id": "auscert_ioc_sample", 
            "process_id": "85b05738-dcdd-4f84-a47b-91859f1130d0", 
            "saving_dir_id": "auscert_ioc_sample/2016-10-30/85b05738-dcdd-4f84-a47b-91859f1130d0", 
            "rule_id": "xxxxxxxxrule_id"
        }
    }, 
    "enrich": {
        "origin_type_id": "auscert_ioc_sample", 
        "origin_organization": {
            "brief_name": "AusCERT", 
            "category": "CERTS", 
            "name": "AusCERT"
        }, 
        "secret_level": "open", 
        "intelligence_type": {
            "category": "ioc", 
            "future_fields": {
                "url": [], 
                "ip": [], 
                "hash": [
                    "malware_md5", 
                    "malware_sha1", 
                    "malware_sha256"
                ]
            }, 
            "subcategory": "malware"
        }
    }, 
    "data_storage": {
        "saving_dir_id": "auscert_ioc_sample/2016-10-30/82b029c3-16da-4bd5-8ee7-52fddedb6def", 
        "disk_saving_strategy": "BaseDir|OriginTypeId|YYMMDD|ProcessId|Data", 
        "storage_used": 3, 
        "month_reserved": 3
    }, 
    "report_futures": {
        "url": [], 
        "ip": [], 
        "hash": [
            {
                "values": [
                    "6985c4735bd199a6585f3698de740dc3"
                ], 
                "name": "malware_md5"
            }, 
            {
                "values": [
                    "6fa07d98cf4432c7789fbb6ceb012b5deb763bc9"
                ], 
                "name": "malware_sha1"
            }, 
            {
                "values": [
                    "00dec0f0ed8a66b5d187aa8d9c2bbd05e7e3ba25fa6af90c7381e5bbf2838a27"
                ], 
                "name": "malware_sha256"
            }
        ]
    }
}