{
    "files": [
        {
            "actual_fn": "infected.zip", 
            "filename": "\"infected.zip\"", 
            "content-type": "application/x-zip-compressed", 
            "size": 11536
        }
    ], 
    "records": [
        {
            "malware_vt_report": "https://www.virustotal.com/file/7c6cb4d917bc93d3169317b56ff32d68bb64321648b3a0fe4b27ec7c7293b972/analysis/1475715790", 
            "malware_sha256": "7c6cb4d917bc93d3169317b56ff32d68bb64321648b3a0fe4b27ec7c7293b972", 
            "malware_md5": "624b161ec847b97e48f7e562a114592a", 
            "malware_size": "11240 bytes", 
            "filename": "Cancellation_Form_81f95343.zip", 
            "scanned": "2016-10-06 01:03:10", 
            "malware_sha1": "0fa2c1bc1bda35f6f074a829bea9e4712169b224"
        }
    ], 
    "_meta": {
        "tracking_code": "AUSCERT#2016470cd", 
        "dates": {
            "report": {
                "yearly": "2016", 
                "hourly": "2016-10-08-07", 
                "monthly": "2016-10", 
                "daily": "2016-10-08", 
                "epoch": 1475883633.0, 
                "iso": "2016-10-08T07:40:33"
            }, 
            "creating": {
                "yearly": "2016", 
                "hourly": "2016-10-30-15", 
                "monthly": "2016-10", 
                "daily": "2016-10-30", 
                "epoch": 1477813756.0, 
                "iso": "2016-10-30T15:49:16.163287"
            }
        }, 
        "ids": {
            "origin_type_id": "auscert_ioc_sample", 
            "process_id": "cd5a969c-3d01-48e6-aa9d-686a6447fdea", 
            "saving_dir_id": "auscert_ioc_sample/2016-10-30/cd5a969c-3d01-48e6-aa9d-686a6447fdea", 
            "rule_id": "xxxxxxxxrule_id"
        }
    }, 
    "enrich": {
        "origin_type_id": "auscert_ioc_sample", 
        "origin_organization": {
            "brief_name": "AusCERT", 
            "category": "CERTS", 
            "name": "AusCERT"
        }, 
        "secret_level": "open", 
        "intelligence_type": {
            "category": "ioc", 
            "future_fields": {
                "url": [], 
                "ip": [], 
                "hash": [
                    "malware_md5", 
                    "malware_sha1", 
                    "malware_sha256"
                ]
            }, 
            "subcategory": "malware"
        }
    }, 
    "data_storage": {
        "saving_dir_id": "auscert_ioc_sample/2016-10-30/82b029c3-16da-4bd5-8ee7-52fddedb6def", 
        "disk_saving_strategy": "BaseDir|OriginTypeId|YYMMDD|ProcessId|Data", 
        "storage_used": 3, 
        "month_reserved": 3
    }, 
    "report_futures": {
        "url": [], 
        "ip": [], 
        "hash": [
            {
                "values": [
                    "624b161ec847b97e48f7e562a114592a"
                ], 
                "name": "malware_md5"
            }, 
            {
                "values": [
                    "0fa2c1bc1bda35f6f074a829bea9e4712169b224"
                ], 
                "name": "malware_sha1"
            }, 
            {
                "values": [
                    "7c6cb4d917bc93d3169317b56ff32d68bb64321648b3a0fe4b27ec7c7293b972"
                ], 
                "name": "malware_sha256"
            }
        ]
    }
}