{
    "files": [
        {
            "actual_fn": "infected.zip", 
            "filename": "\"infected.zip\"", 
            "content-type": "application/x-zip-compressed", 
            "size": 10177
        }
    ], 
    "records": [
        {
            "malware_vt_report": "https://www.virustotal.com/file/b2b25a22d57f24e43ef86f95ed7a6b654627787572dd08988896d9d4ac32d4ed/analysis/1474926211", 
            "malware_sha256": "b2b25a22d57f24e43ef86f95ed7a6b654627787572dd08988896d9d4ac32d4ed", 
            "malware_md5": "5ddfd784ca00302bdec771478b0dc9e2", 
            "malware_size": "10994 bytes", 
            "filename": "a179649c6ebf.zip", 
            "scanned": "2016-09-26 21:43:31", 
            "malware_sha1": "95ad82f46f41b4d52973847dd094844a24c60b10"
        }
    ], 
    "_meta": {
        "tracking_code": "AUSCERT#2016c31da", 
        "dates": {
            "report": {
                "yearly": "2016", 
                "hourly": "2016-09-27-07", 
                "tz": null, 
                "monthly": "2016-09", 
                "daily": "2016-09-27", 
                "epoch": 1474933467.0, 
                "iso": "2016-09-27T07:44:27", 
                "obj": "2016-09-27T07:44:27"
            }, 
            "creating": {
                "yearly": "2016", 
                "hourly": "2016-10-31-15", 
                "tz": null, 
                "monthly": "2016-10", 
                "daily": "2016-10-31", 
                "epoch": 1477899802.0, 
                "iso": "2016-10-31T15:43:22.309435", 
                "obj": "2016-10-31T15:43:22.309435"
            }
        }, 
        "ids": {
            "origin_type_id": "auscert_ioc_sample", 
            "process_id": "cf30b2f2-68b2-41f5-b6c7-a7d812ebe7db", 
            "saving_dir_id": "auscert_ioc_sample/2016-10-31/cf30b2f2-68b2-41f5-b6c7-a7d812ebe7db", 
            "rule_id": "xxxxxxxxrule_id"
        }
    }, 
    "enrich": {
        "origin_type_id": "auscert_ioc_sample", 
        "origin_organization": {
            "brief_name": "AusCERT", 
            "category": "CERTS", 
            "name": "AusCERT"
        }, 
        "secret_level": "open", 
        "intelligence_type": {
            "category": "ioc", 
            "future_fields": {
                "url": [], 
                "ip": [], 
                "hash": [
                    "malware_md5", 
                    "malware_sha1", 
                    "malware_sha256"
                ]
            }, 
            "subcategory": "malware"
        }
    }, 
    "data_storage": {
        "saving_dir_id": "auscert_ioc_sample/2016-10-31/61173b8a-4b2b-4b52-a577-e53b6777d978", 
        "disk_saving_strategy": "BaseDir|OriginTypeId|YYMMDD|ProcessId|Data", 
        "storage_used": 3, 
        "month_reserved": 3
    }, 
    "report_futures": {
        "url": [], 
        "ip": [], 
        "hash": [
            {
                "values": [
                    "5ddfd784ca00302bdec771478b0dc9e2"
                ], 
                "name": "malware_md5"
            }, 
            {
                "values": [
                    "95ad82f46f41b4d52973847dd094844a24c60b10"
                ], 
                "name": "malware_sha1"
            }, 
            {
                "values": [
                    "b2b25a22d57f24e43ef86f95ed7a6b654627787572dd08988896d9d4ac32d4ed"
                ], 
                "name": "malware_sha256"
            }
        ]
    }
}