{
    "files": [
        {
            "actual_fn": "infected.zip", 
            "filename": "\"infected.zip\"", 
            "content-type": "application/x-zip-compressed", 
            "size": 39244
        }
    ], 
    "records": [
        {
            "malware_vt_report": "https://www.virustotal.com/file/3ea58170635a3efa709ab470dc361be8a8834b929bcb4a2971c1dca9ce234cfd/analysis/1475715675", 
            "malware_sha256": "3ea58170635a3efa709ab470dc361be8a8834b929bcb4a2971c1dca9ce234cfd", 
            "malware_md5": "0159ba92fba78528a8d5628d441fe067", 
            "malware_size": "19547 bytes", 
            "filename": "AGL_bill.zip", 
            "scanned": "2016-10-06 01:01:15", 
            "malware_sha1": "21d21dca27736f2acdae5efd11da29ae62fc0f57"
        }, 
        {
            "malware_vt_report": "https://www.virustotal.com/file/1ee6fbec8ab1bb4de67fd50d176a8feae256ec1c92629f9979c09ec667ec9fab/analysis/1475709983", 
            "malware_sha256": "1ee6fbec8ab1bb4de67fd50d176a8feae256ec1c92629f9979c09ec667ec9fab", 
            "malware_md5": "e1da155caceee95c4d66c6fc2736cb4c", 
            "malware_size": "19559 bytes", 
            "filename": "AUSPOST_parcel.zip", 
            "scanned": "2016-10-05 23:26:23", 
            "malware_sha1": "ea669193022768f774186d6e172df8651c76e164"
        }
    ], 
    "_meta": {
        "tracking_code": "AUSCERT#2016d0837", 
        "dates": {
            "report": {
                "yearly": "2016", 
                "hourly": "2016-10-08-07", 
                "monthly": "2016-10", 
                "daily": "2016-10-08", 
                "epoch": 1475883629.0, 
                "iso": "2016-10-08T07:40:29"
            }, 
            "creating": {
                "yearly": "2016", 
                "hourly": "2016-10-30-15", 
                "monthly": "2016-10", 
                "daily": "2016-10-30", 
                "epoch": 1477813755.0, 
                "iso": "2016-10-30T15:49:15.068276"
            }
        }, 
        "ids": {
            "origin_type_id": "auscert_ioc_sample", 
            "process_id": "f546ee14-5673-4588-b771-484fe243c2b9", 
            "saving_dir_id": "auscert_ioc_sample/2016-10-30/f546ee14-5673-4588-b771-484fe243c2b9", 
            "rule_id": "xxxxxxxxrule_id"
        }
    }, 
    "enrich": {
        "origin_type_id": "auscert_ioc_sample", 
        "origin_organization": {
            "brief_name": "AusCERT", 
            "category": "CERTS", 
            "name": "AusCERT"
        }, 
        "secret_level": "open", 
        "intelligence_type": {
            "category": "ioc", 
            "future_fields": {
                "url": [], 
                "ip": [], 
                "hash": [
                    "malware_md5", 
                    "malware_sha1", 
                    "malware_sha256"
                ]
            }, 
            "subcategory": "malware"
        }
    }, 
    "data_storage": {
        "saving_dir_id": "auscert_ioc_sample/2016-10-30/82b029c3-16da-4bd5-8ee7-52fddedb6def", 
        "disk_saving_strategy": "BaseDir|OriginTypeId|YYMMDD|ProcessId|Data", 
        "storage_used": 3, 
        "month_reserved": 3
    }, 
    "report_futures": {
        "url": [], 
        "ip": [], 
        "hash": [
            {
                "values": [
                    "0159ba92fba78528a8d5628d441fe067", 
                    "e1da155caceee95c4d66c6fc2736cb4c"
                ], 
                "name": "malware_md5"
            }, 
            {
                "values": [
                    "21d21dca27736f2acdae5efd11da29ae62fc0f57", 
                    "ea669193022768f774186d6e172df8651c76e164"
                ], 
                "name": "malware_sha1"
            }, 
            {
                "values": [
                    "3ea58170635a3efa709ab470dc361be8a8834b929bcb4a2971c1dca9ce234cfd", 
                    "1ee6fbec8ab1bb4de67fd50d176a8feae256ec1c92629f9979c09ec667ec9fab"
                ], 
                "name": "malware_sha256"
            }
        ]
    }
}