{
    "files": [
        {
            "actual_fn": "infected.zip", 
            "filename": "\"infected.zip\"", 
            "content-type": "application/x-zip-compressed", 
            "size": 9470
        }
    ], 
    "records": [
        {
            "malware_vt_report": "https://www.virustotal.com/file/e7ffdb3ec3a9241155bc9390059eb7784caadc3e0da01a2b2193fd2db298ae51/analysis/1475672185", 
            "malware_sha256": "e7ffdb3ec3a9241155bc9390059eb7784caadc3e0da01a2b2193fd2db298ae51", 
            "malware_md5": "ba0f7210bcc2e5ee84858ba7145d50b3", 
            "malware_size": "9147 bytes", 
            "filename": "complaint_letter_86a9eb8.zip", 
            "scanned": "2016-10-05 12:56:25", 
            "malware_sha1": "0826d862a438a2aa43bfc2c643d819021f275ecd"
        }
    ], 
    "_meta": {
        "tracking_code": "AUSCERT#2016bdc44", 
        "dates": {
            "report": {
                "yearly": "2016", 
                "hourly": "2016-10-08-07", 
                "tz": null, 
                "monthly": "2016-10", 
                "daily": "2016-10-08", 
                "epoch": 1475883608.0, 
                "iso": "2016-10-08T07:40:08", 
                "obj": "2016-10-08T07:40:08"
            }, 
            "creating": {
                "yearly": "2016", 
                "hourly": "2016-10-31-15", 
                "tz": null, 
                "monthly": "2016-10", 
                "daily": "2016-10-31", 
                "epoch": 1477899828.0, 
                "iso": "2016-10-31T15:43:48.180865", 
                "obj": "2016-10-31T15:43:48.180865"
            }
        }, 
        "ids": {
            "origin_type_id": "auscert_ioc_sample", 
            "process_id": "561cf21f-91a1-4547-9774-0aebf6cd73e0", 
            "saving_dir_id": "auscert_ioc_sample/2016-10-31/561cf21f-91a1-4547-9774-0aebf6cd73e0", 
            "rule_id": "xxxxxxxxrule_id"
        }
    }, 
    "enrich": {
        "origin_type_id": "auscert_ioc_sample", 
        "origin_organization": {
            "brief_name": "AusCERT", 
            "category": "CERTS", 
            "name": "AusCERT"
        }, 
        "secret_level": "open", 
        "intelligence_type": {
            "category": "ioc", 
            "future_fields": {
                "url": [], 
                "ip": [], 
                "hash": [
                    "malware_md5", 
                    "malware_sha1", 
                    "malware_sha256"
                ]
            }, 
            "subcategory": "malware"
        }
    }, 
    "data_storage": {
        "saving_dir_id": "auscert_ioc_sample/2016-10-31/61173b8a-4b2b-4b52-a577-e53b6777d978", 
        "disk_saving_strategy": "BaseDir|OriginTypeId|YYMMDD|ProcessId|Data", 
        "storage_used": 3, 
        "month_reserved": 3
    }, 
    "report_futures": {
        "url": [], 
        "ip": [], 
        "hash": [
            {
                "values": [
                    "ba0f7210bcc2e5ee84858ba7145d50b3"
                ], 
                "name": "malware_md5"
            }, 
            {
                "values": [
                    "0826d862a438a2aa43bfc2c643d819021f275ecd"
                ], 
                "name": "malware_sha1"
            }, 
            {
                "values": [
                    "e7ffdb3ec3a9241155bc9390059eb7784caadc3e0da01a2b2193fd2db298ae51"
                ], 
                "name": "malware_sha256"
            }
        ]
    }
}