{
    "files": [
        {
            "actual_fn": "infected.zip", 
            "filename": "\"infected.zip\"", 
            "content-type": "application/x-zip-compressed", 
            "size": 10101
        }
    ], 
    "records": [
        {
            "malware_vt_report": "https://www.virustotal.com/file/9464831f20ce2e42f58bb69a7c2dfde63e2817b45a726a37a19d64266b4b5e92/analysis/1474921943", 
            "malware_sha256": "9464831f20ce2e42f58bb69a7c2dfde63e2817b45a726a37a19d64266b4b5e92", 
            "malware_md5": "b769d2f7ae1e603bc053656380872355", 
            "malware_size": "10558 bytes", 
            "filename": "c9f3949b44.zip", 
            "scanned": "2016-09-26 20:32:23", 
            "malware_sha1": "b2b1671f17aa3a66b03945c9a09e26a141a3560f"
        }
    ], 
    "_meta": {
        "tracking_code": "AUSCERT#2016a4502", 
        "dates": {
            "report": {
                "yearly": "2016", 
                "hourly": "2016-09-27-07", 
                "monthly": "2016-09", 
                "daily": "2016-09-27", 
                "epoch": 1474933462.0, 
                "iso": "2016-09-27T07:44:22"
            }, 
            "creating": {
                "yearly": "2016", 
                "hourly": "2016-10-30-15", 
                "monthly": "2016-10", 
                "daily": "2016-10-30", 
                "epoch": 1477813725.0, 
                "iso": "2016-10-30T15:48:45.988879"
            }
        }, 
        "ids": {
            "origin_type_id": "auscert_ioc_sample", 
            "process_id": "8b38bc7f-fc7c-40d2-b902-71d4d837017c", 
            "saving_dir_id": "auscert_ioc_sample/2016-10-30/8b38bc7f-fc7c-40d2-b902-71d4d837017c", 
            "rule_id": "xxxxxxxxrule_id"
        }
    }, 
    "enrich": {
        "origin_type_id": "auscert_ioc_sample", 
        "origin_organization": {
            "brief_name": "AusCERT", 
            "category": "CERTS", 
            "name": "AusCERT"
        }, 
        "secret_level": "open", 
        "intelligence_type": {
            "category": "ioc", 
            "future_fields": {
                "url": [], 
                "ip": [], 
                "hash": [
                    "malware_md5", 
                    "malware_sha1", 
                    "malware_sha256"
                ]
            }, 
            "subcategory": "malware"
        }
    }, 
    "data_storage": {
        "saving_dir_id": "auscert_ioc_sample/2016-10-30/82b029c3-16da-4bd5-8ee7-52fddedb6def", 
        "disk_saving_strategy": "BaseDir|OriginTypeId|YYMMDD|ProcessId|Data", 
        "storage_used": 3, 
        "month_reserved": 3
    }, 
    "report_futures": {
        "url": [], 
        "ip": [], 
        "hash": [
            {
                "values": [
                    "b769d2f7ae1e603bc053656380872355"
                ], 
                "name": "malware_md5"
            }, 
            {
                "values": [
                    "b2b1671f17aa3a66b03945c9a09e26a141a3560f"
                ], 
                "name": "malware_sha1"
            }, 
            {
                "values": [
                    "9464831f20ce2e42f58bb69a7c2dfde63e2817b45a726a37a19d64266b4b5e92"
                ], 
                "name": "malware_sha256"
            }
        ]
    }
}