{
    "files": [
        {
            "actual_fn": "infected.zip", 
            "filename": "\"infected.zip\"", 
            "content-type": "application/x-zip-compressed", 
            "size": 11619
        }
    ], 
    "records": [
        {
            "malware_vt_report": "https://www.virustotal.com/file/d978877d6e0f8bfcbd24afa6174ca42db21199f2889a5b0ea502e7282394741c/analysis/1475792732", 
            "malware_sha256": "d978877d6e0f8bfcbd24afa6174ca42db21199f2889a5b0ea502e7282394741c", 
            "malware_md5": "6fadbcd6702ef24134d4dbec580e720b", 
            "malware_size": "11359 bytes", 
            "filename": "paychecks_40e116733.zip", 
            "scanned": "2016-10-06 22:25:32", 
            "malware_sha1": "6168813e9c4d2c7d77afa9fec96688a2f021688c"
        }
    ], 
    "_meta": {
        "tracking_code": "AUSCERT#2016c4d73", 
        "dates": {
            "report": {
                "yearly": "2016", 
                "hourly": "2016-10-08-07", 
                "tz": null, 
                "monthly": "2016-10", 
                "daily": "2016-10-08", 
                "epoch": 1475883621.0, 
                "iso": "2016-10-08T07:40:21", 
                "obj": "2016-10-08T07:40:21"
            }, 
            "creating": {
                "yearly": "2016", 
                "hourly": "2016-10-31-15", 
                "tz": null, 
                "monthly": "2016-10", 
                "daily": "2016-10-31", 
                "epoch": 1477899831.0, 
                "iso": "2016-10-31T15:43:51.832502", 
                "obj": "2016-10-31T15:43:51.832502"
            }
        }, 
        "ids": {
            "origin_type_id": "auscert_ioc_sample", 
            "process_id": "42229ed8-dccd-485c-b68f-83e49e8fd898", 
            "saving_dir_id": "auscert_ioc_sample/2016-10-31/42229ed8-dccd-485c-b68f-83e49e8fd898", 
            "rule_id": "xxxxxxxxrule_id"
        }
    }, 
    "enrich": {
        "origin_type_id": "auscert_ioc_sample", 
        "origin_organization": {
            "brief_name": "AusCERT", 
            "category": "CERTS", 
            "name": "AusCERT"
        }, 
        "secret_level": "open", 
        "intelligence_type": {
            "category": "ioc", 
            "future_fields": {
                "url": [], 
                "ip": [], 
                "hash": [
                    "malware_md5", 
                    "malware_sha1", 
                    "malware_sha256"
                ]
            }, 
            "subcategory": "malware"
        }
    }, 
    "data_storage": {
        "saving_dir_id": "auscert_ioc_sample/2016-10-31/61173b8a-4b2b-4b52-a577-e53b6777d978", 
        "disk_saving_strategy": "BaseDir|OriginTypeId|YYMMDD|ProcessId|Data", 
        "storage_used": 3, 
        "month_reserved": 3
    }, 
    "report_futures": {
        "url": [], 
        "ip": [], 
        "hash": [
            {
                "values": [
                    "6fadbcd6702ef24134d4dbec580e720b"
                ], 
                "name": "malware_md5"
            }, 
            {
                "values": [
                    "6168813e9c4d2c7d77afa9fec96688a2f021688c"
                ], 
                "name": "malware_sha1"
            }, 
            {
                "values": [
                    "d978877d6e0f8bfcbd24afa6174ca42db21199f2889a5b0ea502e7282394741c"
                ], 
                "name": "malware_sha256"
            }
        ]
    }
}