{
    "files": [
        {
            "actual_fn": "infected.zip", 
            "filename": "\"infected.zip\"", 
            "content-type": "application/x-zip-compressed", 
            "size": 25220
        }
    ], 
    "records": [
        {
            "malware_vt_report": "https://www.virustotal.com/file/d9610d463777fe5fda7051255448ff9514f4174dbf10d1ce20c15909de5e83e8/analysis/1475532648", 
            "malware_sha256": "d9610d463777fe5fda7051255448ff9514f4174dbf10d1ce20c15909de5e83e8", 
            "malware_md5": "5a12c7e93fa7019db46a4cbb90a658b0", 
            "malware_size": "10751 bytes", 
            "filename": "Travel_Itinerary-27e7487ce.zip", 
            "scanned": "2016-10-03 22:10:48", 
            "malware_sha1": "5fb0595b00c62c0b9df2a6241403ed9f8cd6ab14"
        }, 
        {
            "malware_vt_report": "https://www.virustotal.com/file/31b3b86b86b93d655b15c052535ec507810419c97f4cfbc9a0c5a4d6c72d0c0f/analysis/1475533743", 
            "malware_sha256": "31b3b86b86b93d655b15c052535ec507810419c97f4cfbc9a0c5a4d6c72d0c0f", 
            "malware_md5": "fba52d29468c154501382186f5168baf", 
            "malware_size": "10711 bytes", 
            "filename": "Travel_Itinerary-2c66b33f.zip", 
            "scanned": "2016-10-03 22:29:03", 
            "malware_sha1": "2a1a102def466b023edbbe2dcd0d367fbf8ecf53"
        }
    ], 
    "_meta": {
        "tracking_code": "AUSCERT#2016613da", 
        "dates": {
            "report": {
                "yearly": "2016", 
                "hourly": "2016-10-08-07", 
                "tz": null, 
                "monthly": "2016-10", 
                "daily": "2016-10-08", 
                "epoch": 1475883599.0, 
                "iso": "2016-10-08T07:39:59", 
                "obj": "2016-10-08T07:39:59"
            }, 
            "creating": {
                "yearly": "2016", 
                "hourly": "2016-10-31-15", 
                "tz": null, 
                "monthly": "2016-10", 
                "daily": "2016-10-31", 
                "epoch": 1477899825.0, 
                "iso": "2016-10-31T15:43:45.640682", 
                "obj": "2016-10-31T15:43:45.640682"
            }
        }, 
        "ids": {
            "origin_type_id": "auscert_ioc_sample", 
            "process_id": "378b881a-01f7-4d5b-9a3f-2b5c7da510a1", 
            "saving_dir_id": "auscert_ioc_sample/2016-10-31/378b881a-01f7-4d5b-9a3f-2b5c7da510a1", 
            "rule_id": "xxxxxxxxrule_id"
        }
    }, 
    "enrich": {
        "origin_type_id": "auscert_ioc_sample", 
        "origin_organization": {
            "brief_name": "AusCERT", 
            "category": "CERTS", 
            "name": "AusCERT"
        }, 
        "secret_level": "open", 
        "intelligence_type": {
            "category": "ioc", 
            "future_fields": {
                "url": [], 
                "ip": [], 
                "hash": [
                    "malware_md5", 
                    "malware_sha1", 
                    "malware_sha256"
                ]
            }, 
            "subcategory": "malware"
        }
    }, 
    "data_storage": {
        "saving_dir_id": "auscert_ioc_sample/2016-10-31/61173b8a-4b2b-4b52-a577-e53b6777d978", 
        "disk_saving_strategy": "BaseDir|OriginTypeId|YYMMDD|ProcessId|Data", 
        "storage_used": 3, 
        "month_reserved": 3
    }, 
    "report_futures": {
        "url": [], 
        "ip": [], 
        "hash": [
            {
                "values": [
                    "5a12c7e93fa7019db46a4cbb90a658b0", 
                    "fba52d29468c154501382186f5168baf"
                ], 
                "name": "malware_md5"
            }, 
            {
                "values": [
                    "5fb0595b00c62c0b9df2a6241403ed9f8cd6ab14", 
                    "2a1a102def466b023edbbe2dcd0d367fbf8ecf53"
                ], 
                "name": "malware_sha1"
            }, 
            {
                "values": [
                    "d9610d463777fe5fda7051255448ff9514f4174dbf10d1ce20c15909de5e83e8", 
                    "31b3b86b86b93d655b15c052535ec507810419c97f4cfbc9a0c5a4d6c72d0c0f"
                ], 
                "name": "malware_sha256"
            }
        ]
    }
}