{
    "files": [
        {
            "actual_fn": "infected.zip", 
            "filename": "\"infected.zip\"", 
            "content-type": "application/x-zip-compressed", 
            "size": 61355
        }
    ], 
    "records": [
        {
            "malware_vt_report": "https://www.virustotal.com/file/c4274ff4276c63d8372f79ae2ee786c4dbe0e8ed6da8f096ed91517c33dcc30e/analysis/1475092678", 
            "malware_sha256": "c4274ff4276c63d8372f79ae2ee786c4dbe0e8ed6da8f096ed91517c33dcc30e", 
            "malware_md5": "62554c0efbcda3bb6d9d3a3fc03352ae", 
            "malware_size": "8196 bytes", 
            "filename": "0000932293980_statement_000093229398051.zip", 
            "scanned": "2016-09-28 19:57:58", 
            "malware_sha1": "7d05c36504b105c88547524f85947d736557096a"
        }, 
        {
            "malware_vt_report": "https://www.virustotal.com/file/8627dbc1d723bee7f9cc64c65beed552f5d66ea802bdc3c017c375c2a383dfaa/analysis/1475086902", 
            "malware_sha256": "8627dbc1d723bee7f9cc64c65beed552f5d66ea802bdc3c017c375c2a383dfaa", 
            "malware_md5": "7e8f45e14e891af2e2a887b2b69cde1a", 
            "malware_size": "8155 bytes", 
            "filename": "0000832071895_statement_000083207189551.zip", 
            "scanned": "2016-09-28 18:21:42", 
            "malware_sha1": "ad28a98c51071c4c39ca8f6907a47db4a2847484"
        }, 
        {
            "malware_vt_report": "https://www.virustotal.com/file/d69db5408bdc69b1f20b53fa7acfa7c01da8ca0248ac0cfd7cfdb3830d907d7b/analysis/1475088979", 
            "malware_sha256": "d69db5408bdc69b1f20b53fa7acfa7c01da8ca0248ac0cfd7cfdb3830d907d7b", 
            "malware_md5": "634e3f8172cd4cd94e5e47ca95942bf6", 
            "malware_size": "8171 bytes", 
            "filename": "000010871051339_statement_00001087105133951.zip", 
            "scanned": "2016-09-28 18:56:19", 
            "malware_sha1": "b62d1dbd1a97489f233d810a708b216821573212"
        }, 
        {
            "malware_vt_report": "https://www.virustotal.com/file/ca0b7748d676cf3ad7ff203fc1ee7c4739ebddeaf9cb16e0880daaa600e5483e/analysis/1475088752", 
            "malware_sha256": "ca0b7748d676cf3ad7ff203fc1ee7c4739ebddeaf9cb16e0880daaa600e5483e", 
            "malware_md5": "fd7a26f3f3aa5db419c4b0869addef63", 
            "malware_size": "8172 bytes", 
            "filename": "000064883_statement_00006488351.zip", 
            "scanned": "2016-09-28 18:52:32", 
            "malware_sha1": "75976a26e8a4b92a2a2d411808193b06e699a463"
        }, 
        {
            "malware_vt_report": "https://www.virustotal.com/file/69e0520db58a4a9765540034ba7a888b3fda71ea3410cadd748b8add6c32e5ec/analysis/1475098631", 
            "malware_sha256": "69e0520db58a4a9765540034ba7a888b3fda71ea3410cadd748b8add6c32e5ec", 
            "malware_md5": "211f5434b5d47ae1056733785a822374", 
            "malware_size": "8188 bytes", 
            "filename": "0000766695539118_statement_000076669553911851.zip", 
            "scanned": "2016-09-28 21:37:11", 
            "malware_sha1": "6a9f5f9678f037522c01f72d32d78299a5bec943"
        }, 
        {
            "malware_vt_report": "https://www.virustotal.com/file/a27e7079046dabe3653efbe33c884c2a2c9fde5e0f0ad3f583afcdd0322fb26d/analysis/1475086802", 
            "malware_sha256": "a27e7079046dabe3653efbe33c884c2a2c9fde5e0f0ad3f583afcdd0322fb26d", 
            "malware_md5": "7fff23f6a85b819cded12d8cab804445", 
            "malware_size": "8155 bytes", 
            "filename": "0000063888_statement_000006388851.zip", 
            "scanned": "2016-09-28 18:20:02", 
            "malware_sha1": "ce8f747929d8aa2bc025a4cb576283ef1df57020"
        }
    ], 
    "_meta": {
        "tracking_code": "AUSCERT#2016b9fc4", 
        "dates": {
            "report": {
                "yearly": "2016", 
                "hourly": "2016-09-29-09", 
                "monthly": "2016-09", 
                "daily": "2016-09-29", 
                "epoch": 1475112416.0, 
                "iso": "2016-09-29T09:26:56"
            }, 
            "creating": {
                "yearly": "2016", 
                "hourly": "2016-10-30-15", 
                "monthly": "2016-10", 
                "daily": "2016-10-30", 
                "epoch": 1477813733.0, 
                "iso": "2016-10-30T15:48:53.462171"
            }
        }, 
        "ids": {
            "origin_type_id": "auscert_ioc_sample", 
            "process_id": "7b2cf7c4-6f96-48ab-b2ce-bdd4ef5038e0", 
            "saving_dir_id": "auscert_ioc_sample/2016-10-30/7b2cf7c4-6f96-48ab-b2ce-bdd4ef5038e0", 
            "rule_id": "xxxxxxxxrule_id"
        }
    }, 
    "enrich": {
        "origin_type_id": "auscert_ioc_sample", 
        "origin_organization": {
            "brief_name": "AusCERT", 
            "category": "CERTS", 
            "name": "AusCERT"
        }, 
        "secret_level": "open", 
        "intelligence_type": {
            "category": "ioc", 
            "future_fields": {
                "url": [], 
                "ip": [], 
                "hash": [
                    "malware_md5", 
                    "malware_sha1", 
                    "malware_sha256"
                ]
            }, 
            "subcategory": "malware"
        }
    }, 
    "data_storage": {
        "saving_dir_id": "auscert_ioc_sample/2016-10-30/82b029c3-16da-4bd5-8ee7-52fddedb6def", 
        "disk_saving_strategy": "BaseDir|OriginTypeId|YYMMDD|ProcessId|Data", 
        "storage_used": 3, 
        "month_reserved": 3
    }, 
    "report_futures": {
        "url": [], 
        "ip": [], 
        "hash": [
            {
                "values": [
                    "62554c0efbcda3bb6d9d3a3fc03352ae", 
                    "7e8f45e14e891af2e2a887b2b69cde1a", 
                    "634e3f8172cd4cd94e5e47ca95942bf6", 
                    "fd7a26f3f3aa5db419c4b0869addef63", 
                    "211f5434b5d47ae1056733785a822374", 
                    "7fff23f6a85b819cded12d8cab804445"
                ], 
                "name": "malware_md5"
            }, 
            {
                "values": [
                    "7d05c36504b105c88547524f85947d736557096a", 
                    "ad28a98c51071c4c39ca8f6907a47db4a2847484", 
                    "b62d1dbd1a97489f233d810a708b216821573212", 
                    "75976a26e8a4b92a2a2d411808193b06e699a463", 
                    "6a9f5f9678f037522c01f72d32d78299a5bec943", 
                    "ce8f747929d8aa2bc025a4cb576283ef1df57020"
                ], 
                "name": "malware_sha1"
            }, 
            {
                "values": [
                    "c4274ff4276c63d8372f79ae2ee786c4dbe0e8ed6da8f096ed91517c33dcc30e", 
                    "8627dbc1d723bee7f9cc64c65beed552f5d66ea802bdc3c017c375c2a383dfaa", 
                    "d69db5408bdc69b1f20b53fa7acfa7c01da8ca0248ac0cfd7cfdb3830d907d7b", 
                    "ca0b7748d676cf3ad7ff203fc1ee7c4739ebddeaf9cb16e0880daaa600e5483e", 
                    "69e0520db58a4a9765540034ba7a888b3fda71ea3410cadd748b8add6c32e5ec", 
                    "a27e7079046dabe3653efbe33c884c2a2c9fde5e0f0ad3f583afcdd0322fb26d"
                ], 
                "name": "malware_sha256"
            }
        ]
    }
}