{
    "files": [
        {
            "actual_fn": "infected.zip", 
            "filename": "\"infected.zip\"", 
            "content-type": "application/x-zip-compressed", 
            "size": 11513
        }
    ], 
    "records": [
        {
            "malware_vt_report": "https://www.virustotal.com/file/bd066064212b1f5136a113292b80b3310ed2dea4de71d7e0b8bfefc6cd7b762a/analysis/1475711756", 
            "malware_sha256": "bd066064212b1f5136a113292b80b3310ed2dea4de71d7e0b8bfefc6cd7b762a", 
            "malware_md5": "c765a59cbb107356aeec219b93b0191c", 
            "malware_size": "11227 bytes", 
            "filename": "Cancellation_Form_afdcdc744.zip", 
            "scanned": "2016-10-05 23:55:56", 
            "malware_sha1": "00ed1686dcb6747e70ad9fd5cb41ccfd56850803"
        }
    ], 
    "_meta": {
        "tracking_code": "AUSCERT#2016b1b1d", 
        "dates": {
            "report": {
                "yearly": "2016", 
                "hourly": "2016-10-08-07", 
                "monthly": "2016-10", 
                "daily": "2016-10-08", 
                "epoch": 1475883638.0, 
                "iso": "2016-10-08T07:40:38"
            }, 
            "creating": {
                "yearly": "2016", 
                "hourly": "2016-10-30-15", 
                "monthly": "2016-10", 
                "daily": "2016-10-30", 
                "epoch": 1477813757.0, 
                "iso": "2016-10-30T15:49:17.571847"
            }
        }, 
        "ids": {
            "origin_type_id": "auscert_ioc_sample", 
            "process_id": "645c847e-bb50-4204-8a8c-9138c588fb80", 
            "saving_dir_id": "auscert_ioc_sample/2016-10-30/645c847e-bb50-4204-8a8c-9138c588fb80", 
            "rule_id": "xxxxxxxxrule_id"
        }
    }, 
    "enrich": {
        "origin_type_id": "auscert_ioc_sample", 
        "origin_organization": {
            "brief_name": "AusCERT", 
            "category": "CERTS", 
            "name": "AusCERT"
        }, 
        "secret_level": "open", 
        "intelligence_type": {
            "category": "ioc", 
            "future_fields": {
                "url": [], 
                "ip": [], 
                "hash": [
                    "malware_md5", 
                    "malware_sha1", 
                    "malware_sha256"
                ]
            }, 
            "subcategory": "malware"
        }
    }, 
    "data_storage": {
        "saving_dir_id": "auscert_ioc_sample/2016-10-30/82b029c3-16da-4bd5-8ee7-52fddedb6def", 
        "disk_saving_strategy": "BaseDir|OriginTypeId|YYMMDD|ProcessId|Data", 
        "storage_used": 3, 
        "month_reserved": 3
    }, 
    "report_futures": {
        "url": [], 
        "ip": [], 
        "hash": [
            {
                "values": [
                    "c765a59cbb107356aeec219b93b0191c"
                ], 
                "name": "malware_md5"
            }, 
            {
                "values": [
                    "00ed1686dcb6747e70ad9fd5cb41ccfd56850803"
                ], 
                "name": "malware_sha1"
            }, 
            {
                "values": [
                    "bd066064212b1f5136a113292b80b3310ed2dea4de71d7e0b8bfefc6cd7b762a"
                ], 
                "name": "malware_sha256"
            }
        ]
    }
}