{
    "files": [
        {
            "actual_fn": "infected.zip", 
            "filename": "\"infected.zip\"", 
            "content-type": "application/x-zip-compressed", 
            "size": 10749
        }
    ], 
    "records": [
        {
            "malware_vt_report": "https://www.virustotal.com/file/1d47005062b9faaa2b6c8776244f0e8968864938b648f9e8eb5f246983ebc5c1/analysis/1475188150", 
            "malware_sha256": "1d47005062b9faaa2b6c8776244f0e8968864938b648f9e8eb5f246983ebc5c1", 
            "malware_md5": "11815fe08c30f324347b73cca3c14876", 
            "malware_size": "11057 bytes", 
            "filename": "transaction_copy_d0a19b30.zip", 
            "scanned": "2016-09-29 22:29:10", 
            "malware_sha1": "99bacfef6084c469182d5dcbd1c50f7059ce3ef7"
        }
    ], 
    "_meta": {
        "tracking_code": "AUSCERT#201643073", 
        "dates": {
            "report": {
                "yearly": "2016", 
                "hourly": "2016-09-30-08", 
                "monthly": "2016-09", 
                "daily": "2016-09-30", 
                "epoch": 1475196357.0, 
                "iso": "2016-09-30T08:45:57"
            }, 
            "creating": {
                "yearly": "2016", 
                "hourly": "2016-10-30-15", 
                "monthly": "2016-10", 
                "daily": "2016-10-30", 
                "epoch": 1477813737.0, 
                "iso": "2016-10-30T15:48:57.106725"
            }
        }, 
        "ids": {
            "origin_type_id": "auscert_ioc_sample", 
            "process_id": "38ae40df-0bef-477f-9eec-365eae9e07b2", 
            "saving_dir_id": "auscert_ioc_sample/2016-10-30/38ae40df-0bef-477f-9eec-365eae9e07b2", 
            "rule_id": "xxxxxxxxrule_id"
        }
    }, 
    "enrich": {
        "origin_type_id": "auscert_ioc_sample", 
        "origin_organization": {
            "brief_name": "AusCERT", 
            "category": "CERTS", 
            "name": "AusCERT"
        }, 
        "secret_level": "open", 
        "intelligence_type": {
            "category": "ioc", 
            "future_fields": {
                "url": [], 
                "ip": [], 
                "hash": [
                    "malware_md5", 
                    "malware_sha1", 
                    "malware_sha256"
                ]
            }, 
            "subcategory": "malware"
        }
    }, 
    "data_storage": {
        "saving_dir_id": "auscert_ioc_sample/2016-10-30/82b029c3-16da-4bd5-8ee7-52fddedb6def", 
        "disk_saving_strategy": "BaseDir|OriginTypeId|YYMMDD|ProcessId|Data", 
        "storage_used": 3, 
        "month_reserved": 3
    }, 
    "report_futures": {
        "url": [], 
        "ip": [], 
        "hash": [
            {
                "values": [
                    "11815fe08c30f324347b73cca3c14876"
                ], 
                "name": "malware_md5"
            }, 
            {
                "values": [
                    "99bacfef6084c469182d5dcbd1c50f7059ce3ef7"
                ], 
                "name": "malware_sha1"
            }, 
            {
                "values": [
                    "1d47005062b9faaa2b6c8776244f0e8968864938b648f9e8eb5f246983ebc5c1"
                ], 
                "name": "malware_sha256"
            }
        ]
    }
}