{
    "files": [
        {
            "actual_fn": "infected.zip", 
            "filename": "\"infected.zip\"", 
            "content-type": "application/x-zip-compressed", 
            "size": 8588
        }
    ], 
    "records": [
        {
            "malware_vt_report": "https://www.virustotal.com/file/8347d1e12e328374cb58d241ae8323a46431a2509e6d76ecb17142fb1900f7bf/analysis/1475204159", 
            "malware_sha256": "8347d1e12e328374cb58d241ae8323a46431a2509e6d76ecb17142fb1900f7bf", 
            "malware_md5": "0a8a244bf1de353a41894af0322184b9", 
            "malware_size": "8555 bytes", 
            "filename": "507374933884.zip", 
            "scanned": "2016-09-30 02:55:59", 
            "malware_sha1": "6321db4dc3cc0109905198881d62016b5a6ff0ab"
        }
    ], 
    "_meta": {
        "tracking_code": "AUSCERT#20161c61b", 
        "dates": {
            "report": {
                "yearly": "2016", 
                "hourly": "2016-10-08-07", 
                "monthly": "2016-10", 
                "daily": "2016-10-08", 
                "epoch": 1475883591.0, 
                "iso": "2016-10-08T07:39:51"
            }, 
            "creating": {
                "yearly": "2016", 
                "hourly": "2016-10-30-15", 
                "monthly": "2016-10", 
                "daily": "2016-10-30", 
                "epoch": 1477813744.0, 
                "iso": "2016-10-30T15:49:04.528719"
            }
        }, 
        "ids": {
            "origin_type_id": "auscert_ioc_sample", 
            "process_id": "24dae1a0-763c-4897-a20b-804ef5f309a4", 
            "saving_dir_id": "auscert_ioc_sample/2016-10-30/24dae1a0-763c-4897-a20b-804ef5f309a4", 
            "rule_id": "xxxxxxxxrule_id"
        }
    }, 
    "enrich": {
        "origin_type_id": "auscert_ioc_sample", 
        "origin_organization": {
            "brief_name": "AusCERT", 
            "category": "CERTS", 
            "name": "AusCERT"
        }, 
        "secret_level": "open", 
        "intelligence_type": {
            "category": "ioc", 
            "future_fields": {
                "url": [], 
                "ip": [], 
                "hash": [
                    "malware_md5", 
                    "malware_sha1", 
                    "malware_sha256"
                ]
            }, 
            "subcategory": "malware"
        }
    }, 
    "data_storage": {
        "saving_dir_id": "auscert_ioc_sample/2016-10-30/82b029c3-16da-4bd5-8ee7-52fddedb6def", 
        "disk_saving_strategy": "BaseDir|OriginTypeId|YYMMDD|ProcessId|Data", 
        "storage_used": 3, 
        "month_reserved": 3
    }, 
    "report_futures": {
        "url": [], 
        "ip": [], 
        "hash": [
            {
                "values": [
                    "0a8a244bf1de353a41894af0322184b9"
                ], 
                "name": "malware_md5"
            }, 
            {
                "values": [
                    "6321db4dc3cc0109905198881d62016b5a6ff0ab"
                ], 
                "name": "malware_sha1"
            }, 
            {
                "values": [
                    "8347d1e12e328374cb58d241ae8323a46431a2509e6d76ecb17142fb1900f7bf"
                ], 
                "name": "malware_sha256"
            }
        ]
    }
}