{
    "files": [
        {
            "actual_fn": "infected.zip", 
            "filename": "\"infected.zip\"", 
            "content-type": "application/x-zip-compressed", 
            "size": 14271
        }
    ], 
    "records": [
        {
            "malware_vt_report": "https://www.virustotal.com/file/05ed4da7dc327458c31866f197f6c24def789b0f975578766c9dbfdaf5854e4e/analysis/1475254427", 
            "malware_sha256": "05ed4da7dc327458c31866f197f6c24def789b0f975578766c9dbfdaf5854e4e", 
            "malware_md5": "953bc9f4786b91f48724d1be325252d4", 
            "malware_size": "10555 bytes", 
            "filename": "DHL_parcel_1ee33041.zip", 
            "scanned": "2016-09-30 16:53:47", 
            "malware_sha1": "e25c414ea552a08ebbbca8ffe31449366cba7f7c"
        }
    ], 
    "_meta": {
        "tracking_code": "AUSCERT#2016ad1e4", 
        "dates": {
            "report": {
                "yearly": "2016", 
                "hourly": "2016-10-08-07", 
                "monthly": "2016-10", 
                "daily": "2016-10-08", 
                "epoch": 1475883596.0, 
                "iso": "2016-10-08T07:39:56"
            }, 
            "creating": {
                "yearly": "2016", 
                "hourly": "2016-10-30-15", 
                "monthly": "2016-10", 
                "daily": "2016-10-30", 
                "epoch": 1477813746.0, 
                "iso": "2016-10-30T15:49:06.039957"
            }
        }, 
        "ids": {
            "origin_type_id": "auscert_ioc_sample", 
            "process_id": "d1a40c38-b04c-4087-a570-a9df62026ce7", 
            "saving_dir_id": "auscert_ioc_sample/2016-10-30/d1a40c38-b04c-4087-a570-a9df62026ce7", 
            "rule_id": "xxxxxxxxrule_id"
        }
    }, 
    "enrich": {
        "origin_type_id": "auscert_ioc_sample", 
        "origin_organization": {
            "brief_name": "AusCERT", 
            "category": "CERTS", 
            "name": "AusCERT"
        }, 
        "secret_level": "open", 
        "intelligence_type": {
            "category": "ioc", 
            "future_fields": {
                "url": [], 
                "ip": [], 
                "hash": [
                    "malware_md5", 
                    "malware_sha1", 
                    "malware_sha256"
                ]
            }, 
            "subcategory": "malware"
        }
    }, 
    "data_storage": {
        "saving_dir_id": "auscert_ioc_sample/2016-10-30/82b029c3-16da-4bd5-8ee7-52fddedb6def", 
        "disk_saving_strategy": "BaseDir|OriginTypeId|YYMMDD|ProcessId|Data", 
        "storage_used": 3, 
        "month_reserved": 3
    }, 
    "report_futures": {
        "url": [], 
        "ip": [], 
        "hash": [
            {
                "values": [
                    "953bc9f4786b91f48724d1be325252d4"
                ], 
                "name": "malware_md5"
            }, 
            {
                "values": [
                    "e25c414ea552a08ebbbca8ffe31449366cba7f7c"
                ], 
                "name": "malware_sha1"
            }, 
            {
                "values": [
                    "05ed4da7dc327458c31866f197f6c24def789b0f975578766c9dbfdaf5854e4e"
                ], 
                "name": "malware_sha256"
            }
        ]
    }
}