{
    "files": [
        {
            "actual_fn": "infected.zip", 
            "filename": "\"infected.zip\"", 
            "content-type": "application/x-zip-compressed", 
            "size": 25083
        }
    ], 
    "records": [
        {
            "malware_vt_report": "https://www.virustotal.com/file/436d958f4b9329aa599d13342fd4e6082f0c4c382138d485e3d1ba34a28b8473/analysis/1475530129", 
            "malware_sha256": "436d958f4b9329aa599d13342fd4e6082f0c4c382138d485e3d1ba34a28b8473", 
            "malware_md5": "2feddbcc626a1f850b029427be1db6c5", 
            "malware_size": "10784 bytes", 
            "filename": "Travel_Itinerary-d9946dee6.zip", 
            "scanned": "2016-10-03 21:28:49", 
            "malware_sha1": "2a9da7eef5cb27dc2803f4de303b9b93fff34d15"
        }, 
        {
            "malware_vt_report": "https://www.virustotal.com/file/4a26f603b94a085442e99e184ffd7957ab66d6ab4e5a6a0537b846ac717e297d/analysis/1475533104", 
            "malware_sha256": "4a26f603b94a085442e99e184ffd7957ab66d6ab4e5a6a0537b846ac717e297d", 
            "malware_md5": "ae81fb36e66590f9b2b5e1d32044d17f", 
            "malware_size": "10572 bytes", 
            "filename": "Travel_Itinerary-fbbcb3b.zip", 
            "scanned": "2016-10-03 22:18:24", 
            "malware_sha1": "3c6884cd6cddecc7aeb057ff51081fef9d9b2dfc"
        }
    ], 
    "_meta": {
        "tracking_code": "AUSCERT#2016d2b93", 
        "dates": {
            "report": {
                "yearly": "2016", 
                "hourly": "2016-10-08-07", 
                "monthly": "2016-10", 
                "daily": "2016-10-08", 
                "epoch": 1475883600.0, 
                "iso": "2016-10-08T07:40:00"
            }, 
            "creating": {
                "yearly": "2016", 
                "hourly": "2016-10-30-15", 
                "monthly": "2016-10", 
                "daily": "2016-10-30", 
                "epoch": 1477813746.0, 
                "iso": "2016-10-30T15:49:06.829931"
            }
        }, 
        "ids": {
            "origin_type_id": "auscert_ioc_sample", 
            "process_id": "72dda6cb-4f3c-439b-a7f2-af3e23e4b1d6", 
            "saving_dir_id": "auscert_ioc_sample/2016-10-30/72dda6cb-4f3c-439b-a7f2-af3e23e4b1d6", 
            "rule_id": "xxxxxxxxrule_id"
        }
    }, 
    "enrich": {
        "origin_type_id": "auscert_ioc_sample", 
        "origin_organization": {
            "brief_name": "AusCERT", 
            "category": "CERTS", 
            "name": "AusCERT"
        }, 
        "secret_level": "open", 
        "intelligence_type": {
            "category": "ioc", 
            "future_fields": {
                "url": [], 
                "ip": [], 
                "hash": [
                    "malware_md5", 
                    "malware_sha1", 
                    "malware_sha256"
                ]
            }, 
            "subcategory": "malware"
        }
    }, 
    "data_storage": {
        "saving_dir_id": "auscert_ioc_sample/2016-10-30/82b029c3-16da-4bd5-8ee7-52fddedb6def", 
        "disk_saving_strategy": "BaseDir|OriginTypeId|YYMMDD|ProcessId|Data", 
        "storage_used": 3, 
        "month_reserved": 3
    }, 
    "report_futures": {
        "url": [], 
        "ip": [], 
        "hash": [
            {
                "values": [
                    "2feddbcc626a1f850b029427be1db6c5", 
                    "ae81fb36e66590f9b2b5e1d32044d17f"
                ], 
                "name": "malware_md5"
            }, 
            {
                "values": [
                    "2a9da7eef5cb27dc2803f4de303b9b93fff34d15", 
                    "3c6884cd6cddecc7aeb057ff51081fef9d9b2dfc"
                ], 
                "name": "malware_sha1"
            }, 
            {
                "values": [
                    "436d958f4b9329aa599d13342fd4e6082f0c4c382138d485e3d1ba34a28b8473", 
                    "4a26f603b94a085442e99e184ffd7957ab66d6ab4e5a6a0537b846ac717e297d"
                ], 
                "name": "malware_sha256"
            }
        ]
    }
}