{
    "files": [
        {
            "actual_fn": "infected.zip", 
            "filename": "\"infected.zip\"", 
            "content-type": "application/x-zip-compressed", 
            "size": 25682
        }
    ], 
    "records": [
        {
            "malware_vt_report": "https://www.virustotal.com/file/228f7d3eb894b80695f0c4395d4d91b5e7ff162567dd8c6e07fb5115efafce6c/analysis/1475488972", 
            "malware_sha256": "228f7d3eb894b80695f0c4395d4d91b5e7ff162567dd8c6e07fb5115efafce6c", 
            "malware_md5": "de60f2b463135ea234f6ae74a0cc4241", 
            "malware_size": "10934 bytes", 
            "filename": "paperwork_scan_2fa82cf94.zip", 
            "scanned": "2016-10-03 10:02:52", 
            "malware_sha1": "9dfbbd39f061cebfb0a350a4e097ff4cbbbcc9ba"
        }, 
        {
            "malware_vt_report": "https://www.virustotal.com/file/100bcf352a2545743604a991c0bf8a27bce00822b29717227956353d5576fa32/analysis/1475515696", 
            "malware_sha256": "100bcf352a2545743604a991c0bf8a27bce00822b29717227956353d5576fa32", 
            "malware_md5": "587effd2af97f7ec203dbb5e8703f6e4", 
            "malware_size": "10906 bytes", 
            "filename": "paperwork_scan_dbfc7c5.zip", 
            "scanned": "2016-10-03 17:28:16", 
            "malware_sha1": "a8581c22e959228d05fc86d6ab81d5476f0399dc"
        }
    ], 
    "_meta": {
        "tracking_code": "AUSCERT#2016b9aab", 
        "dates": {
            "report": {
                "yearly": "2016", 
                "hourly": "2016-10-08-07", 
                "monthly": "2016-10", 
                "daily": "2016-10-08", 
                "epoch": 1475883575.0, 
                "iso": "2016-10-08T07:39:35"
            }, 
            "creating": {
                "yearly": "2016", 
                "hourly": "2016-10-30-15", 
                "monthly": "2016-10", 
                "daily": "2016-10-30", 
                "epoch": 1477813739.0, 
                "iso": "2016-10-30T15:48:59.144655"
            }
        }, 
        "ids": {
            "origin_type_id": "auscert_ioc_sample", 
            "process_id": "11505f5d-f6fb-45e2-81b0-659816e67ddd", 
            "saving_dir_id": "auscert_ioc_sample/2016-10-30/11505f5d-f6fb-45e2-81b0-659816e67ddd", 
            "rule_id": "xxxxxxxxrule_id"
        }
    }, 
    "enrich": {
        "origin_type_id": "auscert_ioc_sample", 
        "origin_organization": {
            "brief_name": "AusCERT", 
            "category": "CERTS", 
            "name": "AusCERT"
        }, 
        "secret_level": "open", 
        "intelligence_type": {
            "category": "ioc", 
            "future_fields": {
                "url": [], 
                "ip": [], 
                "hash": [
                    "malware_md5", 
                    "malware_sha1", 
                    "malware_sha256"
                ]
            }, 
            "subcategory": "malware"
        }
    }, 
    "data_storage": {
        "saving_dir_id": "auscert_ioc_sample/2016-10-30/82b029c3-16da-4bd5-8ee7-52fddedb6def", 
        "disk_saving_strategy": "BaseDir|OriginTypeId|YYMMDD|ProcessId|Data", 
        "storage_used": 3, 
        "month_reserved": 3
    }, 
    "report_futures": {
        "url": [], 
        "ip": [], 
        "hash": [
            {
                "values": [
                    "de60f2b463135ea234f6ae74a0cc4241", 
                    "587effd2af97f7ec203dbb5e8703f6e4"
                ], 
                "name": "malware_md5"
            }, 
            {
                "values": [
                    "9dfbbd39f061cebfb0a350a4e097ff4cbbbcc9ba", 
                    "a8581c22e959228d05fc86d6ab81d5476f0399dc"
                ], 
                "name": "malware_sha1"
            }, 
            {
                "values": [
                    "228f7d3eb894b80695f0c4395d4d91b5e7ff162567dd8c6e07fb5115efafce6c", 
                    "100bcf352a2545743604a991c0bf8a27bce00822b29717227956353d5576fa32"
                ], 
                "name": "malware_sha256"
            }
        ]
    }
}