{
    "files": [
        {
            "actual_fn": "infected.zip", 
            "filename": "\"infected.zip\"", 
            "content-type": "application/x-zip-compressed", 
            "size": 10038
        }
    ], 
    "records": [
        {
            "malware_vt_report": "https://www.virustotal.com/file/009c1552bd14fd5916ddd081e78e26b13e5d9418908ca1d49a05f9ce1ab0354d/analysis/1474920694", 
            "malware_sha256": "009c1552bd14fd5916ddd081e78e26b13e5d9418908ca1d49a05f9ce1ab0354d", 
            "malware_md5": "1d15e27aca6c39c35f2ebd0138b8db2b", 
            "malware_size": "11032 bytes", 
            "filename": "a4a0c05a5f78.zip", 
            "scanned": "2016-09-26 20:11:34", 
            "malware_sha1": "ba6546c8e73db6ed1071f5317c02888035ad39d6"
        }
    ], 
    "_meta": {
        "tracking_code": "AUSCERT#2016d9b55", 
        "dates": {
            "report": {
                "yearly": "2016", 
                "hourly": "2016-09-27-07", 
                "tz": null, 
                "monthly": "2016-09", 
                "daily": "2016-09-27", 
                "epoch": 1474933468.0, 
                "iso": "2016-09-27T07:44:28", 
                "obj": "2016-09-27T07:44:28"
            }, 
            "creating": {
                "yearly": "2016", 
                "hourly": "2016-10-31-15", 
                "tz": null, 
                "monthly": "2016-10", 
                "daily": "2016-10-31", 
                "epoch": 1477899802.0, 
                "iso": "2016-10-31T15:43:22.607230", 
                "obj": "2016-10-31T15:43:22.607230"
            }
        }, 
        "ids": {
            "origin_type_id": "auscert_ioc_sample", 
            "process_id": "12df75ca-78a6-40f1-8fd8-e363ae6c757c", 
            "saving_dir_id": "auscert_ioc_sample/2016-10-31/12df75ca-78a6-40f1-8fd8-e363ae6c757c", 
            "rule_id": "xxxxxxxxrule_id"
        }
    }, 
    "enrich": {
        "origin_type_id": "auscert_ioc_sample", 
        "origin_organization": {
            "brief_name": "AusCERT", 
            "category": "CERTS", 
            "name": "AusCERT"
        }, 
        "secret_level": "open", 
        "intelligence_type": {
            "category": "ioc", 
            "future_fields": {
                "url": [], 
                "ip": [], 
                "hash": [
                    "malware_md5", 
                    "malware_sha1", 
                    "malware_sha256"
                ]
            }, 
            "subcategory": "malware"
        }
    }, 
    "data_storage": {
        "saving_dir_id": "auscert_ioc_sample/2016-10-31/61173b8a-4b2b-4b52-a577-e53b6777d978", 
        "disk_saving_strategy": "BaseDir|OriginTypeId|YYMMDD|ProcessId|Data", 
        "storage_used": 3, 
        "month_reserved": 3
    }, 
    "report_futures": {
        "url": [], 
        "ip": [], 
        "hash": [
            {
                "values": [
                    "1d15e27aca6c39c35f2ebd0138b8db2b"
                ], 
                "name": "malware_md5"
            }, 
            {
                "values": [
                    "ba6546c8e73db6ed1071f5317c02888035ad39d6"
                ], 
                "name": "malware_sha1"
            }, 
            {
                "values": [
                    "009c1552bd14fd5916ddd081e78e26b13e5d9418908ca1d49a05f9ce1ab0354d"
                ], 
                "name": "malware_sha256"
            }
        ]
    }
}