{
    "files": [
        {
            "actual_fn": "infected.zip", 
            "filename": "\"infected.zip\"", 
            "content-type": "application/x-zip-compressed", 
            "size": 8127
        }
    ], 
    "records": [
        {
            "malware_vt_report": "https://www.virustotal.com/file/1c6b106f5b23c11fb511c90c3d7d5f2ad4cd44769900806eea46caf84b318e72/analysis/1475672810", 
            "malware_sha256": "1c6b106f5b23c11fb511c90c3d7d5f2ad4cd44769900806eea46caf84b318e72", 
            "malware_md5": "eee740f32f02b16af1bc5f194054028a", 
            "malware_size": "8069 bytes", 
            "filename": "DOC-20161005-WA000562.zip", 
            "scanned": "2016-10-05 13:06:50", 
            "malware_sha1": "6ca4aeafd027611c9318b9004782dbb91a3a1522"
        }
    ], 
    "_meta": {
        "tracking_code": "AUSCERT#2016295af", 
        "dates": {
            "report": {
                "yearly": "2016", 
                "hourly": "2016-10-08-07", 
                "tz": null, 
                "monthly": "2016-10", 
                "daily": "2016-10-08", 
                "epoch": 1475883630.0, 
                "iso": "2016-10-08T07:40:30", 
                "obj": "2016-10-08T07:40:30"
            }, 
            "creating": {
                "yearly": "2016", 
                "hourly": "2016-10-31-15", 
                "tz": null, 
                "monthly": "2016-10", 
                "daily": "2016-10-31", 
                "epoch": 1477899833.0, 
                "iso": "2016-10-31T15:43:53.995324", 
                "obj": "2016-10-31T15:43:53.995324"
            }
        }, 
        "ids": {
            "origin_type_id": "auscert_ioc_sample", 
            "process_id": "6ece33a0-facf-4451-bb5b-59f4bfd4562c", 
            "saving_dir_id": "auscert_ioc_sample/2016-10-31/6ece33a0-facf-4451-bb5b-59f4bfd4562c", 
            "rule_id": "xxxxxxxxrule_id"
        }
    }, 
    "enrich": {
        "origin_type_id": "auscert_ioc_sample", 
        "origin_organization": {
            "brief_name": "AusCERT", 
            "category": "CERTS", 
            "name": "AusCERT"
        }, 
        "secret_level": "open", 
        "intelligence_type": {
            "category": "ioc", 
            "future_fields": {
                "url": [], 
                "ip": [], 
                "hash": [
                    "malware_md5", 
                    "malware_sha1", 
                    "malware_sha256"
                ]
            }, 
            "subcategory": "malware"
        }
    }, 
    "data_storage": {
        "saving_dir_id": "auscert_ioc_sample/2016-10-31/61173b8a-4b2b-4b52-a577-e53b6777d978", 
        "disk_saving_strategy": "BaseDir|OriginTypeId|YYMMDD|ProcessId|Data", 
        "storage_used": 3, 
        "month_reserved": 3
    }, 
    "report_futures": {
        "url": [], 
        "ip": [], 
        "hash": [
            {
                "values": [
                    "eee740f32f02b16af1bc5f194054028a"
                ], 
                "name": "malware_md5"
            }, 
            {
                "values": [
                    "6ca4aeafd027611c9318b9004782dbb91a3a1522"
                ], 
                "name": "malware_sha1"
            }, 
            {
                "values": [
                    "1c6b106f5b23c11fb511c90c3d7d5f2ad4cd44769900806eea46caf84b318e72"
                ], 
                "name": "malware_sha256"
            }
        ]
    }
}