{
    "files": [
        {
            "actual_fn": "infected.zip", 
            "filename": "\"infected.zip\"", 
            "content-type": "application/x-zip-compressed", 
            "size": 12611
        }
    ], 
    "records": [
        {
            "malware_vt_report": "https://www.virustotal.com/file/da6eabd0696dc8f46f4b9fdc8c67ae1b43e8cf6d1e3ddbb801ebed271c0a7fce/analysis/1475529124", 
            "malware_sha256": "da6eabd0696dc8f46f4b9fdc8c67ae1b43e8cf6d1e3ddbb801ebed271c0a7fce", 
            "malware_md5": "66443429159579dfec140eeaf9b936fd", 
            "malware_size": "10751 bytes", 
            "filename": "Travel_Itinerary-be4891d0.zip", 
            "scanned": "2016-10-03 21:12:04", 
            "malware_sha1": "719c55ce05a46eb7f0090761f959de363e698b6e"
        }
    ], 
    "_meta": {
        "tracking_code": "AUSCERT#2016d57ea", 
        "dates": {
            "report": {
                "yearly": "2016", 
                "hourly": "2016-10-08-07", 
                "monthly": "2016-10", 
                "daily": "2016-10-08", 
                "epoch": 1475883597.0, 
                "iso": "2016-10-08T07:39:57"
            }, 
            "creating": {
                "yearly": "2016", 
                "hourly": "2016-10-30-15", 
                "monthly": "2016-10", 
                "daily": "2016-10-30", 
                "epoch": 1477813746.0, 
                "iso": "2016-10-30T15:49:06.280552"
            }
        }, 
        "ids": {
            "origin_type_id": "auscert_ioc_sample", 
            "process_id": "31ead108-103a-4811-b9f1-21dcfed9c1c2", 
            "saving_dir_id": "auscert_ioc_sample/2016-10-30/31ead108-103a-4811-b9f1-21dcfed9c1c2", 
            "rule_id": "xxxxxxxxrule_id"
        }
    }, 
    "enrich": {
        "origin_type_id": "auscert_ioc_sample", 
        "origin_organization": {
            "brief_name": "AusCERT", 
            "category": "CERTS", 
            "name": "AusCERT"
        }, 
        "secret_level": "open", 
        "intelligence_type": {
            "category": "ioc", 
            "future_fields": {
                "url": [], 
                "ip": [], 
                "hash": [
                    "malware_md5", 
                    "malware_sha1", 
                    "malware_sha256"
                ]
            }, 
            "subcategory": "malware"
        }
    }, 
    "data_storage": {
        "saving_dir_id": "auscert_ioc_sample/2016-10-30/82b029c3-16da-4bd5-8ee7-52fddedb6def", 
        "disk_saving_strategy": "BaseDir|OriginTypeId|YYMMDD|ProcessId|Data", 
        "storage_used": 3, 
        "month_reserved": 3
    }, 
    "report_futures": {
        "url": [], 
        "ip": [], 
        "hash": [
            {
                "values": [
                    "66443429159579dfec140eeaf9b936fd"
                ], 
                "name": "malware_md5"
            }, 
            {
                "values": [
                    "719c55ce05a46eb7f0090761f959de363e698b6e"
                ], 
                "name": "malware_sha1"
            }, 
            {
                "values": [
                    "da6eabd0696dc8f46f4b9fdc8c67ae1b43e8cf6d1e3ddbb801ebed271c0a7fce"
                ], 
                "name": "malware_sha256"
            }
        ]
    }
}