{
    "files": [
        {
            "actual_fn": "infected.zip", 
            "filename": "\"infected.zip\"", 
            "content-type": "application/x-zip-compressed", 
            "size": 8381
        }
    ], 
    "records": [
        {
            "malware_vt_report": "https://www.virustotal.com/file/310891cc1f208f721fd97887684f23bba36076de5c426cb2e952512923254c36/analysis/1474974226", 
            "malware_sha256": "310891cc1f208f721fd97887684f23bba36076de5c426cb2e952512923254c36", 
            "malware_md5": "b03a74613aab97b4debb8102ce22f0a4", 
            "malware_size": "8336 bytes", 
            "filename": "2709201615514269902000803.pdf.zip", 
            "scanned": "2016-09-27 11:03:46", 
            "malware_sha1": "19daea52ea804308e3d23853810767379f46ee96"
        }
    ], 
    "_meta": {
        "tracking_code": "AUSCERT#2016f9cbf", 
        "dates": {
            "report": {
                "yearly": "2016", 
                "hourly": "2016-09-28-08", 
                "tz": null, 
                "monthly": "2016-09", 
                "daily": "2016-09-28", 
                "epoch": 1475022395.0, 
                "iso": "2016-09-28T08:26:35", 
                "obj": "2016-09-28T08:26:35"
            }, 
            "creating": {
                "yearly": "2016", 
                "hourly": "2016-10-31-15", 
                "tz": null, 
                "monthly": "2016-10", 
                "daily": "2016-10-31", 
                "epoch": 1477899805.0, 
                "iso": "2016-10-31T15:43:25.550039", 
                "obj": "2016-10-31T15:43:25.550039"
            }
        }, 
        "ids": {
            "origin_type_id": "auscert_ioc_sample", 
            "process_id": "016cc285-45b6-4210-9512-7e9594f51fbf", 
            "saving_dir_id": "auscert_ioc_sample/2016-10-31/016cc285-45b6-4210-9512-7e9594f51fbf", 
            "rule_id": "xxxxxxxxrule_id"
        }
    }, 
    "enrich": {
        "origin_type_id": "auscert_ioc_sample", 
        "origin_organization": {
            "brief_name": "AusCERT", 
            "category": "CERTS", 
            "name": "AusCERT"
        }, 
        "secret_level": "open", 
        "intelligence_type": {
            "category": "ioc", 
            "future_fields": {
                "url": [], 
                "ip": [], 
                "hash": [
                    "malware_md5", 
                    "malware_sha1", 
                    "malware_sha256"
                ]
            }, 
            "subcategory": "malware"
        }
    }, 
    "data_storage": {
        "saving_dir_id": "auscert_ioc_sample/2016-10-31/61173b8a-4b2b-4b52-a577-e53b6777d978", 
        "disk_saving_strategy": "BaseDir|OriginTypeId|YYMMDD|ProcessId|Data", 
        "storage_used": 3, 
        "month_reserved": 3
    }, 
    "report_futures": {
        "url": [], 
        "ip": [], 
        "hash": [
            {
                "values": [
                    "b03a74613aab97b4debb8102ce22f0a4"
                ], 
                "name": "malware_md5"
            }, 
            {
                "values": [
                    "19daea52ea804308e3d23853810767379f46ee96"
                ], 
                "name": "malware_sha1"
            }, 
            {
                "values": [
                    "310891cc1f208f721fd97887684f23bba36076de5c426cb2e952512923254c36"
                ], 
                "name": "malware_sha256"
            }
        ]
    }
}