{
    "files": [
        {
            "actual_fn": "infected.zip", 
            "filename": "\"infected.zip\"", 
            "content-type": "application/x-zip-compressed", 
            "size": 25317
        }
    ], 
    "records": [
        {
            "malware_vt_report": "https://www.virustotal.com/file/855af6caa0dff0210b544438d2bdde7e4d5ecdb11e8429316338873d161573db/analysis/1475527209", 
            "malware_sha256": "855af6caa0dff0210b544438d2bdde7e4d5ecdb11e8429316338873d161573db", 
            "malware_md5": "6ccfbf886748b866409558c22da12297", 
            "malware_size": "10754 bytes", 
            "filename": "Travel_Itinerary-a492db7.zip", 
            "scanned": "2016-10-03 20:40:09", 
            "malware_sha1": "806626532ee91e7f6949bc145f833d245cab593a"
        }, 
        {
            "malware_vt_report": "https://www.virustotal.com/file/53687f35215018158ef39dc28f15aaba8f3c042bbdf2d01938c1154b62025965/analysis/1475535664", 
            "malware_sha256": "53687f35215018158ef39dc28f15aaba8f3c042bbdf2d01938c1154b62025965", 
            "malware_md5": "22f11dc0bf124e71aec79c8e0c190c4e", 
            "malware_size": "10754 bytes", 
            "filename": "Travel_Itinerary-32fa9351.zip", 
            "scanned": "2016-10-03 23:01:04", 
            "malware_sha1": "909507f8174a41ab5b288d36c8414159e9edb80c"
        }
    ], 
    "_meta": {
        "tracking_code": "AUSCERT#2016bdc04", 
        "dates": {
            "report": {
                "yearly": "2016", 
                "hourly": "2016-10-08-07", 
                "monthly": "2016-10", 
                "daily": "2016-10-08", 
                "epoch": 1475883590.0, 
                "iso": "2016-10-08T07:39:50"
            }, 
            "creating": {
                "yearly": "2016", 
                "hourly": "2016-10-30-15", 
                "monthly": "2016-10", 
                "daily": "2016-10-30", 
                "epoch": 1477813744.0, 
                "iso": "2016-10-30T15:49:04.289366"
            }
        }, 
        "ids": {
            "origin_type_id": "auscert_ioc_sample", 
            "process_id": "81693f16-01ef-4a8c-83c7-933d77f2d7c1", 
            "saving_dir_id": "auscert_ioc_sample/2016-10-30/81693f16-01ef-4a8c-83c7-933d77f2d7c1", 
            "rule_id": "xxxxxxxxrule_id"
        }
    }, 
    "enrich": {
        "origin_type_id": "auscert_ioc_sample", 
        "origin_organization": {
            "brief_name": "AusCERT", 
            "category": "CERTS", 
            "name": "AusCERT"
        }, 
        "secret_level": "open", 
        "intelligence_type": {
            "category": "ioc", 
            "future_fields": {
                "url": [], 
                "ip": [], 
                "hash": [
                    "malware_md5", 
                    "malware_sha1", 
                    "malware_sha256"
                ]
            }, 
            "subcategory": "malware"
        }
    }, 
    "data_storage": {
        "saving_dir_id": "auscert_ioc_sample/2016-10-30/82b029c3-16da-4bd5-8ee7-52fddedb6def", 
        "disk_saving_strategy": "BaseDir|OriginTypeId|YYMMDD|ProcessId|Data", 
        "storage_used": 3, 
        "month_reserved": 3
    }, 
    "report_futures": {
        "url": [], 
        "ip": [], 
        "hash": [
            {
                "values": [
                    "6ccfbf886748b866409558c22da12297", 
                    "22f11dc0bf124e71aec79c8e0c190c4e"
                ], 
                "name": "malware_md5"
            }, 
            {
                "values": [
                    "806626532ee91e7f6949bc145f833d245cab593a", 
                    "909507f8174a41ab5b288d36c8414159e9edb80c"
                ], 
                "name": "malware_sha1"
            }, 
            {
                "values": [
                    "855af6caa0dff0210b544438d2bdde7e4d5ecdb11e8429316338873d161573db", 
                    "53687f35215018158ef39dc28f15aaba8f3c042bbdf2d01938c1154b62025965"
                ], 
                "name": "malware_sha256"
            }
        ]
    }
}