{
    "files": [
        {
            "actual_fn": "infected.zip", 
            "filename": "\"infected.zip\"", 
            "content-type": "application/x-zip-compressed", 
            "size": 25279
        }
    ], 
    "records": [
        {
            "malware_vt_report": "https://www.virustotal.com/file/372cb09447a05e0109f9a39edcc22e60561ebd515a0feda758f81ab0e0f3d752/analysis/1475528950", 
            "malware_sha256": "372cb09447a05e0109f9a39edcc22e60561ebd515a0feda758f81ab0e0f3d752", 
            "malware_md5": "86a5f645f2df89c5fa69a578e9fc1042", 
            "malware_size": "10775 bytes", 
            "filename": "Travel_Itinerary-a486ecfa.zip", 
            "scanned": "2016-10-03 21:09:10", 
            "malware_sha1": "db3da2412f1e86454a6acaef740a19ddb6f73568"
        }, 
        {
            "malware_vt_report": "https://www.virustotal.com/file/656478790e75a19962b5ce1ee91fd199d6c704a9545e21ab30ee48517cbb4574/analysis/1475527501", 
            "malware_sha256": "656478790e75a19962b5ce1ee91fd199d6c704a9545e21ab30ee48517cbb4574", 
            "malware_md5": "ee1705ca62bae11b1c04db3c52852339", 
            "malware_size": "10754 bytes", 
            "filename": "Travel_Itinerary-739ad4e7.zip", 
            "scanned": "2016-10-03 20:45:01", 
            "malware_sha1": "881a65aa9d4a8a9330d8318dedea791e6641d450"
        }
    ], 
    "_meta": {
        "tracking_code": "AUSCERT#20162b659", 
        "dates": {
            "report": {
                "yearly": "2016", 
                "hourly": "2016-10-08-07", 
                "tz": null, 
                "monthly": "2016-10", 
                "daily": "2016-10-08", 
                "epoch": 1475883607.0, 
                "iso": "2016-10-08T07:40:07", 
                "obj": "2016-10-08T07:40:07"
            }, 
            "creating": {
                "yearly": "2016", 
                "hourly": "2016-10-31-15", 
                "tz": null, 
                "monthly": "2016-10", 
                "daily": "2016-10-31", 
                "epoch": 1477899827.0, 
                "iso": "2016-10-31T15:43:47.655155", 
                "obj": "2016-10-31T15:43:47.655155"
            }
        }, 
        "ids": {
            "origin_type_id": "auscert_ioc_sample", 
            "process_id": "27d47977-38a2-4a1e-bbd4-f582b3d5673d", 
            "saving_dir_id": "auscert_ioc_sample/2016-10-31/27d47977-38a2-4a1e-bbd4-f582b3d5673d", 
            "rule_id": "xxxxxxxxrule_id"
        }
    }, 
    "enrich": {
        "origin_type_id": "auscert_ioc_sample", 
        "origin_organization": {
            "brief_name": "AusCERT", 
            "category": "CERTS", 
            "name": "AusCERT"
        }, 
        "secret_level": "open", 
        "intelligence_type": {
            "category": "ioc", 
            "future_fields": {
                "url": [], 
                "ip": [], 
                "hash": [
                    "malware_md5", 
                    "malware_sha1", 
                    "malware_sha256"
                ]
            }, 
            "subcategory": "malware"
        }
    }, 
    "data_storage": {
        "saving_dir_id": "auscert_ioc_sample/2016-10-31/61173b8a-4b2b-4b52-a577-e53b6777d978", 
        "disk_saving_strategy": "BaseDir|OriginTypeId|YYMMDD|ProcessId|Data", 
        "storage_used": 3, 
        "month_reserved": 3
    }, 
    "report_futures": {
        "url": [], 
        "ip": [], 
        "hash": [
            {
                "values": [
                    "86a5f645f2df89c5fa69a578e9fc1042", 
                    "ee1705ca62bae11b1c04db3c52852339"
                ], 
                "name": "malware_md5"
            }, 
            {
                "values": [
                    "db3da2412f1e86454a6acaef740a19ddb6f73568", 
                    "881a65aa9d4a8a9330d8318dedea791e6641d450"
                ], 
                "name": "malware_sha1"
            }, 
            {
                "values": [
                    "372cb09447a05e0109f9a39edcc22e60561ebd515a0feda758f81ab0e0f3d752", 
                    "656478790e75a19962b5ce1ee91fd199d6c704a9545e21ab30ee48517cbb4574"
                ], 
                "name": "malware_sha256"
            }
        ]
    }
}