{
    "files": [
        {
            "actual_fn": "infected.zip", 
            "filename": "\"infected.zip\"", 
            "content-type": "application/x-zip-compressed", 
            "size": 10747
        }
    ], 
    "records": [
        {
            "malware_vt_report": "https://www.virustotal.com/file/7cf9f0ae65e925fe87eaaf3c18369f9b169fdec3bda477c28b7c3e6ffdcfe109/analysis/1475188187", 
            "malware_sha256": "7cf9f0ae65e925fe87eaaf3c18369f9b169fdec3bda477c28b7c3e6ffdcfe109", 
            "malware_md5": "adb046d23e1b6b5878350b981d535e69", 
            "malware_size": "11138 bytes", 
            "filename": "transaction_copy_61eed49.zip", 
            "scanned": "2016-09-29 22:29:47", 
            "malware_sha1": "ab13362dca15a83652f88c35cce62bbd0be57dc0"
        }
    ], 
    "_meta": {
        "tracking_code": "AUSCERT#201653bf8", 
        "dates": {
            "report": {
                "yearly": "2016", 
                "hourly": "2016-09-30-08", 
                "monthly": "2016-09", 
                "daily": "2016-09-30", 
                "epoch": 1475196345.0, 
                "iso": "2016-09-30T08:45:45"
            }, 
            "creating": {
                "yearly": "2016", 
                "hourly": "2016-10-30-15", 
                "monthly": "2016-10", 
                "daily": "2016-10-30", 
                "epoch": 1477813734.0, 
                "iso": "2016-10-30T15:48:54.656716"
            }
        }, 
        "ids": {
            "origin_type_id": "auscert_ioc_sample", 
            "process_id": "ee99ee8d-3845-46b5-96df-a4d863d6c699", 
            "saving_dir_id": "auscert_ioc_sample/2016-10-30/ee99ee8d-3845-46b5-96df-a4d863d6c699", 
            "rule_id": "xxxxxxxxrule_id"
        }
    }, 
    "enrich": {
        "origin_type_id": "auscert_ioc_sample", 
        "origin_organization": {
            "brief_name": "AusCERT", 
            "category": "CERTS", 
            "name": "AusCERT"
        }, 
        "secret_level": "open", 
        "intelligence_type": {
            "category": "ioc", 
            "future_fields": {
                "url": [], 
                "ip": [], 
                "hash": [
                    "malware_md5", 
                    "malware_sha1", 
                    "malware_sha256"
                ]
            }, 
            "subcategory": "malware"
        }
    }, 
    "data_storage": {
        "saving_dir_id": "auscert_ioc_sample/2016-10-30/82b029c3-16da-4bd5-8ee7-52fddedb6def", 
        "disk_saving_strategy": "BaseDir|OriginTypeId|YYMMDD|ProcessId|Data", 
        "storage_used": 3, 
        "month_reserved": 3
    }, 
    "report_futures": {
        "url": [], 
        "ip": [], 
        "hash": [
            {
                "values": [
                    "adb046d23e1b6b5878350b981d535e69"
                ], 
                "name": "malware_md5"
            }, 
            {
                "values": [
                    "ab13362dca15a83652f88c35cce62bbd0be57dc0"
                ], 
                "name": "malware_sha1"
            }, 
            {
                "values": [
                    "7cf9f0ae65e925fe87eaaf3c18369f9b169fdec3bda477c28b7c3e6ffdcfe109"
                ], 
                "name": "malware_sha256"
            }
        ]
    }
}