{
    "files": [
        {
            "actual_fn": "infected.zip", 
            "filename": "\"infected.zip\"", 
            "content-type": "application/x-zip-compressed", 
            "size": 11571
        }
    ], 
    "records": [
        {
            "malware_vt_report": "https://www.virustotal.com/file/771c7c100cd63f576ce43ebc92bce42a520e1bc8d0a875b8abf3f339c28788ce/analysis/1475802140", 
            "malware_sha256": "771c7c100cd63f576ce43ebc92bce42a520e1bc8d0a875b8abf3f339c28788ce", 
            "malware_md5": "094a0aec4d94daa9e90f3011f541a571", 
            "malware_size": "11356 bytes", 
            "filename": "paychecks_223510d.zip", 
            "scanned": "2016-10-07 01:02:20", 
            "malware_sha1": "0607b2e74070d4ec2c55661e46dfa5d512be5e8e"
        }
    ], 
    "_meta": {
        "tracking_code": "AUSCERT#2016253ed", 
        "dates": {
            "report": {
                "yearly": "2016", 
                "hourly": "2016-10-08-07", 
                "tz": null, 
                "monthly": "2016-10", 
                "daily": "2016-10-08", 
                "epoch": 1475883625.0, 
                "iso": "2016-10-08T07:40:25", 
                "obj": "2016-10-08T07:40:25"
            }, 
            "creating": {
                "yearly": "2016", 
                "hourly": "2016-10-31-15", 
                "tz": null, 
                "monthly": "2016-10", 
                "daily": "2016-10-31", 
                "epoch": 1477899832.0, 
                "iso": "2016-10-31T15:43:52.507153", 
                "obj": "2016-10-31T15:43:52.507153"
            }
        }, 
        "ids": {
            "origin_type_id": "auscert_ioc_sample", 
            "process_id": "4ed7977e-9657-4a1b-9a3e-210b9f98bc43", 
            "saving_dir_id": "auscert_ioc_sample/2016-10-31/4ed7977e-9657-4a1b-9a3e-210b9f98bc43", 
            "rule_id": "xxxxxxxxrule_id"
        }
    }, 
    "enrich": {
        "origin_type_id": "auscert_ioc_sample", 
        "origin_organization": {
            "brief_name": "AusCERT", 
            "category": "CERTS", 
            "name": "AusCERT"
        }, 
        "secret_level": "open", 
        "intelligence_type": {
            "category": "ioc", 
            "future_fields": {
                "url": [], 
                "ip": [], 
                "hash": [
                    "malware_md5", 
                    "malware_sha1", 
                    "malware_sha256"
                ]
            }, 
            "subcategory": "malware"
        }
    }, 
    "data_storage": {
        "saving_dir_id": "auscert_ioc_sample/2016-10-31/61173b8a-4b2b-4b52-a577-e53b6777d978", 
        "disk_saving_strategy": "BaseDir|OriginTypeId|YYMMDD|ProcessId|Data", 
        "storage_used": 3, 
        "month_reserved": 3
    }, 
    "report_futures": {
        "url": [], 
        "ip": [], 
        "hash": [
            {
                "values": [
                    "094a0aec4d94daa9e90f3011f541a571"
                ], 
                "name": "malware_md5"
            }, 
            {
                "values": [
                    "0607b2e74070d4ec2c55661e46dfa5d512be5e8e"
                ], 
                "name": "malware_sha1"
            }, 
            {
                "values": [
                    "771c7c100cd63f576ce43ebc92bce42a520e1bc8d0a875b8abf3f339c28788ce"
                ], 
                "name": "malware_sha256"
            }
        ]
    }
}