{
    "files": [
        {
            "actual_fn": "infected.zip", 
            "filename": "\"infected.zip\"", 
            "content-type": "application/x-zip-compressed", 
            "size": 7430
        }
    ], 
    "records": [
        {
            "malware_vt_report": "https://www.virustotal.com/file/35fdc90dbfba2e27b65824ef6860c8e5d66f52add33b7278327c9b5257a196c1/analysis/1475031225", 
            "malware_sha256": "35fdc90dbfba2e27b65824ef6860c8e5d66f52add33b7278327c9b5257a196c1", 
            "malware_md5": "5afbb5bc130d5061c880ca4a6a7bece3", 
            "malware_size": "7369 bytes", 
            "filename": "Document_No_591694402.zip", 
            "scanned": "2016-09-28 02:53:45", 
            "malware_sha1": "5213ece40efa0075a4102211f765c56232f3f373"
        }
    ], 
    "_meta": {
        "tracking_code": "AUSCERT#20167c844", 
        "dates": {
            "report": {
                "yearly": "2016", 
                "hourly": "2016-09-28-13", 
                "monthly": "2016-09", 
                "daily": "2016-09-28", 
                "epoch": 1475041499.0, 
                "iso": "2016-09-28T13:44:59"
            }, 
            "creating": {
                "yearly": "2016", 
                "hourly": "2016-10-30-15", 
                "monthly": "2016-10", 
                "daily": "2016-10-30", 
                "epoch": 1477813731.0, 
                "iso": "2016-10-30T15:48:51.624899"
            }
        }, 
        "ids": {
            "origin_type_id": "auscert_ioc_sample", 
            "process_id": "469aeddf-a29f-40c0-9674-cf4b06e9724f", 
            "saving_dir_id": "auscert_ioc_sample/2016-10-30/469aeddf-a29f-40c0-9674-cf4b06e9724f", 
            "rule_id": "xxxxxxxxrule_id"
        }
    }, 
    "enrich": {
        "origin_type_id": "auscert_ioc_sample", 
        "origin_organization": {
            "brief_name": "AusCERT", 
            "category": "CERTS", 
            "name": "AusCERT"
        }, 
        "secret_level": "open", 
        "intelligence_type": {
            "category": "ioc", 
            "future_fields": {
                "url": [], 
                "ip": [], 
                "hash": [
                    "malware_md5", 
                    "malware_sha1", 
                    "malware_sha256"
                ]
            }, 
            "subcategory": "malware"
        }
    }, 
    "data_storage": {
        "saving_dir_id": "auscert_ioc_sample/2016-10-30/82b029c3-16da-4bd5-8ee7-52fddedb6def", 
        "disk_saving_strategy": "BaseDir|OriginTypeId|YYMMDD|ProcessId|Data", 
        "storage_used": 3, 
        "month_reserved": 3
    }, 
    "report_futures": {
        "url": [], 
        "ip": [], 
        "hash": [
            {
                "values": [
                    "5afbb5bc130d5061c880ca4a6a7bece3"
                ], 
                "name": "malware_md5"
            }, 
            {
                "values": [
                    "5213ece40efa0075a4102211f765c56232f3f373"
                ], 
                "name": "malware_sha1"
            }, 
            {
                "values": [
                    "35fdc90dbfba2e27b65824ef6860c8e5d66f52add33b7278327c9b5257a196c1"
                ], 
                "name": "malware_sha256"
            }
        ]
    }
}