{
    "files": [
        {
            "actual_fn": "infected.zip", 
            "filename": "\"infected.zip\"", 
            "content-type": "application/x-zip-compressed", 
            "size": 11946
        }
    ], 
    "records": [
        {
            "malware_vt_report": "https://www.virustotal.com/file/aabf98c3d3feb1c44bc3cb9f959de921dc0ae93796ac234be44f4e3913564baf/analysis/1475600482", 
            "malware_sha256": "aabf98c3d3feb1c44bc3cb9f959de921dc0ae93796ac234be44f4e3913564baf", 
            "malware_md5": "b5e14c2c8a66f12be54922bc11757d71", 
            "malware_size": "9929 bytes", 
            "filename": "refund_scan_4d83c4361.zip", 
            "scanned": "2016-10-04 17:01:22", 
            "malware_sha1": "73d7632f2a8102d2f0e492c1343b8721f8285e8a"
        }
    ], 
    "_meta": {
        "tracking_code": "AUSCERT#2016e7259", 
        "dates": {
            "report": {
                "yearly": "2016", 
                "hourly": "2016-10-08-07", 
                "monthly": "2016-10", 
                "daily": "2016-10-08", 
                "epoch": 1475883581.0, 
                "iso": "2016-10-08T07:39:41"
            }, 
            "creating": {
                "yearly": "2016", 
                "hourly": "2016-10-30-15", 
                "monthly": "2016-10", 
                "daily": "2016-10-30", 
                "epoch": 1477813741.0, 
                "iso": "2016-10-30T15:49:01.414702"
            }
        }, 
        "ids": {
            "origin_type_id": "auscert_ioc_sample", 
            "process_id": "093194e4-9c8b-4534-8f1e-3dd981e31e4f", 
            "saving_dir_id": "auscert_ioc_sample/2016-10-30/093194e4-9c8b-4534-8f1e-3dd981e31e4f", 
            "rule_id": "xxxxxxxxrule_id"
        }
    }, 
    "enrich": {
        "origin_type_id": "auscert_ioc_sample", 
        "origin_organization": {
            "brief_name": "AusCERT", 
            "category": "CERTS", 
            "name": "AusCERT"
        }, 
        "secret_level": "open", 
        "intelligence_type": {
            "category": "ioc", 
            "future_fields": {
                "url": [], 
                "ip": [], 
                "hash": [
                    "malware_md5", 
                    "malware_sha1", 
                    "malware_sha256"
                ]
            }, 
            "subcategory": "malware"
        }
    }, 
    "data_storage": {
        "saving_dir_id": "auscert_ioc_sample/2016-10-30/82b029c3-16da-4bd5-8ee7-52fddedb6def", 
        "disk_saving_strategy": "BaseDir|OriginTypeId|YYMMDD|ProcessId|Data", 
        "storage_used": 3, 
        "month_reserved": 3
    }, 
    "report_futures": {
        "url": [], 
        "ip": [], 
        "hash": [
            {
                "values": [
                    "b5e14c2c8a66f12be54922bc11757d71"
                ], 
                "name": "malware_md5"
            }, 
            {
                "values": [
                    "73d7632f2a8102d2f0e492c1343b8721f8285e8a"
                ], 
                "name": "malware_sha1"
            }, 
            {
                "values": [
                    "aabf98c3d3feb1c44bc3cb9f959de921dc0ae93796ac234be44f4e3913564baf"
                ], 
                "name": "malware_sha256"
            }
        ]
    }
}