{
    "files": [
        {
            "actual_fn": "infected.zip", 
            "filename": "\"infected.zip\"", 
            "content-type": "application/x-zip-compressed", 
            "size": 15403
        }
    ], 
    "records": [
        {
            "malware_vt_report": "https://www.virustotal.com/file/5140fe4ea0180bb2f1ebab52e4142c0e9d9e9a3d519af390ec2ff83939b6c283/analysis/1475562133", 
            "malware_sha256": "5140fe4ea0180bb2f1ebab52e4142c0e9d9e9a3d519af390ec2ff83939b6c283", 
            "malware_md5": "8fe9cbafb322d89fe4769108cc24ef5b", 
            "malware_size": "8464 bytes", 
            "filename": "Bill_0771-04-10-2016.zip", 
            "scanned": "2016-10-04 06:22:13", 
            "malware_sha1": "eeff13821c631d963a4a9ed0906525c09d644fbd"
        }
    ], 
    "_meta": {
        "tracking_code": "AUSCERT#2016ef77f", 
        "dates": {
            "report": {
                "yearly": "2016", 
                "hourly": "2016-10-08-07", 
                "tz": null, 
                "monthly": "2016-10", 
                "daily": "2016-10-08", 
                "epoch": 1475883584.0, 
                "iso": "2016-10-08T07:39:44", 
                "obj": "2016-10-08T07:39:44"
            }, 
            "creating": {
                "yearly": "2016", 
                "hourly": "2016-10-31-15", 
                "tz": null, 
                "monthly": "2016-10", 
                "daily": "2016-10-31", 
                "epoch": 1477899818.0, 
                "iso": "2016-10-31T15:43:38.294372", 
                "obj": "2016-10-31T15:43:38.294372"
            }
        }, 
        "ids": {
            "origin_type_id": "auscert_ioc_sample", 
            "process_id": "6608c514-b746-44a7-b45a-aedf35a8d34c", 
            "saving_dir_id": "auscert_ioc_sample/2016-10-31/6608c514-b746-44a7-b45a-aedf35a8d34c", 
            "rule_id": "xxxxxxxxrule_id"
        }
    }, 
    "enrich": {
        "origin_type_id": "auscert_ioc_sample", 
        "origin_organization": {
            "brief_name": "AusCERT", 
            "category": "CERTS", 
            "name": "AusCERT"
        }, 
        "secret_level": "open", 
        "intelligence_type": {
            "category": "ioc", 
            "future_fields": {
                "url": [], 
                "ip": [], 
                "hash": [
                    "malware_md5", 
                    "malware_sha1", 
                    "malware_sha256"
                ]
            }, 
            "subcategory": "malware"
        }
    }, 
    "data_storage": {
        "saving_dir_id": "auscert_ioc_sample/2016-10-31/61173b8a-4b2b-4b52-a577-e53b6777d978", 
        "disk_saving_strategy": "BaseDir|OriginTypeId|YYMMDD|ProcessId|Data", 
        "storage_used": 3, 
        "month_reserved": 3
    }, 
    "report_futures": {
        "url": [], 
        "ip": [], 
        "hash": [
            {
                "values": [
                    "8fe9cbafb322d89fe4769108cc24ef5b"
                ], 
                "name": "malware_md5"
            }, 
            {
                "values": [
                    "eeff13821c631d963a4a9ed0906525c09d644fbd"
                ], 
                "name": "malware_sha1"
            }, 
            {
                "values": [
                    "5140fe4ea0180bb2f1ebab52e4142c0e9d9e9a3d519af390ec2ff83939b6c283"
                ], 
                "name": "malware_sha256"
            }
        ]
    }
}