{
    "files": [
        {
            "actual_fn": "infected.zip", 
            "filename": "\"infected.zip\"", 
            "content-type": "application/x-zip-compressed", 
            "size": 20317
        }
    ], 
    "records": [
        {
            "malware_vt_report": "https://www.virustotal.com/file/fb4a839e72e70bfa2a7f4a279d9924747589c464500ee0053c9c04ecf4600299/analysis/1475568189", 
            "malware_sha256": "fb4a839e72e70bfa2a7f4a279d9924747589c464500ee0053c9c04ecf4600299", 
            "malware_md5": "99037c5d4eb0d309d792e8ce42bf0d1f", 
            "malware_size": "8456 bytes", 
            "filename": "Bill_5930750-04-10-2016.zip", 
            "scanned": "2016-10-04 08:03:09", 
            "malware_sha1": "efa3884d2f0ecd44a26479d9ff4afeb2f29240f0"
        }, 
        {
            "malware_vt_report": "https://www.virustotal.com/file/8100cedfcf1e47bd96cdc5ebaf77988b3882d2543022589c680e9f64e0b2ba42/analysis/1475568189", 
            "malware_sha256": "8100cedfcf1e47bd96cdc5ebaf77988b3882d2543022589c680e9f64e0b2ba42", 
            "malware_md5": "3176fe61be63dc5072cfad651b8ac576", 
            "malware_size": "8479 bytes", 
            "filename": "Bill_013-04-10-2016.zip", 
            "scanned": "2016-10-04 08:03:09", 
            "malware_sha1": "71e34f25caa2c1dcdbea0f5ef321efde6d9f528a"
        }
    ], 
    "_meta": {
        "tracking_code": "AUSCERT#2016df332", 
        "dates": {
            "report": {
                "yearly": "2016", 
                "hourly": "2016-10-08-07", 
                "monthly": "2016-10", 
                "daily": "2016-10-08", 
                "epoch": 1475883574.0, 
                "iso": "2016-10-08T07:39:34"
            }, 
            "creating": {
                "yearly": "2016", 
                "hourly": "2016-10-30-15", 
                "monthly": "2016-10", 
                "daily": "2016-10-30", 
                "epoch": 1477813738.0, 
                "iso": "2016-10-30T15:48:58.879958"
            }
        }, 
        "ids": {
            "origin_type_id": "auscert_ioc_sample", 
            "process_id": "d913d281-ccd5-4f6c-aab3-d759e6f2a0a0", 
            "saving_dir_id": "auscert_ioc_sample/2016-10-30/d913d281-ccd5-4f6c-aab3-d759e6f2a0a0", 
            "rule_id": "xxxxxxxxrule_id"
        }
    }, 
    "enrich": {
        "origin_type_id": "auscert_ioc_sample", 
        "origin_organization": {
            "brief_name": "AusCERT", 
            "category": "CERTS", 
            "name": "AusCERT"
        }, 
        "secret_level": "open", 
        "intelligence_type": {
            "category": "ioc", 
            "future_fields": {
                "url": [], 
                "ip": [], 
                "hash": [
                    "malware_md5", 
                    "malware_sha1", 
                    "malware_sha256"
                ]
            }, 
            "subcategory": "malware"
        }
    }, 
    "data_storage": {
        "saving_dir_id": "auscert_ioc_sample/2016-10-30/82b029c3-16da-4bd5-8ee7-52fddedb6def", 
        "disk_saving_strategy": "BaseDir|OriginTypeId|YYMMDD|ProcessId|Data", 
        "storage_used": 3, 
        "month_reserved": 3
    }, 
    "report_futures": {
        "url": [], 
        "ip": [], 
        "hash": [
            {
                "values": [
                    "99037c5d4eb0d309d792e8ce42bf0d1f", 
                    "3176fe61be63dc5072cfad651b8ac576"
                ], 
                "name": "malware_md5"
            }, 
            {
                "values": [
                    "efa3884d2f0ecd44a26479d9ff4afeb2f29240f0", 
                    "71e34f25caa2c1dcdbea0f5ef321efde6d9f528a"
                ], 
                "name": "malware_sha1"
            }, 
            {
                "values": [
                    "fb4a839e72e70bfa2a7f4a279d9924747589c464500ee0053c9c04ecf4600299", 
                    "8100cedfcf1e47bd96cdc5ebaf77988b3882d2543022589c680e9f64e0b2ba42"
                ], 
                "name": "malware_sha256"
            }
        ]
    }
}