{
    "files": [
        {
            "actual_fn": "infected.zip", 
            "filename": "\"infected.zip\"", 
            "content-type": "application/x-zip-compressed", 
            "size": 32698
        }
    ], 
    "records": [
        {
            "malware_vt_report": "https://www.virustotal.com/file/6199d761e74899fbb138102d6d60f221b4f7affffd37473d1547ae15fc3b972c/analysis/1475729444", 
            "malware_sha256": "6199d761e74899fbb138102d6d60f221b4f7affffd37473d1547ae15fc3b972c", 
            "malware_md5": "c0f3062ed71b9498a91d5142ca476573", 
            "malware_size": "32670 bytes", 
            "filename": "20161005_02635166_Invoice.zip", 
            "scanned": "2016-10-06 04:50:44", 
            "malware_sha1": "c61b12f5e0e0784725163207ab6a358d3b02e3aa"
        }
    ], 
    "_meta": {
        "tracking_code": "AUSCERT#2016958eb", 
        "dates": {
            "report": {
                "yearly": "2016", 
                "hourly": "2016-10-08-07", 
                "tz": null, 
                "monthly": "2016-10", 
                "daily": "2016-10-08", 
                "epoch": 1475883639.0, 
                "iso": "2016-10-08T07:40:39", 
                "obj": "2016-10-08T07:40:39"
            }, 
            "creating": {
                "yearly": "2016", 
                "hourly": "2016-10-31-15", 
                "tz": null, 
                "monthly": "2016-10", 
                "daily": "2016-10-31", 
                "epoch": 1477899836.0, 
                "iso": "2016-10-31T15:43:56.618034", 
                "obj": "2016-10-31T15:43:56.618034"
            }
        }, 
        "ids": {
            "origin_type_id": "auscert_ioc_sample", 
            "process_id": "58e27a47-6b19-425e-888d-e585ae182ed0", 
            "saving_dir_id": "auscert_ioc_sample/2016-10-31/58e27a47-6b19-425e-888d-e585ae182ed0", 
            "rule_id": "xxxxxxxxrule_id"
        }
    }, 
    "enrich": {
        "origin_type_id": "auscert_ioc_sample", 
        "origin_organization": {
            "brief_name": "AusCERT", 
            "category": "CERTS", 
            "name": "AusCERT"
        }, 
        "secret_level": "open", 
        "intelligence_type": {
            "category": "ioc", 
            "future_fields": {
                "url": [], 
                "ip": [], 
                "hash": [
                    "malware_md5", 
                    "malware_sha1", 
                    "malware_sha256"
                ]
            }, 
            "subcategory": "malware"
        }
    }, 
    "data_storage": {
        "saving_dir_id": "auscert_ioc_sample/2016-10-31/61173b8a-4b2b-4b52-a577-e53b6777d978", 
        "disk_saving_strategy": "BaseDir|OriginTypeId|YYMMDD|ProcessId|Data", 
        "storage_used": 3, 
        "month_reserved": 3
    }, 
    "report_futures": {
        "url": [], 
        "ip": [], 
        "hash": [
            {
                "values": [
                    "c0f3062ed71b9498a91d5142ca476573"
                ], 
                "name": "malware_md5"
            }, 
            {
                "values": [
                    "c61b12f5e0e0784725163207ab6a358d3b02e3aa"
                ], 
                "name": "malware_sha1"
            }, 
            {
                "values": [
                    "6199d761e74899fbb138102d6d60f221b4f7affffd37473d1547ae15fc3b972c"
                ], 
                "name": "malware_sha256"
            }
        ]
    }
}